/* Generated by tools/sprite_convert.py. cropped from assets/character-sheet.png.
 * 144x144, row-major, st7789_rgb565() byte order (not pre-swapped).
 * Paper background is st7789_rgb565(251, 251, 240) = 0xFFDE.
 * static const: both frames stay in flash (.rodata), 82944 bytes total. */
#ifndef PUPPY_SPRITES_H
#define PUPPY_SPRITES_H
#include <stdint.h>

#define PUPPY_W  144u
#define PUPPY_H  144u
#define PUPPY_BG 0xFFDEu

static const uint16_t puppy_default[20736] = {
    0xFFDE, 0xFFDE, 0xFFDE, 0xFFDE, 0xFFDE, 0xFFDE, 0xFFDE, 0xFFDE, 0xFFDE, 0xFFDE, 0xFFDE, 0xFFDE,
    0xFFDE, 0xFFDE, 0xFFDE, 0xFFDE, 0xFFDE, 0xFFDE, 0xFFDE, 0xFFDE, 0xFFDE, 0xFFDE, 0xFFDE, 0xFFDE,
    0xFFDE, 0xFFDE, 0xFFDE, 0xFFDE, 0xFFDE, 0xFFDE, 0xFFDE, 0xFFDE, 0xFFDE, 0xFFDE, 0xFFDE, 0xFFDE,
    0xFFDE, 0xFFDE, 0xFFDE, 0xFFDE, 0xFFDE, 0xFFDE, 0xFFDE, 0xFFDE, 0xFFDE, 0xFFDE, 0xFFDE, 0xFFDE,
    0xFFDE, 0xFFDE, 0xFFDE, 0xFFDE, 0xFFDE, 0xFFDE, 0xFFDE, 0xFFDE, 0xFFDE, 0xFFDE, 0xFFDE, 0xFFDE,
    0xFFDE, 0xFFDE, 0xFFDE, 0xFFDE, 0xFFDE, 0xFFDE, 0xFFDE, 0xFFDE, 0xFFDE, 0xFFDE, 0xFFDE, 0x5B0C,
    0x2988, 0x2167, 0x2167, 0x2167, 0x2187, 0x2187, 0x2167, 0x2167, 0x2147, 0x2147, 0x2147, 0x1926,
    0x1926, 0x2147, 0x422A, 0xDEFA, 0xFFDE, 0xFFDE, 0xFFDE, 0xFFDE, 0xFFDE, 0xFFDE, 0xFFDE, 0xFFDE,
    0xFFDE, 0xFFDE, 0xFFDE, 0xFFDE, 0xFFDE, 0xFFDE, 0xFFDE, 0xFFDE, 0xFFDE, 0xFFDE, 0xFFDE, 0xFFDE,
    0xFFDE, 0xFFDE, 0xFFDE, 0xFFDE, 0xFFDE, 0xFFDE, 0xFFDE, 0xFFDE, 0xFFDE, 0xFFDE, 0xFFDE, 0xFFDE,
    0xFFDE, 0xFFDE, 0xFFDE, 0xFFDE, 0xFFDE, 0xFECE, 0xFEAC, 0xFEAD, 0xFEAC, 0xFF13, 0xFFDE, 0xFFDE,
    0xFFDE, 0xFFDE, 0xFFDE, 0xFFDE, 0xFFDE, 0xFFDE, 0xFFDE, 0xFFDE, 0xFFDE, 0xFFDE, 0xFFDE, 0xFFDE,
    0xFFDE, 0xFFDE, 0xFFDE, 0xFFDE, 0xFFDE, 0xFFDE, 0xFFDE, 0xFFDE, 0xFFDE, 0xFFDE, 0xFFDE, 0xFFDE,
    0xFFDE, 0xFFDE, 0xFFDE, 0xFFDE, 0xFFDE, 0xFFDE, 0xFFDE, 0xFFDE, 0xFFDE, 0xFFDE, 0xFFDE, 0xFFDE,
    0xFFDE, 0xFFDE, 0xFFDE, 0xFFDE, 0xFFDE, 0xFFDE, 0xFFDE, 0xFFDE, 0xFFDE, 0xFFDE, 0xFFDE, 0xFFDE,
    0xFFDE, 0xFFDE, 0xFFDE, 0xFFDE, 0xFFDE, 0xFFDE, 0xFFDE, 0xFFDE, 0xFFDE, 0xFFDE, 0xFFDE, 0xFFDE,
    0xFFDE, 0xFFDE, 0xFFDE, 0xFFDE, 0xFFDE, 0xFFDE, 0xFFDE, 0xFFDE, 0xFFDE, 0xFFDE, 0xFFDE, 0xFFDE,
    0xFFDE, 0xFFDE, 0xFFDE, 0xFFDE, 0xFFDE, 0xFFDE, 0xFFDE, 0xFFDE, 0xFFDE, 0xFFDE, 0x9491, 0x31A8,
    0x29A8, 0x29A8, 0x29A8, 0x29A8, 0x29A8, 0x29A8, 0x29A8, 0x29A8, 0x2988, 0x2988, 0x2988, 0x2967,
    0x2167, 0x2988, 0x3A09, 0xD6B9, 0xFFDE, 0xFFDE, 0xFFDE, 0xFFDE, 0xFFDE, 0xFFDE, 0xFFDE, 0xFFDE,
    0xFFDE, 0xFFDE, 0xFFDE, 0xFFDE, 0xFFDE, 0xFFDE, 0xFFDE, 0xFFDE, 0xFFDE, 0xFFDE, 0xFFDE, 0xFFDE,
    0xFFDE, 0xFFDE, 0xFFDE, 0xFFDE, 0xFFDE, 0xFFDE, 0xFFDE, 0xFFDE, 0xFFDE, 0xFFDE, 0xFFDE, 0xFFDE,
    0xFFDE, 0xFFDE, 0xFFDE, 0xFFDE, 0xFFDE, 0xFECD, 0xFEAC, 0xFEAC, 0xFEAB, 0xFF12, 0xFFDE, 0xFFDE,
    0xFFDE, 0xFFDE, 0xFFDE, 0xFFDE, 0xFFDE, 0xFFDE, 0xFFDE, 0xFFDE, 0xFFDE, 0xFFDE, 0xFFDE, 0xFFDE,
    0xFFDE, 0xFFDE, 0xFFDE, 0xFFDE, 0xFFDE, 0xFFDE, 0xFFDE, 0xFFDE, 0xFFDE, 0xFFDE, 0xFFDE, 0xFFDE,
    0xFFDE, 0xFFDE, 0xFFDE, 0xFFDE, 0xFFDE, 0xFFDE, 0xFFDE, 0xFFDE, 0xFFDE, 0xFFDE, 0xFFDE, 0xFFDE,
    0xFFDE, 0xFFDE, 0xFFDE, 0xFFDE, 0xFFDE, 0xFFDE, 0xFFDE, 0xFFDE, 0xFFDE, 0xFFDE, 0xFFDE, 0xFFDE,
    0xFFDE, 0xFFDE, 0xFFDE, 0xFFDE, 0xFFDE, 0xFFDE, 0xFFDE, 0xFFDE, 0xFFDE, 0xFFDE, 0xFFDE, 0xFFDE,
    0xFFDE, 0xFFDE, 0xFFDE, 0xFFDE, 0xFFDE, 0xFFDE, 0xFFDE, 0xFFDE, 0xFFDE, 0xFFDE, 0xFFDE, 0xFFDE,
    0xFFDE, 0xFFDE, 0xFFDE, 0xFFDE, 0xFFDE, 0xFFDE, 0xFFDE, 0xFFDE, 0xFFDE, 0xEF3C, 0x5ACB, 0x10C5,
    0x2987, 0x29A8, 0x31A8, 0x31A8, 0x31A8, 0x31C8, 0x31C8, 0x31A8, 0x31A8, 0x29A8, 0x29A8, 0x29A8,
    0x2987, 0x29A8, 0x3A29, 0xCE78, 0xFFDE, 0xFFDE, 0xFFDE, 0xFFDE, 0xFFDE, 0xFFDE, 0xFFDE, 0xFFDE,
    0xFFDE, 0xFFDE, 0xFFDE, 0xFFDE, 0xFFDE, 0xFFDE, 0xFFDE, 0xFFDE, 0xFFDE, 0xFFDE, 0xFFDE, 0xFFDE,
    0xFFDE, 0xFFDE, 0xFFDE, 0xFFDE, 0xFFDE, 0xFFDE, 0xFFDE, 0xFFDE, 0xFFDE, 0xFFDE, 0xFFDE, 0xFFDE,
    0xFFDE, 0xFFDE, 0xFFDE, 0xFFDE, 0xFFDE, 0xFEAD, 0xFEAB, 0xFEAC, 0xFEAB, 0xFF11, 0xFFDE, 0xFFDE,
    0xFFDE, 0xFFDE, 0xFFDE, 0xFFDE, 0xFFDE, 0xFFDE, 0xFFDE, 0xFFDE, 0xFFDE, 0xFFDE, 0xFFDE, 0xFFDE,
    0xFFDE, 0xFFDE, 0xFFDE, 0xFFDE, 0xFFDE, 0xFFDE, 0xFFDE, 0xFFDE, 0xFFDE, 0xFFDE, 0xFFDE, 0xFFDE,
    0xFFDE, 0xFFDE, 0xFFDE, 0xFFDE, 0xFFDE, 0xFFDE, 0xFFDE, 0xFFDE, 0xFFDE, 0xFFDE, 0xFFDE, 0xFFDE,
    0xFFDE, 0xFFDE, 0xFFDE, 0xFFDE, 0xFFDE, 0xFFDE, 0xFFDE, 0xFFDE, 0xFFDE, 0xFFDE, 0xFFDE, 0xFFDE,
    0xFFDE, 0xFFDE, 0xFFDE, 0xFFDE, 0xFFDE, 0xFFDE, 0xFFDE, 0xFFDE, 0xFFDE, 0xFFDE, 0xFFDE, 0xFFDE,
    0xFFDE, 0xFFDE, 0xFFDE, 0xFFDE, 0xFFDE, 0xFFDE, 0xFFDE, 0xFFDE, 0xFFDE, 0xFFDE, 0xFFDE, 0xFFDE,
    0xFFDE, 0xFFDE, 0xFFDE, 0xFFDE, 0xFFDE, 0xFFDE, 0xFFDE, 0xFFDE, 0xFFDE, 0xE73B, 0x5AEC, 0x18E6,
    0x31A8, 0x31C8, 0x31C9, 0x31C9, 0x31C9, 0x31C9, 0x31C9, 0x31A8, 0x31C8, 0x31A8, 0x31A8, 0x29A8,
    0x2987, 0x31A8, 0x3A09, 0xCE58, 0xFFDE, 0xFFDE, 0xFFDE, 0xFFDE, 0xFFDE, 0xFFDE, 0xFFDE, 0xFFDE,
    0xFFDE, 0xFFDE, 0xFFDE, 0xFFDE, 0xFFDE, 0xFFDE, 0xFFDE, 0xFFDE, 0xFFDE, 0xFFDE, 0xFFDE, 0xFFDE,
    0xFFDE, 0xFFDE, 0xFFDE, 0xFFDE, 0xFFDE, 0xFFDE, 0xFFDE, 0xFFDE, 0xFFDE, 0xFFDE, 0xFFDE, 0xFFDE,
    0xFFDE, 0xFFDE, 0xFFDE, 0xFFDE, 0xFFDE, 0xFEAC, 0xFEAB, 0xFEAC, 0xFEAA, 0xFED0, 0xFFDE, 0xFFDE,
    0xFFDE, 0xFFDE, 0xFFDE, 0xFFDE, 0xFFDE, 0xFFDE, 0xFFDE, 0xFFDE, 0xFFDE, 0xFFDE, 0xFFDE, 0xFFDE,
    0xFFDE, 0xFFDE, 0xFFDE, 0xFFDE, 0xFFDE, 0xFFDE, 0xFFDE, 0xFFDE, 0xFFDE, 0xFFDE, 0xFFDE, 0xFFDE,
    0xFFDE, 0xFFDE, 0xFFDE, 0xFFDE, 0xFFDE, 0xFFDE, 0xFFDE, 0xFFDE, 0xFFDE, 0xFFDE, 0xFFDE, 0xFFDE,
    0xFFDE, 0xFFDE, 0xFFDE, 0xFFDE, 0xFFDE, 0xFFDE, 0xFFDE, 0xFFDE, 0xFFDE, 0xFFDE, 0xFFDE, 0xFFDE,
    0xFFDE, 0xFFDE, 0xFFDE, 0xFFDE, 0xFFDE, 0xFFDE, 0xFFDE, 0xFFDE, 0xFFDE, 0xFFDE, 0xFFDE, 0xFFDE,
    0xFFDE, 0xFFDE, 0xFFDE, 0xFFDE, 0xFFDE, 0xFFDE, 0xFFDE, 0xFFDE, 0xFFDE, 0xFFDE, 0xFFDE, 0xFFDE,
    0xFFDE, 0xFFDE, 0xFFDE, 0xFFDE, 0xC616, 0x8410, 0x7BCF, 0x73AE, 0x7BCF, 0x94B2, 0x9CF3, 0x94B2,
    0xA4F4, 0xAD34, 0xAD55, 0xB576, 0xB596, 0xB596, 0xB596, 0xB595, 0xB575, 0xAD75, 0xAD75, 0xAD75,
    0xAD54, 0xB595, 0x62ED, 0x41E9, 0x6B4D, 0x6B2C, 0x630B, 0xAD34, 0xFFDE, 0xFFDE, 0xFFDE, 0xFFDE,
    0xFFDE, 0xFFDE, 0xFFDE, 0xFFDE, 0xFFDE, 0xFFDE, 0xFFDE, 0xFFDE, 0xFFDE, 0xFFDE, 0xFFDE, 0xFFDE,
    0xFFDE, 0xFFDE, 0xFFDE, 0xFFDE, 0xFFDE, 0xFFDE, 0xFFDE, 0xFFDE, 0xFFDE, 0xFFDE, 0xFFDE, 0xFFDE,
    0xFFDE, 0xFFDE, 0xFFDE, 0xF6B0, 0xFE8C, 0xFECC, 0xFEAC, 0xFECD, 0xFECC, 0xFE8B, 0xFECF, 0xFF15,
    0xFFDE, 0xFFDE, 0xFFDE, 0xFFDE, 0xFFDE, 0xFFDE, 0xFFDE, 0xFFDE, 0xFFDE, 0xFFDE, 0xFFDE, 0xFFDE,
    0xFFDE, 0xFFDE, 0xFFDE, 0xFFDE, 0xFFDE, 0xFFDE, 0xFFDE, 0xFFDE, 0xFFDE, 0xFFDE, 0xFFDE, 0xFFDE,
    0xFFDE, 0xFFDE, 0xFFDE, 0xFFDE, 0xFFDE, 0xFFDE, 0xFFDE, 0xFFDE, 0xFFDE, 0xFFDE, 0xFFDE, 0xFFDE,
    0xFFDE, 0xFFDE, 0xFFDE, 0xFFDE, 0xFFDE, 0xFFDE, 0xFFDE, 0xFFDE, 0xFFDE, 0xFFDE, 0xFFDE, 0xFFDE,
    0xFFDE, 0xFFDE, 0xFFDE, 0xFFDE, 0xFFDE, 0xFFDE, 0xFFDE, 0xFFDE, 0xFFDE, 0xFFDE, 0xFFDE, 0xFFDE,
    0xFFDE, 0xFFDE, 0xFFDE, 0xFFDE, 0xFFDE, 0xFFDE, 0xFFDE, 0xFFDE, 0xFFDE, 0xFFDE, 0xFFDE, 0xFFDE,
    0xFFDE, 0xFFDE, 0xFFDE, 0xFFDE, 0x9471, 0x3167, 0x3166, 0x3167, 0x2105, 0x738E, 0xFFDE, 0xFFDE,
    0xFFDE, 0xFFDE, 0xFFDE, 0xFFDE, 0xFFDE, 0xFFDE, 0xFFDE, 0xFFDE, 0xFFDE, 0xFFDE, 0xFFDE, 0xFFDE,
    0xFFDE, 0xFFDE, 0x8410, 0x18E5, 0x39C8, 0x3186, 0x2925, 0x840F, 0xFFDE, 0xFFDE, 0xFFDE, 0xFFDE,
    0xFFDE, 0xFFDE, 0xFFDE, 0xFFDE, 0xFFDE, 0xFFDE, 0xFFDE, 0xFFDE, 0xFFDE, 0xFFDE, 0xFFDE, 0xFFDE,
    0xFFDE, 0xFFDE, 0xFFDE, 0xFFDE, 0xFFDE, 0xFFDE, 0xFFDE, 0xFFDE, 0xFFDE, 0xFFDE, 0xFFDE, 0xFFDE,
    0xFFDE, 0xFFDE, 0xFFDE, 0xF64D, 0xF608, 0xFF0E, 0xFECC, 0xFECD, 0xFEEE, 0xFE6B, 0xFDE6, 0xFE8F,
    0xFFDE, 0xFFDE, 0xFFDE, 0xFFDE, 0xFFDE, 0xFFDE, 0xFFDE, 0xFFDE, 0xFFDE, 0xFFDE, 0xFFDE, 0xFFDE,
    0xFFDE, 0xFFDE, 0xFFDE, 0xFFDE, 0xFFDE, 0xFFDE, 0xFFDE, 0xFFDE, 0xFFDE, 0xFFDE, 0xFFDE, 0xFFDE,
    0xFFDE, 0xFFDE, 0xFFDE, 0xFFDE, 0xFFDE, 0xFFDE, 0xFFDE, 0xFFDE, 0xFFDE, 0xFFDE, 0xFFDE, 0xFFDE,
    0xFFDE, 0xFFDE, 0xFFDE, 0xFFDE, 0xFFDE, 0xFFDE, 0xFFDE, 0xFFDE, 0xFFDE, 0xFFDE, 0xFFDE, 0xFFDE,
    0xFFDE, 0xFFDE, 0xFFDE, 0xFFDE, 0xFFDE, 0xFFDE, 0xFFDE, 0xFFDE, 0xFFDE, 0xFFDE, 0xFFDE, 0xFFDE,
    0xFFDE, 0xFFDE, 0xFFDE, 0xFFDE, 0xFFDE, 0xFFDE, 0xFFDE, 0xFFDE, 0xFFDE, 0xFFDE, 0xFFDE, 0xFFDE,
    0xFFDE, 0xFFDE, 0xFFDE, 0xFFDE, 0x9471, 0x3187, 0x3187, 0x39A8, 0x2105, 0x7BCF, 0xFFDE, 0xFFDE,
    0xFFDE, 0xFFDE, 0xFFDE, 0xFFDE, 0xFFDE, 0xFFDE, 0xFFDE, 0xFFDE, 0xFFDE, 0xFFDE, 0xFFDE, 0xFFDE,
    0xFFDE, 0xFFDE, 0x83EF, 0x2926, 0x4A29, 0x41E8, 0x3986, 0x8C30, 0xFFDE, 0xFFDE, 0xFFDE, 0xFFDE,
    0xFFDE, 0xFFDE, 0xFFDE, 0xFFDE, 0xFFDE, 0xFFDE, 0xFFDE, 0xFFDE, 0xFFDE, 0xFFDE, 0xFFDE, 0xFFDE,
    0xFFDE, 0xFFDE, 0xFFDE, 0xFFDE, 0xFFDE, 0xFFDE, 0xFFDE, 0xFFDE, 0xFFDE, 0xFFDE, 0xFFDE, 0xFFDE,
    0xFFDE, 0xFFDE, 0xFFDE, 0xFED0, 0xFE6C, 0xFEEE, 0xFECE, 0xFECE, 0xFEEF, 0xFE8D, 0xFE0A, 0xFEF2,
    0xFFDE, 0xFFDE, 0xFFDE, 0xFFDE, 0xFFDE, 0xFFDE, 0xFFDE, 0xFFDE, 0xFFDE, 0xFFDE, 0xFFDE, 0xFFDE,
    0xFFDE, 0xFFDE, 0xFFDE, 0xFFDE, 0xFFDE, 0xFFDE, 0xFFDE, 0xFFDE, 0xFFDE, 0xFFDE, 0xFFDE, 0xFFDE,
    0xFFDE, 0xFFDE, 0xFFDE, 0xFFDE, 0xFFDE, 0xFFDE, 0xFFDE, 0xFFDE, 0xFFDE, 0xFFDE, 0xFFDE, 0xFFDE,
    0xFFDE, 0xFFDE, 0xFFDE, 0xFFDE, 0xFFDE, 0xFFDE, 0xFFDE, 0xFFDE, 0xFFDE, 0xFFDE, 0xFFDE, 0xFFDE,
    0xFFDE, 0xFFDE, 0xFFDE, 0xFFDE, 0xFFDE, 0xFFDE, 0xFFDE, 0xFFDE, 0xFFDE, 0xFFDE, 0xFFDE, 0xFFDE,
    0xFFDE, 0xFFDE, 0xFFDE, 0xFFDE, 0xFFDE, 0xFFDE, 0xFFDE, 0xFFDE, 0xFFDE, 0xFFDE, 0xFFDE, 0xFFDE,
    0xFFDE, 0xFFDE, 0xFFDE, 0xFFDE, 0x9491, 0x31A7, 0x31A7, 0x39C8, 0x2926, 0x83F0, 0xFFDE, 0xFFDE,
    0xFFDE, 0xFFDE, 0xFFDE, 0xFFDE, 0xFFDE, 0xFFDE, 0xFFDE, 0xFFDE, 0xFFDE, 0xFFDE, 0xFFDE, 0xFFDE,
    0xFFDE, 0xFFDE, 0x83F0, 0x2926, 0x4A29, 0x4208, 0x39A7, 0x8C30, 0xFFDE, 0xFFDE, 0xFFDE, 0xFFDE,
    0xFFDE, 0xFFDE, 0xFFDE, 0xFFDE, 0xFFDE, 0xFFDE, 0xFFDE, 0xFFDE, 0xFFDE, 0xFFDE, 0xFFDE, 0xFFDE,
    0xFFDE, 0xFFDE, 0xFFDE, 0xFFDE, 0xFFDE, 0xFFDE, 0xFFDE, 0xFFDE, 0xFFDE, 0xFF56, 0xFE8C, 0xFECE,
    0xFECE, 0xFECE, 0xFEAE, 0xFECE, 0xFECE, 0xFECE, 0xFECE, 0xFECE, 0xFECE, 0xFEEF, 0xFEAE, 0xFECF,
    0xFF12, 0xFEF1, 0xFEF2, 0xFEF1, 0xFF11, 0xFFBA, 0xFFDE, 0xFFDE, 0xFFDE, 0xFFDE, 0xFFDE, 0xFFDE,
    0xFFDE, 0xFFDE, 0xFFDE, 0xFFDE, 0xFFDE, 0xFFDE, 0xFFDE, 0xFFDE, 0xFFDE, 0xFFDE, 0xFFDE, 0xFFDE,
    0xFFDE, 0xFFDE, 0xFFDE, 0xFFDE, 0xFFDE, 0xFFDE, 0xFFDE, 0xFFDE, 0xFFDE, 0xFFDE, 0xFFDE, 0xFFDE,
    0xFFDE, 0xFFDE, 0xFFDE, 0xFFDE, 0xFFDE, 0xFFDE, 0xFFDE, 0xFFDE, 0xFFDE, 0xFFDE, 0xFFDE, 0xFFDE,
    0xFFDE, 0xFFDE, 0xFFDE, 0xFFDE, 0xFFDE, 0xFFDE, 0xFFDE, 0xFFDE, 0xFFDE, 0xFFDE, 0xFFDE, 0xFFDE,
    0xFFDE, 0xFFDE, 0xFFDE, 0xFFDE, 0xFFDE, 0xFFDE, 0xFFDE, 0xFFDE, 0xFFDE, 0xFFDE, 0xFFDE, 0xFFDE,
    0xFFDE, 0xFFDE, 0xFFDE, 0xFFDE, 0x8C51, 0x39E8, 0x39C8, 0x39C8, 0x2966, 0x8C10, 0xFFDE, 0xFFDE,
    0xFFDE, 0xFFDE, 0xFFDE, 0xFFDE, 0xFFDE, 0xFFDE, 0xFFDE, 0xFFDE, 0xFFDE, 0xFFDE, 0xFFDE, 0xFFDE,
    0xFFDE, 0xFFDE, 0x8410, 0x2926, 0x4A49, 0x4208, 0x39A6, 0x8C30, 0xFFDE, 0xFFDE, 0xFFDE, 0xFFDE,
    0xFFDE, 0xFFDE, 0xFFDE, 0xFFDE, 0xFFDE, 0xFFDE, 0xFFDE, 0xFFDE, 0xFFDE, 0xFFDE, 0xFFDE, 0xFFDE,
    0xFFDE, 0xFFDE, 0xFFDE, 0xFFDE, 0xFFDE, 0xFFDE, 0xFFDE, 0xFFDE, 0xFFDE, 0xFF34, 0xFE48, 0xFE8B,
    0xFE8B, 0xFEAB, 0xFE8C, 0xFECE, 0xFECE, 0xFECF, 0xFECF, 0xFECF, 0xFEEF, 0xFEEF, 0xFECE, 0xFEAD,
    0xFE8C, 0xFE8C, 0xFE6C, 0xFE6B, 0xFE49, 0xFF77, 0xFFDE, 0xFFDE, 0xFFDE, 0xFFDE, 0xFFDE, 0xFFDE,
    0xFFDE, 0xFFDE, 0xFFDE, 0xFFDE, 0xFFDE, 0xFFDE, 0xFFDE, 0xFFDE, 0xFFDE, 0xFFDE, 0xFFDE, 0xFFDE,
    0xFFDE, 0xFFDE, 0xFFDE, 0xFFDE, 0xFFDE, 0xFFDE, 0xFFDE, 0xFFDE, 0xFFDE, 0xFFDE, 0xFFDE, 0xFFDE,
    0xFFDE, 0xFFDE, 0xFFDE, 0xFFDE, 0xFFDE, 0xFFDE, 0xFFDE, 0xFFDE, 0xFFDE, 0xFFDE, 0xFFDE, 0xFFDE,
    0xFFDE, 0xFFDE, 0xFFDE, 0xFFDE, 0xFFDE, 0xFFDE, 0xFFDE, 0xFFDE, 0xFFDE, 0xFFDE, 0xFFDE, 0xFFDE,
    0xFFDE, 0xFFDE, 0xFFDE, 0xFFDE, 0xFFDE, 0xFFDE, 0xFFDE, 0xFFDE, 0xFFDE, 0xFFDE, 0xFFDE, 0xFFDE,
    0xFFDE, 0xFFDE, 0xFFDE, 0xFFDE, 0x7BEF, 0x18E5, 0x18C4, 0x20C4, 0x1062, 0x83CF, 0xFFDE, 0xFFDE,
    0xFFDE, 0xFFDE, 0xFFDE, 0xFFDE, 0xFFDE, 0xFFDE, 0xFFDE, 0xFFDE, 0xFFDE, 0xFFDE, 0xFFDE, 0xFFDE,
    0xFFDE, 0xFFDE, 0x8410, 0x3146, 0x4A29, 0x41E8, 0x39A6, 0x8C0F, 0xFFDE, 0xFFDE, 0xFFDE, 0xFFDE,
    0xFFDE, 0xFFDE, 0xFFDE, 0xFFDE, 0xFFDE, 0xFFDE, 0xFFDE, 0xFFDE, 0xFFDE, 0xFFDE, 0xFFDE, 0xFFDE,
    0xFFDE, 0xFFDE, 0xFFDE, 0xFFDE, 0xFFDE, 0xFFDE, 0xFFDE, 0xFFDE, 0xFFDE, 0xFF55, 0xFE6A, 0xFEAD,
    0xFEAD, 0xFEAD, 0xFEAE, 0xFECE, 0xFECF, 0xFECF, 0xFEEF, 0xFECF, 0xFECF, 0xFECF, 0xFECE, 0xFECE,
    0xFEAD, 0xFEAC, 0xFE6C, 0xFE8C, 0xFE6B, 0xFF99, 0xFFDE, 0xFFDE, 0xFFDE, 0xFFDE, 0xFFDE, 0xFFDE,
    0xFFDE, 0xFFDE, 0xFFDE, 0xFFDE, 0xFFDE, 0xFFDE, 0xFFDE, 0xFFDE, 0xFFDE, 0xFFDE, 0xFFDE, 0xFFDE,
    0xFFDE, 0xFFDE, 0xFFDE, 0xFFDE, 0xFFDE, 0xFFDE, 0xFFDE, 0xFFDE, 0xFFDE, 0xFFDE, 0xFFDE, 0xFFDE,
    0xFFDE, 0xFFDE, 0xFFDE, 0xFFDE, 0xFFDE, 0xFFDE, 0xFFDE, 0xFFDE, 0xFFDE, 0xFFDE, 0xFFDE, 0xFFDE,
    0xFFDE, 0xFFDE, 0xFFDE, 0xFFDE, 0xFFDE, 0xFFDE, 0xFFDE, 0xFFDE, 0xFFDE, 0xFFDE, 0xFFDE, 0xFFDE,
    0xFFDE, 0xFFDE, 0xFFDE, 0xFFDE, 0xFFDE, 0xFFDE, 0xFFDE, 0xFFDE, 0xFFDE, 0xFFDE, 0xFFDE, 0xFFDE,
    0xFFDE, 0xFFDE, 0xFFDE, 0xFFDE, 0xA4F3, 0x8410, 0x8C10, 0x9410, 0x8C10, 0xC5F7, 0xFFDE, 0xFFDE,
    0xFFDE, 0xFFDE, 0xFFDE, 0xFFDE, 0xFFDE, 0xFFDE, 0xFFDE, 0xFFDE, 0xFFDE, 0xFFDE, 0xFFDE, 0xFFDE,
    0xFFDE, 0xFFDE, 0x7B8E, 0x3145, 0x4A29, 0x49E8, 0x39A6, 0x9471, 0xFFDE, 0xFFDE, 0xFFDE, 0xFFDE,
    0xFFDE, 0xFFDE, 0xFFDE, 0xFFDE, 0xFFDE, 0xFFDE, 0xFFDE, 0xFFDE, 0xFFDE, 0xFFDE, 0xFFDE, 0xFFDE,
    0xFFDE, 0xFFDE, 0xFFDE, 0xFFDE, 0xFFDE, 0xFFDE, 0xFFDE, 0xFFDE, 0xFFDE, 0xFF55, 0xFE8B, 0xFEAD,
    0xFEAD, 0xFECD, 0xFECE, 0xFECE, 0xFECE, 0xFECF, 0xFECE, 0xFECE, 0xFECE, 0xFECE, 0xFECE, 0xFEAD,
    0xFEAD, 0xFEAC, 0xFE8D, 0xFE8D, 0xFE6D, 0xFF79, 0xFFDE, 0xFFDE, 0xFFDE, 0xFFDE, 0xFFDE, 0xFFDE,
    0xFFDE, 0xFFDE, 0xFFDE, 0xFFDE, 0xFFDE, 0xFFDE, 0xFFDE, 0xFFDE, 0xFFDE, 0xFFDE, 0xFFDE, 0xFFDE,
    0xFFDE, 0xFFDE, 0xFFDE, 0xFFDE, 0xFFDE, 0xFFDE, 0xFFDE, 0xFFDE, 0xFFDE, 0xFFDE, 0xFFDE, 0xFFDE,
    0xFFDE, 0xFFDE, 0xFFDE, 0xFFDE, 0xFFDE, 0xFFDE, 0xFFDE, 0xFFDE, 0xFFDE, 0xFFDE, 0xFFDE, 0xFFDE,
    0xFFDE, 0xFFDE, 0xFFDE, 0xFFDE, 0xFFDE, 0xFFDE, 0xFFDE, 0xFFDE, 0xFFDE, 0xFFDE, 0xFFDE, 0xFFDE,
    0xFFDE, 0xFFDE, 0xCE59, 0x10C5, 0x2967, 0x2126, 0x2126, 0x2126, 0x2125, 0x2125, 0x2126, 0x2105,
    0x2125, 0x2946, 0x18E5, 0x2125, 0xB5B6, 0xFFDE, 0xFFDE, 0xFFDE, 0xFFDE, 0xFFDE, 0xFFDE, 0xFFDE,
    0xFFDE, 0xFFDE, 0xFFDE, 0xFFDE, 0xFFDE, 0xFFDE, 0xFFDE, 0xFFDE, 0xFFDE, 0xFFDE, 0xFFDE, 0xFFDE,
    0xFFDE, 0xFFDE, 0x5249, 0x3986, 0x4A28, 0x41C7, 0x49E7, 0x3187, 0x2167, 0x2167, 0x2146, 0x2147,
    0x2147, 0x2147, 0x2147, 0x2968, 0x29A8, 0x2127, 0x4A6B, 0xE73C, 0xFFDE, 0xFFDE, 0xFFDE, 0xFFDE,
    0xFFDE, 0xFFDE, 0xFFDE, 0xFFDE, 0xFFDE, 0xFFDE, 0xFFDE, 0xFFDE, 0xFFDE, 0xFFDE, 0xFF98, 0xFF99,
    0xFF78, 0xFF78, 0xFF13, 0xFE8C, 0xFECD, 0xFECE, 0xFECE, 0xFECD, 0xFECD, 0xFECD, 0xFEED, 0xFE8B,
    0xFE6B, 0xFE8D, 0xFEAE, 0xFEAE, 0xFEAF, 0xFF9A, 0xFFDE, 0xFFDE, 0xFFDE, 0xFFDE, 0xFFDE, 0xFFDE,
    0xFFDE, 0xFFDE, 0xFFDE, 0xFFDE, 0xFFDE, 0xFFDE, 0xFFDE, 0xFFDE, 0xFFDE, 0xFFDE, 0xFFDE, 0xFFDE,
    0xFFDE, 0xFFDE, 0xFFDE, 0xFFDE, 0xFFDE, 0xFFDE, 0xFFDE, 0xFFDE, 0xFFDE, 0xFFDE, 0xFFDE, 0xFFDE,
    0xFFDE, 0xFFDE, 0xFFDE, 0xFFDE, 0xFFDE, 0xFFDE, 0xFFDE, 0xFFDE, 0xFFDE, 0xFFDE, 0xFFDE, 0xFFDE,
    0xFFDE, 0xFFDE, 0xFFDE, 0xFFDE, 0xFFDE, 0xFFDE, 0xFFDE, 0xFFDE, 0xFFDE, 0xFFDE, 0xFFDE, 0xFFDE,
    0xFFDE, 0xFFDE, 0xD69A, 0x2147, 0x39E8, 0x31A7, 0x3188, 0x2987, 0x2987, 0x2987, 0x2987, 0x2987,
    0x2987, 0x31A7, 0x2146, 0x2966, 0xB575, 0xFFDE, 0xFFDE, 0xFFDE, 0xFFDE, 0xFFDE, 0xFFDE, 0xFFDE,
    0xFFDE, 0xFFDE, 0xFFDE, 0xFFDE, 0xFFDE, 0xFFDE, 0xFFDE, 0xFFDE, 0xFFDE, 0xFFDE, 0xFFDE, 0xFFDE,
    0xFFDE, 0xFFDE, 0x5AAA, 0x3186, 0x4A08, 0x49E7, 0x49E7, 0x3187, 0x1926, 0x2126, 0x2126, 0x2126,
    0x2127, 0x2147, 0x2147, 0x2167, 0x2988, 0x1906, 0x4A4A, 0xEF5C, 0xFFDE, 0xFFDE, 0xFFDE, 0xFFDE,
    0xFFDE, 0xFFDE, 0xFFDE, 0xFFDE, 0xFFDE, 0xFFDE, 0xFFDE, 0xFFDE, 0xFFDE, 0xFFDE, 0xFFDE, 0xFFDE,
    0xFFDE, 0xFFDE, 0xFF9A, 0xFDE9, 0xFE8B, 0xFEEE, 0xFEAD, 0xFEAD, 0xFECD, 0xFEAC, 0xFE09, 0xFE4B,
    0xFF77, 0xFF9A, 0xFFDE, 0xFFDE, 0xFFDE, 0xFFDE, 0xFFDE, 0xFFDE, 0xFFDE, 0xFFDE, 0xFFDE, 0xFFDE,
    0xFFDE, 0xFFDE, 0xFFDE, 0xFFDE, 0xFFDE, 0xFFDE, 0xFFDE, 0xFFDE, 0xFFDE, 0xFFDE, 0xFFDE, 0xFFDE,
    0xFFDE, 0xFFDE, 0xFFDE, 0xFFDE, 0xFFDE, 0xFFDE, 0xFFDE, 0xFFDE, 0xFFDE, 0xFFDE, 0xFFDE, 0xFFDE,
    0xFFDE, 0xFFDE, 0xFFDE, 0xFFDE, 0xFFDE, 0xFFDE, 0xFFDE, 0xFFDE, 0xFFDE, 0xFFDE, 0xFFDE, 0xFFDE,
    0xFFDE, 0xFFDE, 0xFFDE, 0xFFDE, 0xFFDE, 0xFFDE, 0xFFDE, 0xFFDE, 0xFFDE, 0xFFDE, 0xFFDE, 0xFFDE,
    0xFFDE, 0xFFDE, 0xDEBA, 0x2126, 0x31A8, 0x2987, 0x2967, 0x2987, 0x2987, 0x2967, 0x2967, 0x2966,
    0x2966, 0x2967, 0x2126, 0x2125, 0xAD74, 0xFFDE, 0xFFDE, 0xFFDE, 0xFFDE, 0xFFDE, 0xFFDE, 0xFFDE,
    0xFFDE, 0xFFDE, 0xFFDE, 0xFFDE, 0xFFDE, 0xFFDE, 0xFFDE, 0xFFDE, 0xFFDE, 0xFFDE, 0xFFDE, 0xF759,
    0xF6F8, 0xFF9A, 0x5AAA, 0x3165, 0x4A08, 0x41E7, 0x41E7, 0x3187, 0x2967, 0x2967, 0x2967, 0x2967,
    0x2988, 0x2988, 0x2988, 0x29A9, 0x31E9, 0x2167, 0x52CC, 0xFFDE, 0xFFDE, 0xFFDE, 0xFFDE, 0xFFDE,
    0xFFDE, 0xFFDE, 0xFFDE, 0xFFDE, 0xFFDE, 0xFFDE, 0xFFDE, 0xFFDE, 0xFFDE, 0xFFDE, 0xFFDE, 0xFFDE,
    0xFFDE, 0xFFDE, 0xFF15, 0xED65, 0xFE6A, 0xFECD, 0xFEAD, 0xFEAD, 0xFECD, 0xFE8A, 0xFD84, 0xF587,
    0xFF99, 0xFFDE, 0xFFDE, 0xFFDE, 0xFFDE, 0xFFDE, 0xFFDE, 0xFFDE, 0xFFDE, 0xFFDE, 0xFFDE, 0xFFDE,
    0xFFDE, 0xFFDE, 0xFFDE, 0xFFDE, 0xFFDE, 0xFFDE, 0xFFDE, 0xFFDE, 0xFFDE, 0xFFDE, 0xFFDE, 0xFFDE,
    0xFFDE, 0xFFDE, 0xFFDE, 0xFFDE, 0xFFDE, 0xFFDE, 0xFFDE, 0xFFDE, 0xFFDE, 0xFFDE, 0xFFDE, 0xFFDE,
    0xFFDE, 0xFFDE, 0xFFDE, 0xFFDE, 0xFFDE, 0xFFDE, 0xFFDE, 0xFFDE, 0xFFDE, 0xFFDE, 0xFFDE, 0xFFDE,
    0xFFDE, 0xFFDE, 0xFFDE, 0xFFDE, 0xFFDE, 0xFFDE, 0xFFDE, 0xFFDE, 0xFFDE, 0xFFDE, 0xFFDE, 0xFFDE,
    0xFFDE, 0xFFDE, 0xDEFB, 0x2126, 0x39E8, 0x2987, 0x2988, 0x2988, 0x2988, 0x2987, 0x2987, 0x2987,
    0x2967, 0x2987, 0x2146, 0x2146, 0xAD74, 0xFFDE, 0xFFDE, 0xFFDE, 0xFFDE, 0xFFDE, 0xFFDE, 0xFFDE,
    0xFFDE, 0xFFDE, 0xFFDE, 0xFFDE, 0xFFDE, 0xFFDE, 0xFFDE, 0xFFDE, 0xFFDE, 0xFFDE, 0xFFDE, 0xF6D6,
    0xEE33, 0xFED5, 0x5ACA, 0x39A6, 0x5228, 0x4A07, 0x4A07, 0x39A7, 0x2967, 0x2987, 0x2987, 0x2988,
    0x2988, 0x2988, 0x29A8, 0x29A9, 0x31C9, 0x2167, 0x52CC, 0xFFDE, 0xFFDE, 0xFFDE, 0xFFDE, 0xFFDE,
    0xFFDE, 0xFFDE, 0xFFDE, 0xFFDE, 0xFFDE, 0xFFDE, 0xFFDE, 0xFFDE, 0xFFDE, 0xFFDE, 0xFFDE, 0xFFDE,
    0xFFDE, 0xFFDE, 0xFF58, 0xF6D2, 0xFF11, 0xFEAC, 0xFEAD, 0xFECD, 0xFECC, 0xFE8A, 0xFEAF, 0xFE91,
    0xFF78, 0xFFDE, 0xFFDE, 0xFFDE, 0xFFDE, 0xFFDE, 0xFFDE, 0xFFDE, 0xFFDE, 0xFFDE, 0xFFDE, 0xFFDE,
    0xFFDE, 0xFFDE, 0xFFDE, 0xFFDE, 0xFFDE, 0xFFDE, 0xFFDE, 0xFFDE, 0xFFDE, 0xFFDE, 0xFFDE, 0xFFDE,
    0xFFDE, 0xFFDE, 0xFFDE, 0xFFDE, 0xFFDE, 0xFFDE, 0xFFDE, 0xFFDE, 0xFFDE, 0xFFDE, 0xFFDE, 0xFFDE,
    0xFFDE, 0xFFDE, 0xFFDE, 0xFFDE, 0xFFDE, 0xFFDE, 0xFFDE, 0xFFDE, 0xFFDE, 0xFFDE, 0xFFDE, 0xFFDE,
    0xFFDE, 0xFFDE, 0xFFDE, 0xFFDE, 0xFFDE, 0xFFDE, 0xFFDE, 0xFFDE, 0xFFDE, 0xFFDE, 0xFFDE, 0xFFDE,
    0xFFDE, 0xFFDE, 0xE71B, 0x2146, 0x31A8, 0x2146, 0x2947, 0x2946, 0x2947, 0x2147, 0x2146, 0x2146,
    0x2146, 0x2966, 0x1905, 0x2125, 0xB575, 0xFFDE, 0xFFDE, 0xFFDE, 0xFFDE, 0xFFDE, 0xFFDE, 0xFFDE,
    0xFFDE, 0xFFDE, 0xFFDE, 0xFFDE, 0xFFDE, 0xFFDE, 0xFFDE, 0xFFDE, 0xFFDE, 0xFFDE, 0xFFDE, 0xF6B5,
    0xEE33, 0xFEB4, 0x5269, 0x2945, 0x41C6, 0x3986, 0x3986, 0x2946, 0x1926, 0x2146, 0x2146, 0x2146,
    0x2167, 0x2167, 0x2167, 0x2988, 0x2988, 0x1926, 0x528B, 0xFFDE, 0xFFDE, 0xFFDE, 0xFFDE, 0xFFDE,
    0xFFDE, 0xFFDE, 0xFFDE, 0xFFDE, 0xFFDE, 0xFFDE, 0xFFDE, 0xFFDE, 0xFFDE, 0xFFDE, 0xFFDE, 0xFFDE,
    0xFFDE, 0xFFDE, 0xFFDE, 0xFFDE, 0xFF97, 0xFE8B, 0xFEAD, 0xFECD, 0xFEAB, 0xFE8C, 0xFFDE, 0xFFDE,
    0xFFDE, 0xFFDE, 0xFFDE, 0xFFDE, 0xFFDE, 0xFFDE, 0xFFDE, 0xFFDE, 0xFFDE, 0xFFDE, 0xFFDE, 0xFFDE,
    0xFFDE, 0xFFDE, 0xFFDE, 0xFFDE, 0xFFDE, 0xFFDE, 0xFFDE, 0xFFDE, 0xFFDE, 0xFFDE, 0xFFDE, 0xFFDE,
    0xFFDE, 0xFFDE, 0xFFDE, 0xFFDE, 0xFFDE, 0xFFDE, 0xFFDE, 0xFFDE, 0xFFDE, 0xFFDE, 0xFFDE, 0xFFDE,
    0xFFDE, 0xFFDE, 0xFFDE, 0xFFDE, 0xFFDE, 0xFFDE, 0xFFDE, 0xFFDE, 0xFFDE, 0xFFDE, 0xFFDE, 0xFFDE,
    0xFFDE, 0xFFDE, 0xFFDE, 0xCE37, 0xA4D2, 0xAD13, 0xA4F3, 0xA4F2, 0xA4F2, 0xAD13, 0xAD13, 0xAD33,
    0xAD13, 0xCE17, 0xFFDE, 0x528A, 0x3187, 0x2126, 0x2146, 0x2146, 0x2146, 0x2146, 0x2146, 0x2146,
    0x2126, 0x2946, 0x18E5, 0x2146, 0xB5B6, 0xFFDE, 0xFFDE, 0xFFDE, 0xFFDE, 0xFFDE, 0xFFDE, 0xFFDE,
    0xFFDE, 0xFFDE, 0xFFDE, 0xFFDE, 0xFFDE, 0xFFDE, 0xFFDE, 0xFFDE, 0xFFDE, 0xFFDE, 0xFF7A, 0xEE74,
    0xEE33, 0xF695, 0x5A68, 0x3166, 0x41E7, 0x41C7, 0x41C7, 0x31A7, 0x2987, 0x29A8, 0x2988, 0x2988,
    0x2988, 0x2988, 0x2988, 0x2988, 0x29A8, 0x2167, 0x39C8, 0x7BCF, 0x9491, 0x9CB2, 0x9CF3, 0xAD55,
    0xFFDE, 0xFFDE, 0xFFDE, 0xFFDE, 0xFFDE, 0xFFDE, 0xFFDE, 0xFFDE, 0xFFDE, 0xFFDE, 0xFFDE, 0xFFDE,
    0xFFDE, 0xFFDE, 0xFFDE, 0xFFDE, 0xFF98, 0xFE8B, 0xFEAD, 0xFEAD, 0xFEAB, 0xFEAD, 0xFFDE, 0xFFDE,
    0xFFDE, 0xFFDE, 0xFFDE, 0xFFDE, 0xFFDE, 0xFFDE, 0xFFDE, 0xFFDE, 0xFFDE, 0xFFDE, 0xFFDE, 0xFFDE,
    0xFFDE, 0xFFDE, 0xFFDE, 0xFFDE, 0xFFDE, 0xFFDE, 0xFFDE, 0xFFDE, 0xFFDE, 0xFFDE, 0xFFDE, 0xFFDE,
    0xFFDE, 0xFFDE, 0xFFDE, 0xFFDE, 0xFFDE, 0xFFDE, 0xFFDE, 0xFFDE, 0xFFDE, 0xFFDE, 0xFFDE, 0xFFDE,
    0xFFDE, 0xFFDE, 0xFFDE, 0xFFDE, 0xFFDE, 0xFFDE, 0xFFDE, 0xFFDE, 0xFFDE, 0xFFDE, 0xFFDE, 0xFFDE,
    0xFFDE, 0xFFDE, 0xFFDE, 0x8C0F, 0x3945, 0x41A7, 0x49C7, 0x49A6, 0x41C7, 0x49C7, 0x49E7, 0x41A6,
    0x6289, 0xCDF6, 0xFFDE, 0xD6BA, 0xC618, 0xC5F7, 0xBDF7, 0xBE17, 0xBE17, 0xBDF8, 0xBE18, 0xBE18,
    0xBDF7, 0xBDF7, 0xBDD7, 0xBDF7, 0xEF5C, 0xFFDE, 0xFFDE, 0xFFDE, 0xFFDE, 0xFFDE, 0xFFDE, 0xFFDE,
    0xFFDE, 0xFFDE, 0xFFDE, 0xFFDE, 0xFFDE, 0xFFDE, 0xFFDE, 0xFFDE, 0xFFDE, 0xFFDE, 0xFFDE, 0xF759,
    0xF739, 0xFF5A, 0xCE37, 0xC5F6, 0xCE37, 0xCE37, 0xCE58, 0xC637, 0xC617, 0xBE18, 0xBE18, 0xBE18,
    0xBE18, 0xBE17, 0xBDF7, 0xBDF7, 0xC638, 0xB5D7, 0x6B2C, 0x3945, 0x41C7, 0x41A6, 0x4166, 0x5A69,
    0xDEDA, 0xFFDE, 0xFFDE, 0xFFDE, 0xFFDE, 0xFFDE, 0xFFDE, 0xFFDE, 0xFFDE, 0xFFDE, 0xFFDE, 0xFFDE,
    0xFFDE, 0xFFDE, 0xFFDE, 0xFFDE, 0xFF98, 0xFE8B, 0xFEAD, 0xFEAD, 0xFE8C, 0xFEAE, 0xFFDE, 0xFFDE,
    0xFFDE, 0xFFDE, 0xFFDE, 0xFFDE, 0xFFDE, 0xFFDE, 0xFFDE, 0xFFDE, 0xFFDE, 0xFFDE, 0xFFDE, 0xFFDE,
    0xFFDE, 0xFFDE, 0xFFDE, 0xFFDE, 0xFFDE, 0xFFDE, 0xFFDE, 0xFFDE, 0xFFDE, 0xFFDE, 0xFFDE, 0xFFDE,
    0xFFDE, 0xFFDE, 0xFFDE, 0xFFDE, 0xFFDE, 0xFFDE, 0xFFDE, 0xFFDE, 0xFFDE, 0xFFDE, 0xFFDE, 0xFFDE,
    0xFFDE, 0xFFDE, 0xFFDE, 0xFFDE, 0xFFDE, 0xFFDE, 0xFFDE, 0xFFDE, 0xFFDE, 0xFFDE, 0xFFDE, 0xFFDE,
    0xFFDE, 0xFFDE, 0xFFDE, 0x8C0F, 0x3125, 0x41A7, 0x41A7, 0x41A6, 0x41A7, 0x41A7, 0x49E8, 0x3945,
    0x7B2C, 0xEF3C, 0xFFDE, 0xFFDE, 0xFFDE, 0xFFDE, 0xFFDE, 0xFFDE, 0xFFDE, 0xFFDE, 0xFFDE, 0xFFDE,
    0xFFDE, 0xFFDE, 0xFFDE, 0xFFDE, 0xFFDE, 0xFFDE, 0xFFDE, 0xFFDE, 0xFFDE, 0xFFDE, 0xFFDE, 0xFFDE,
    0xFFDE, 0xFFDE, 0xFFDE, 0xFFDE, 0xFFDE, 0xFFDE, 0xFFDE, 0xFFDE, 0xFFDE, 0xFFDE, 0xFFDE, 0xFFDE,
    0xFFDE, 0xFFDE, 0xFFDE, 0xFFDE, 0xFFDE, 0xFFDE, 0xFFDE, 0xFFDE, 0xFFDE, 0xFFDE, 0xFFDE, 0xFFDE,
    0xFFDE, 0xFFDE, 0xFFDE, 0xFFDE, 0xFFDE, 0xFFDE, 0x940F, 0x4165, 0x5A28, 0x49C7, 0x4186, 0x5A49,
    0xDEB9, 0xFFDE, 0xFFDE, 0xFFDE, 0xFFDE, 0xFFDE, 0xFFDE, 0xFFDE, 0xFFDE, 0xFFDE, 0xFFDE, 0xFFDE,
    0xFFDE, 0xFFDE, 0xFFDE, 0xFFDE, 0xFFB9, 0xFE8C, 0xFEAD, 0xFEAD, 0xFEAC, 0xFECF, 0xFFDE, 0xFFDE,
    0xFFDE, 0xFFDE, 0xFFDE, 0xFFDE, 0xFFDE, 0xFFDE, 0xFFDE, 0xFFDE, 0xFFDE, 0xFFDE, 0xFFDE, 0xFFDE,
    0xFFDE, 0xFFDE, 0xFFDE, 0xFFDE, 0xFFDE, 0xFFDE, 0xFFDE, 0xFFDE, 0xFFDE, 0xFFDE, 0xFFDE, 0xFFDE,
    0xFFDE, 0xFFDE, 0xFFDE, 0xFFDE, 0xFFDE, 0xFFDE, 0xFFDE, 0xFFDE, 0xFFDE, 0xFFDE, 0xFFDE, 0xFFDE,
    0xFFDE, 0xFFDE, 0xFFDE, 0xFFDE, 0xFFDE, 0xFFDE, 0xFFDE, 0xFFDE, 0xFFDE, 0xFFDE, 0xFFDE, 0xFFDE,
    0xFFDE, 0xFFDE, 0xFFDE, 0x9430, 0x3945, 0x41C7, 0x49C7, 0x49A7, 0x49C7, 0x49C7, 0x5208, 0x3945,
    0x732B, 0xE71B, 0xFFDE, 0xFFDE, 0xFFDE, 0xFFDE, 0xFFDE, 0xFFDE, 0xFFDE, 0xFFDE, 0xFFDE, 0xFFDE,
    0xFFDE, 0xFFDE, 0xFFDE, 0xFFDE, 0xFFDE, 0xFFDE, 0xFFDE, 0xFFDE, 0xFFDE, 0xFFDE, 0xFFDE, 0xFFDE,
    0xFFDE, 0xFFDE, 0xFFDE, 0xFFDE, 0xFFDE, 0xFFDE, 0xFFDE, 0xFFDE, 0xFFDE, 0xFFDE, 0xFFDE, 0xFFDE,
    0xFFDE, 0xFFDE, 0xFFDE, 0xFFDE, 0xFFDE, 0xFFDE, 0xFFDE, 0xFFDE, 0xFFDE, 0xFFDE, 0xFFDE, 0xFFDE,
    0xFFDE, 0xFFDE, 0xFFDE, 0xFFDE, 0xFFDE, 0xFFDE, 0x8BAD, 0x4146, 0x5208, 0x49C7, 0x4186, 0x5A49,
    0xD699, 0xFFDE, 0xFFDE, 0xFFDE, 0xFFDE, 0xFFDE, 0xFFDE, 0xFFDE, 0xFFDE, 0xFFDE, 0xFFDE, 0xFFDE,
    0xFFDE, 0xFFDE, 0xFFDE, 0xFFDE, 0xFFDE, 0xFE4C, 0xFE4A, 0xFE4B, 0xFE2A, 0xFEAF, 0xFFDE, 0xFFDE,
    0xFFDE, 0xFFDE, 0xFFDE, 0xFFDE, 0xFFDE, 0xFFDE, 0xFFDE, 0xFFDE, 0xFFDE, 0xFFDE, 0xFFDE, 0xFFDE,
    0xFFDE, 0xFFDE, 0xFFDE, 0xFFDE, 0xFFDE, 0xFFDE, 0xFFDE, 0xFFDE, 0xFFDE, 0xFFDE, 0xFFDE, 0xFFDE,
    0xFFDE, 0xFFDE, 0xFFDE, 0xFFDE, 0xFFDE, 0xFFDE, 0xFFDE, 0xFFDE, 0xFFDE, 0xFFDE, 0xFFDE, 0xFFDE,
    0xFFDE, 0xFFDE, 0xFFDE, 0xFFDE, 0xFFDE, 0xFFDE, 0xFFDE, 0xFFDE, 0xFFDE, 0xFFDE, 0xFFDE, 0xEF3B,
    0xE71B, 0xE71A, 0xEF3C, 0x838E, 0x3104, 0x3925, 0x3945, 0x3945, 0x3945, 0x3966, 0x41A6, 0x30E3,
    0x6AEA, 0xE71B, 0xFFDE, 0xFFDE, 0xFFDE, 0xFFDE, 0xFFDE, 0xFFDE, 0xFFDE, 0xFFDE, 0xFFDE, 0xFFDE,
    0xFFDE, 0xFFDE, 0xFFDE, 0xFFDE, 0xFFDE, 0xFFDE, 0xFFDE, 0xFFDE, 0xFFDE, 0xFFDE, 0xFFDE, 0xFFDE,
    0xFFDE, 0xFFDE, 0xFFDE, 0xFFDE, 0xFFDE, 0xFFDE, 0xFFDE, 0xFFDE, 0xFFDE, 0xFFDE, 0xFFDE, 0xFFDE,
    0xFFDE, 0xFFDE, 0xFFDE, 0xFFDE, 0xFFDE, 0xFFDE, 0xFFDE, 0xFFDE, 0xFFDE, 0xFFDE, 0xFFDE, 0xFFDE,
    0xFFDE, 0xFFDE, 0xFFDE, 0xFFDE, 0xFFDE, 0xEF5C, 0x7B4B, 0x3904, 0x51E7, 0x4186, 0x3945, 0x5208,
    0xC5F6, 0xFFDE, 0xEF3A, 0xFFDE, 0xFFDE, 0xFFDE, 0xFFDE, 0xFFDE, 0xFFDE, 0xFFDE, 0xFFDE, 0xFFDE,
    0xFFDE, 0xFFDE, 0xFFDE, 0xFFDE, 0xFFDE, 0xFF14, 0xFF13, 0xFF34, 0xFF33, 0xFF77, 0xFFDE, 0xFFDE,
    0xFFDE, 0xFFDE, 0xFFDE, 0xFFDE, 0xFFDE, 0xFFDE, 0xFFDE, 0xFFDE, 0xFFDE, 0xFFDE, 0xFFDE, 0xFFDE,
    0xFFDE, 0xFFDE, 0xFFDE, 0xFFDE, 0xFFDE, 0xFFDE, 0xFFDE, 0xFFDE, 0xFFDE, 0xFFDE, 0xFFDE, 0xFFDE,
    0xFFDE, 0xFFDE, 0xFFDE, 0xFFDE, 0xFFDE, 0xFFDE, 0xFFDE, 0xFFDE, 0xFFDE, 0xFFDE, 0xFFDE, 0xFFDE,
    0xFFDE, 0xFFDE, 0xFFDE, 0xFFDE, 0xFFDE, 0xFFDE, 0xFFDE, 0xFFDE, 0xFFDE, 0xEF5B, 0x83AE, 0x62CA,
    0x732B, 0x6AEB, 0x62CA, 0x6AEB, 0x9C71, 0xA4D2, 0xA4B1, 0xA4D2, 0xA4F2, 0xAD13, 0xB533, 0xACF2,
    0xC5B5, 0xFFDE, 0xFFDE, 0xFFDE, 0xFFDE, 0xFFDE, 0xFFDE, 0xFFDE, 0xFFDE, 0xFFDE, 0xFFDE, 0xFFDE,
    0xFFDE, 0xFFDE, 0xFFDE, 0xFFDE, 0xFFDE, 0xFFDE, 0xFFDE, 0xFFDE, 0xFFDE, 0xFFDE, 0xFFDE, 0xFFDE,
    0xFFDE, 0xFFDE, 0xFFDE, 0xFFDE, 0xFFDE, 0xFFDE, 0xFFDE, 0xFFDE, 0xFFDE, 0xFFDE, 0xFFDE, 0xFFDE,
    0xFFDE, 0xFFDE, 0xFFDE, 0xFFDE, 0xFFDE, 0xFFDE, 0xFFDE, 0xFFDE, 0xFFDE, 0xFFDE, 0xFFDE, 0xFFDE,
    0xFFDE, 0xFFDE, 0xFFDE, 0xF75A, 0xFFDE, 0xE6D9, 0x6ACA, 0x3925, 0x49C7, 0x4186, 0x3945, 0x4186,
    0x730C, 0x7B6D, 0x6B0B, 0x83AD, 0xB574, 0xFFDE, 0xFFDE, 0xFFDE, 0xFFDE, 0xFFDE, 0xFFDE, 0xFFDE,
    0xFFDE, 0xFFDE, 0xFFDE, 0xFFDE, 0xFFDE, 0xFFDE, 0xFFDE, 0xFFDE, 0xFFDE, 0xFFDE, 0xFFDE, 0xFFDE,
    0xFFDE, 0xFFDE, 0xFFDE, 0xFFDE, 0xFFDE, 0xFFDE, 0xFFDE, 0xFFDE, 0xFFDE, 0xFFDE, 0xFFDE, 0xFFDE,
    0xFFDE, 0xFFDE, 0xFFDE, 0xFFDE, 0xFFDE, 0xFFDE, 0xFFDE, 0xFFDE, 0xFFDE, 0xFFDE, 0xFFDE, 0xFFDE,
    0xFFDE, 0xFFDE, 0xFFDE, 0xFFDE, 0xFFDE, 0xFFDE, 0xFFDE, 0xFFDE, 0xFFDE, 0xFFDE, 0xFFDE, 0xFFDE,
    0xFFDE, 0xFFDE, 0xFFDE, 0xFFDE, 0xFFDE, 0xFFDE, 0xFFDE, 0xFFDE, 0xFFDE, 0xE6DA, 0x49C7, 0x28C3,
    0x3966, 0x3945, 0x20A3, 0x7B8D, 0xFFDE, 0xFFDE, 0xFFDE, 0xFFDE, 0xFFDE, 0xFFDE, 0xFFDE, 0xFFDE,
    0xFFDE, 0xFFDE, 0xFFDE, 0xFFDE, 0xFFDE, 0xFFDE, 0xFFDE, 0xFFDE, 0xFFDE, 0xFFDE, 0xFFDE, 0xFFDE,
    0xFFDE, 0xFFDE, 0xFFDE, 0xFFDE, 0xFFDE, 0xFFDE, 0xFFDE, 0xFFDE, 0xFFDE, 0xFFDE, 0xFFDE, 0xFFDE,
    0xFFDE, 0xFFDE, 0xFFDE, 0xFFDE, 0xFFDE, 0xFFDE, 0xFFDE, 0xFFDE, 0xFFDE, 0xFFDE, 0xFFDE, 0xFFDE,
    0xFFDE, 0xFFDE, 0xFFDE, 0xFFDE, 0xFFDE, 0xFFDE, 0xFFDE, 0xFFDE, 0xFFDE, 0xFFDE, 0xFFDE, 0xFFDE,
    0xFFDE, 0xFFDE, 0xFFDE, 0xF75A, 0xFFDE, 0xF75A, 0xC5D5, 0xB533, 0xB554, 0xB553, 0xAD33, 0x7B4C,
    0x3925, 0x3946, 0x3125, 0x3124, 0x732B, 0xFFDE, 0xFFDE, 0xFFDE, 0xFFDE, 0xFFDE, 0xFFDE, 0xFFDE,
    0xFFDE, 0xFFDE, 0xFFDE, 0xFFDE, 0xFFDE, 0xFFDE, 0xFFDE, 0xFFDE, 0xFFDE, 0xFFDE, 0xFFDE, 0xFFDE,
    0xFFDE, 0xFFDE, 0xFFDE, 0xFFDE, 0xFFDE, 0xFFDE, 0xFFDE, 0xFFDE, 0xFFDE, 0xFFDE, 0xFFDE, 0xFFDE,
    0xFFDE, 0xFFDE, 0xFFDE, 0xFFDE, 0xFFDE, 0xFFDE, 0xFFDE, 0xFFDE, 0xFFDE, 0xFFDE, 0xFFDE, 0xFFDE,
    0xFFDE, 0xFFDE, 0xFFDE, 0xFFDE, 0xFFDE, 0xFFDE, 0xFFDE, 0xFFDE, 0xFFDE, 0xFFDE, 0xFFDE, 0xFFDE,
    0xFFDE, 0xFFDE, 0xFFDE, 0xFFDE, 0xFFDE, 0xFFDE, 0xFFDE, 0xFFDE, 0xFFDE, 0xDEBA, 0x5A89, 0x41A7,
    0x5228, 0x4A08, 0x3965, 0x940F, 0xFFDE, 0xFFDE, 0xFFDE, 0xFFDE, 0xFFDE, 0xFFDE, 0xFFDE, 0xFFDE,
    0xFFDE, 0xFFDE, 0xFFDE, 0xFFDE, 0xFFDE, 0xFFDE, 0xFFDE, 0xFFDE, 0xFFDE, 0xFFDE, 0xFFDE, 0xFFDE,
    0xFFDE, 0xFFDE, 0xFFDE, 0xFFDE, 0xFFDE, 0xFFDE, 0xFFDE, 0xFFDE, 0xFFDE, 0xFFDE, 0xFFDE, 0xFFDE,
    0xFFDE, 0xFFDE, 0xFFDE, 0xFFDE, 0xFFDE, 0xFFDE, 0xFFDE, 0xFFDE, 0xFFDE, 0xFFDE, 0xFFDE, 0xFFDE,
    0xFFDE, 0xFFDE, 0xFFDE, 0xFFDE, 0xFFDE, 0xFFDE, 0xFFDE, 0xFFDE, 0xFFDE, 0xFFDE, 0xFFDE, 0xFFDE,
    0xFFDE, 0xFFDE, 0xFFDE, 0xFFDE, 0xFFDE, 0xFFDE, 0xFFDE, 0xFFDE, 0xFFDE, 0xFFDE, 0xFFDE, 0x9C90,
    0x4166, 0x5208, 0x49E7, 0x41A6, 0x732B, 0xFFDE, 0xFFDE, 0xFFDE, 0xFFDE, 0xFFDE, 0xFFDE, 0xFFDE,
    0xFFDE, 0xFFDE, 0xFFDE, 0xFFDE, 0xFFDE, 0xFFDE, 0xFFDE, 0xFFDE, 0xFFDE, 0xFFDE, 0xFFDE, 0xFFDE,
    0xFFDE, 0xFFDE, 0xFFDE, 0xFFDE, 0xFFDE, 0xFFDE, 0xFFDE, 0xFFDE, 0xFFDE, 0xFFDE, 0xFFDE, 0xFFDE,
    0xFFDE, 0xFFDE, 0xFFDE, 0xFFDE, 0xFFDE, 0xFFDE, 0xFFDE, 0xFFDE, 0xFFDE, 0xFFDE, 0xFFDE, 0xFFDE,
    0xFFDE, 0xFFDE, 0xFFDE, 0xFFDE, 0xFFDE, 0xFFDE, 0xFFDE, 0xFFDE, 0xFFDE, 0xFFDE, 0xFFDE, 0xFFDE,
    0xFFDE, 0xFFDE, 0xFFDE, 0xFFDE, 0xFFDE, 0xFFDE, 0xFFDE, 0xFFDE, 0xFFDE, 0xEF3B, 0x5A89, 0x3986,
    0x5208, 0x49C7, 0x3945, 0x8BEE, 0xFFDE, 0xFFDE, 0xFFDE, 0xFFDE, 0xFFDE, 0xFFDE, 0xFFDE, 0xFFDE,
    0xFFDE, 0xFFDE, 0xFFDE, 0xFFDE, 0xFFDE, 0xFFDE, 0xFFDE, 0xFFDE, 0xFFDE, 0xFFDE, 0xFFDE, 0xFFDE,
    0xFFDE, 0xFFDE, 0xFFDE, 0xFFDE, 0xFFDE, 0xFFDE, 0xFFDE, 0xFFDE, 0xFFDE, 0xFFDE, 0xFFDE, 0xFFDE,
    0xFFDE, 0xFFDE, 0xFFDE, 0xFFDE, 0xFFDE, 0xFFDE, 0xFFDE, 0xFFDE, 0xFFDE, 0xFFDE, 0xFFDE, 0xFFDE,
    0xFFDE, 0xFFDE, 0xFFDE, 0xFFDE, 0xFFDE, 0xFFDE, 0xFFDE, 0xFFDE, 0xFFDE, 0xFFDE, 0xFFDE, 0xFFDE,
    0xFFDE, 0xFFDE, 0xFFDE, 0xFFDE, 0xFFDE, 0xFFDE, 0xFFDE, 0xFFDE, 0xFFDE, 0xFFDE, 0xEF5C, 0x83AD,
    0x28C3, 0x41C6, 0x4186, 0x4186, 0x838D, 0xFFDE, 0xFFDE, 0xFFDE, 0xFFDE, 0xFFDE, 0xFFDE, 0xFFDE,
    0xFFDE, 0xFFDE, 0xFFDE, 0xFFDE, 0xFFDE, 0xFFDE, 0xFFDE, 0xFFDE, 0xFFDE, 0xFFDE, 0xFFDE, 0xFFDE,
    0xFFDE, 0xFFDE, 0xFFDE, 0xFFDE, 0xFFDE, 0xFFDE, 0xFFDE, 0xFFDE, 0xFFDE, 0xFFDE, 0xFFDE, 0xFFDE,
    0xFFDE, 0xFFDE, 0xFFDE, 0xFFDE, 0xFFDE, 0xFFDE, 0xFFDE, 0xFFDE, 0xFFDE, 0xFFDE, 0xFFDE, 0xFFDE,
    0xFFDE, 0xFFDE, 0xFFDE, 0xFFDE, 0xFFDE, 0xFFDE, 0xFFDE, 0xFFDE, 0xFFDE, 0xFFDE, 0xFFDE, 0xFFDE,
    0xEF3B, 0xEF3C, 0xEF5C, 0xEF5C, 0xEF5C, 0xEF5C, 0xEF5B, 0xE71B, 0xEF5C, 0xDEB9, 0x5249, 0x3104,
    0x4186, 0x3966, 0x28C3, 0x8BAE, 0xFFDE, 0xFFDE, 0xFFDE, 0xFFDE, 0xFFDE, 0xFFDE, 0xFFDE, 0xFFDE,
    0xFFDE, 0xFFDE, 0xFFDE, 0xFFDE, 0xFFDE, 0xFFDE, 0xFFDE, 0xFFDE, 0xFFDE, 0xFFDE, 0xFFDE, 0xFFDE,
    0xFFDE, 0xFFDE, 0xFFDE, 0xFFDE, 0xFFDE, 0xFFDE, 0xFFDE, 0xFFDE, 0xFFDE, 0xFFDE, 0xFFDE, 0xFFDE,
    0xFFDE, 0xFFDE, 0xFFDE, 0xFFDE, 0xFFDE, 0xFFDE, 0xFFDE, 0xFFDE, 0xFFDE, 0xFFDE, 0xFFDE, 0xFFDE,
    0xFFDE, 0xFFDE, 0xFFDE, 0xFFDE, 0xFFDE, 0xFFDE, 0xFFDE, 0xFFDE, 0xFFDE, 0xFFDE, 0xFFDE, 0xFFDE,
    0xFFDE, 0xFFDE, 0xFFDE, 0xFFDE, 0xFFDE, 0xFFDE, 0xFFDE, 0xFFDE, 0xFFDE, 0xFFDE, 0xFFDE, 0x9C71,
    0x4186, 0x5A49, 0x49A7, 0x49A6, 0x7B6C, 0xEF5C, 0xFFDE, 0xFFDE, 0xFFDE, 0xFFDE, 0xFFDE, 0xFFDE,
    0xFFDE, 0xFFDE, 0xFFDE, 0xFFDE, 0xFFDE, 0xFFDE, 0xFFDE, 0xFFDE, 0xFFDE, 0xFFDE, 0xFFDE, 0xFFDE,
    0xFFDE, 0xFFDE, 0xFFDE, 0xFFDE, 0xFFDE, 0xFFDE, 0xFFDE, 0xFFDE, 0xFFDE, 0xFFDE, 0xFFDE, 0xFFDE,
    0xFFDE, 0xFFDE, 0xFFDE, 0xFFDE, 0xFFDE, 0xFFDE, 0xFFDE, 0xFFDE, 0xFFDE, 0xFFDE, 0xFFDE, 0xFFDE,
    0xFFDE, 0xFFDE, 0xFFDE, 0xFFDE, 0xFFDE, 0xFFDE, 0xFFDE, 0xFFDE, 0xFFDE, 0xFFDE, 0xFFDE, 0xFFDE,
    0x732B, 0x7B6D, 0x7B6C, 0x7B6C, 0x7B6C, 0x7B6C, 0x7B4C, 0x734C, 0x7B6D, 0x62AA, 0x7B6D, 0xA4D2,
    0xA4D2, 0x9CB2, 0x9C51, 0xC5D6, 0xFFDE, 0xFFDE, 0xFFDE, 0xFFDE, 0xFFDE, 0xFFDE, 0xFFDE, 0xFFDE,
    0xFFDE, 0xFFDE, 0xFFDE, 0xFFDE, 0xFFDE, 0xFFDE, 0xFFDE, 0xFFDE, 0xFFDE, 0xFFDE, 0xFFDE, 0xFFDE,
    0xFFDE, 0xFFDE, 0xFFDE, 0xFFDE, 0xFFDE, 0xFFDE, 0xFFDE, 0xFFDE, 0xFFDE, 0xFFDE, 0xFFDE, 0xFFDE,
    0xFFDE, 0xFFDE, 0xFFDE, 0xFFDE, 0xFFDE, 0xFFDE, 0xFFDE, 0xFFDE, 0xFFDE, 0xFFDE, 0xFFDE, 0xFFDE,
    0xFFDE, 0xFFDE, 0xFFDE, 0xFFDE, 0xFFDE, 0xFFDE, 0xFFDE, 0xFFDE, 0xFFDE, 0xFFDE, 0xFFDE, 0xFFDE,
    0xFFDE, 0xFFDE, 0xFFDE, 0xFFDE, 0xFFDE, 0xFFDE, 0xFFDE, 0xFFDE, 0xFFDE, 0xFFDE, 0xFFDE, 0xE6FA,
    0xC5F6, 0xBD95, 0x732B, 0x49C7, 0x62AA, 0x8BEE, 0x83CE, 0x9C91, 0xEF5C, 0xFFDE, 0xFFDE, 0xFFDE,
    0xFFDE, 0xFFDE, 0xFFDE, 0xFFDE, 0xFFDE, 0xFFDE, 0xFFDE, 0xFFDE, 0xFFDE, 0xFFDE, 0xFFDE, 0xFFDE,
    0xFFDE, 0xFFDE, 0xFFDE, 0xFFDE, 0xFFDE, 0xFFDE, 0xFFDE, 0xFFDE, 0xFFDE, 0xFFDE, 0xFFDE, 0xFFDE,
    0xFFDE, 0xFFDE, 0xFFDE, 0xFFDE, 0xFFDE, 0xFFDE, 0xFFDE, 0xFFDE, 0xFFDE, 0xFFDE, 0xFFDE, 0xFFDE,
    0xFFDE, 0xFFDE, 0xFFDE, 0xFFDE, 0xFFDE, 0xFFDE, 0xFFDE, 0xFFDE, 0xFFDE, 0xFFDE, 0xFFDE, 0xFFDE,
    0x49C7, 0x5228, 0x5208, 0x5208, 0x5208, 0x5208, 0x5208, 0x5228, 0x5A69, 0x3966, 0xA4F2, 0xFFDE,
    0xFFDE, 0xFFDE, 0xFFDE, 0xFFDE, 0xFFDE, 0xFFDE, 0xFFDE, 0xFFDE, 0xFFDE, 0xFFDE, 0xFFDE, 0xFFDE,
    0xFFDE, 0xFFDE, 0xFFDE, 0xFFDE, 0xFFDE, 0xFFDE, 0xFFDE, 0xFFDE, 0xFFDE, 0xFFDE, 0xFFDE, 0xFFDE,
    0xFFDE, 0xFFDE, 0xFFDE, 0xFFDE, 0xFFDE, 0xFFDE, 0xFFDE, 0xFFDE, 0xFFDE, 0xFFDE, 0xFFDE, 0xFFDE,
    0xFFDE, 0xFFDE, 0xFFDE, 0xFFDE, 0xFFDE, 0xFFDE, 0xFFDE, 0xFFDE, 0xFFDE, 0xFFDE, 0xFFDE, 0xFFDE,
    0xFFDE, 0xFFDE, 0xFFDE, 0xFFDE, 0xFFDE, 0xFFDE, 0xFFDE, 0xFFDE, 0xFFDE, 0xFFDE, 0xFFDE, 0xFFDE,
    0xFFDE, 0xFFDE, 0xFFDE, 0xFFDE, 0xFFDE, 0xFFDE, 0xFFDE, 0xFFDE, 0xFFDE, 0xFFDE, 0xFFDE, 0xFFDE,
    0xFFDE, 0xFFDE, 0x9C4F, 0x5207, 0x62AA, 0x6ACA, 0x6269, 0x6AAA, 0xDE99, 0xFFDE, 0xFFDE, 0xFFDE,
    0xFFDE, 0xFFDE, 0xFFDE, 0xFFDE, 0xFFDE, 0xFFDE, 0xFFDE, 0xFFDE, 0xFFDE, 0xFFDE, 0xFFDE, 0xFFDE,
    0xFFDE, 0xFFDE, 0xFFDE, 0xFFDE, 0xFFDE, 0xFFDE, 0xFFDE, 0xFFDE, 0xFFDE, 0xFFDE, 0xFFDE, 0xFFDE,
    0xFFDE, 0xFFDE, 0xFFDE, 0xFFDE, 0xFFDE, 0xFFDE, 0xFFDE, 0xFFDE, 0xFFDE, 0xFFDE, 0xFFDE, 0xFFDE,
    0xFFDE, 0xFFDE, 0xFFDE, 0xFFDE, 0xFFDE, 0xFFDE, 0xFFDE, 0xFFDE, 0xFFDE, 0xFFDE, 0xFFDE, 0xFFDE,
    0x41A6, 0x49E7, 0x49E7, 0x49E7, 0x49E7, 0x49E7, 0x49E7, 0x49E8, 0x5228, 0x3965, 0xA4F2, 0xFFDE,
    0xFFDE, 0xFFDE, 0xFFDE, 0xFFDE, 0xFFDE, 0xFFDE, 0xFFDE, 0xFFDE, 0xFFDE, 0xFFDE, 0xFFDE, 0xFFDE,
    0xFFDE, 0xFFDE, 0xFFDE, 0xFFDE, 0xFFDE, 0xFFDE, 0xFFDE, 0xFFDE, 0xFFDE, 0xFFDE, 0xFFDE, 0xFFDE,
    0xFFDE, 0xFFDE, 0xFFDE, 0xFFDE, 0xFFDE, 0xFFDE, 0xFFDE, 0xFFDE, 0xFFDE, 0xFFDE, 0xFFDE, 0xFFDE,
    0xFFDE, 0xFFDE, 0xFFDE, 0xFFDE, 0xFFDE, 0xFFDE, 0xFFDE, 0xFFDE, 0xFFDE, 0xFFDE, 0xFFDE, 0xFFDE,
    0xFFDE, 0xFFDE, 0xFFDE, 0xFFDE, 0xFFDE, 0xFFDE, 0xFFDE, 0xFFDE, 0xFFDE, 0xFFDE, 0xFFDE, 0xFFDE,
    0xFFDE, 0xFFDE, 0xFFDE, 0xFFDE, 0xFFDE, 0xFFDE, 0xFFDE, 0xFFDE, 0xFFDE, 0xFFDE, 0xFFDE, 0xFFDE,
    0xFFDE, 0xFFDE, 0x9C50, 0x5207, 0x62AA, 0x6289, 0x5A48, 0x62AA, 0xDE99, 0xFFDE, 0xFFDE, 0xFFDE,
    0xFFDE, 0xFFDE, 0xFFDE, 0xFFDE, 0xFFDE, 0xFFDE, 0xFFDE, 0xFFDE, 0xFFDE, 0xFFDE, 0xFFDE, 0xFFDE,
    0xFFDE, 0xFFDE, 0xFFDE, 0xFFDE, 0xFFDE, 0xFFDE, 0xFFDE, 0xFFDE, 0xFFDE, 0xFFDE, 0xFFDE, 0xFFDE,
    0xFFDE, 0xFFDE, 0xFFDE, 0xFFDE, 0xFFDE, 0xFFDE, 0xFFDE, 0xFFDE, 0xFFDE, 0xFFDE, 0xFFDE, 0xFFDE,
    0xFFDE, 0xFFDE, 0xFFDE, 0xFFDE, 0xFFDE, 0xFFDE, 0xFFDE, 0xFFDE, 0xFFDE, 0xFFDE, 0xFFDE, 0xFFDE,
    0x41A6, 0x4A07, 0x49E7, 0x49E7, 0x49E7, 0x49E7, 0x49E7, 0x49E7, 0x5228, 0x3965, 0xA4D2, 0xFFDE,
    0xFFDE, 0xFFDE, 0xFFDE, 0xFFDE, 0xFFDE, 0xFFDE, 0xFFDE, 0xFFDE, 0xFFDE, 0xFFDE, 0xFFDE, 0xFFDE,
    0xFFDE, 0xFFDE, 0xFFDE, 0xFFDE, 0xFFDE, 0xFFDE, 0xFFDE, 0xFFDE, 0xFFDE, 0xFFDE, 0xFFDE, 0xFFDE,
    0xFFDE, 0xFFDE, 0xFFDE, 0xFFDE, 0xFFDE, 0xFFDE, 0xFFDE, 0xFFDE, 0xFFDE, 0xFFDE, 0xFFDE, 0xFFDE,
    0xFFDE, 0xFFDE, 0xFFDE, 0xFFDE, 0xFFDE, 0xFFDE, 0xFFDE, 0xFFDE, 0xFFDE, 0xFFDE, 0xFFDE, 0xFFDE,
    0xFFDE, 0xFFDE, 0xFFDE, 0xFFDE, 0xFFDE, 0xFFDE, 0xFFDE, 0xFFDE, 0xFFDE, 0xFFDE, 0xFFDE, 0xFFDE,
    0xFFDE, 0xFFDE, 0xFFDE, 0xFFDE, 0xFFDE, 0xFFDE, 0xFFDE, 0xFFDE, 0xFFDE, 0xFFDE, 0xFFDE, 0xFFDE,
    0xFFDE, 0xFFDE, 0x9C4F, 0x5207, 0x6ACA, 0x62AA, 0x5A69, 0x6ACA, 0xDEB9, 0xFFDE, 0xFFDE, 0xFFDE,
    0xFFDE, 0xFFDE, 0xFFDE, 0xFFDE, 0xFFDE, 0xFFDE, 0xFFDE, 0xFFDE, 0xFFDE, 0xFFDE, 0xFFDE, 0xFFDE,
    0xFFDE, 0xFFDE, 0xFFDE, 0xFFDE, 0xFFDE, 0xFFDE, 0xFFDE, 0xFFDE, 0xFFDE, 0xFFDE, 0xFFDE, 0xFFDE,
    0xFFDE, 0xFFDE, 0xFFDE, 0xFFDE, 0xFFDE, 0xFFDE, 0xFFDE, 0xFFDE, 0xFFDE, 0xFFDE, 0xFFDE, 0xFFDE,
    0xFFDE, 0xFFDE, 0xFFDE, 0xFFDE, 0xFFDE, 0xFFDE, 0xFFDE, 0xFFDE, 0xFFDE, 0xFFDE, 0xFFDE, 0xFFDE,
    0x3924, 0x4185, 0x4165, 0x3965, 0x3945, 0x3945, 0x3945, 0x4165, 0x49A6, 0x28A3, 0x9C71, 0xFFDE,
    0xFFDE, 0xFFDE, 0xFFDE, 0xFFDE, 0xFFDE, 0xFFDE, 0xFFDE, 0xFFDE, 0xFFDE, 0xFFDE, 0xFFDE, 0xFFDE,
    0xFFDE, 0xFFDE, 0xFFDE, 0xFFDE, 0xFFDE, 0xFFDE, 0xFFDE, 0xFFDE, 0xFFDE, 0xFFDE, 0xFFDE, 0xFFDE,
    0xFFDE, 0xFFDE, 0xFFDE, 0xFFDE, 0xFFDE, 0xFFDE, 0xFFDE, 0xFFDE, 0xFFDE, 0xFFDE, 0xFFDE, 0xFFDE,
    0xFFDE, 0xFFDE, 0xFFDE, 0xFFDE, 0xFFDE, 0xFFDE, 0xFFDE, 0xFFDE, 0xFFDE, 0xFFDE, 0xFFDE, 0xFFDE,
    0xFFDE, 0xFFDE, 0xFFDE, 0xFFDE, 0xFFDE, 0xFFDE, 0xFFDE, 0xFFDE, 0xFFDE, 0xFFDE, 0xFFDE, 0xFFDE,
    0xFFDE, 0xFFDE, 0xFFDE, 0xFFDE, 0xFFDE, 0xFFDE, 0xFFDE, 0xFFDE, 0xFFDE, 0xFFDE, 0xFFDE, 0xFFDE,
    0xFFDE, 0xFFDE, 0x942F, 0x4145, 0x5A28, 0x5207, 0x49A6, 0x5227, 0xDEB9, 0xFFDE, 0xFFDE, 0xFFDE,
    0xFFDE, 0xFFDE, 0xFFDE, 0xFFDE, 0xFFDE, 0xFFDE, 0xFFDE, 0xFFDE, 0xFFDE, 0xFFDE, 0xFFDE, 0xFFDE,
    0xFFDE, 0xFFDE, 0xFFDE, 0xFFDE, 0xFFDE, 0xFFDE, 0xFFDE, 0xFFDE, 0xFFDE, 0xFFDE, 0xFFDE, 0xFFDE,
    0xFFDE, 0xFFDE, 0xFFDE, 0xFFDE, 0xFFDE, 0xFFDE, 0xFFDE, 0xFFDE, 0xFFDE, 0xFFDE, 0xFFDE, 0xFFDE,
    0xFFDE, 0xFFDE, 0xFFDE, 0xFFDE, 0xFFDE, 0xFFDE, 0xBDB5, 0xAD13, 0xAD33, 0xAD33, 0xAD13, 0xC5D5,
    0x940F, 0x940F, 0x940F, 0x940F, 0x8BEF, 0x8C0F, 0x8C0F, 0x8C0F, 0x940F, 0x838D, 0xC5B5, 0xFFDE,
    0xFFDE, 0xFFDE, 0xFFDE, 0xFFDE, 0xFFDE, 0xFFDE, 0xFFDE, 0xFFDE, 0xFFDE, 0xFFDE, 0xFFDE, 0xFFDE,
    0xFFDE, 0xFFDE, 0xFFDE, 0xFFDE, 0xFFDE, 0xFFDE, 0xFFDE, 0xFFDE, 0xFFDE, 0xFFDE, 0xFFDE, 0xFFDE,
    0xFFDE, 0xFFDE, 0xFFDE, 0xFFDE, 0xFFDE, 0xFFDE, 0xFFDE, 0xFFDE, 0xFFDE, 0xFFDE, 0xFFDE, 0xFFDE,
    0xFFDE, 0xFFDE, 0xFFDE, 0xFFDE, 0xFFDE, 0xFFDE, 0xFFDE, 0xFFDE, 0xFFDE, 0xFFDE, 0xFFDE, 0xFFDE,
    0xFFDE, 0xFFDE, 0xFFDE, 0xFFDE, 0xFFDE, 0xFFDE, 0xFFDE, 0xFFDE, 0xFFDE, 0xFFDE, 0xFFDE, 0xFFDE,
    0xFFDE, 0xFFDE, 0xFFDE, 0xFFDE, 0xFFDE, 0xFFDE, 0xFFDE, 0xFFDE, 0xFFDE, 0xFFDE, 0xFFDE, 0xFFDE,
    0xFFDE, 0xFFDE, 0xC5B5, 0x83AD, 0x8BEE, 0x83CE, 0x8BCE, 0x83AD, 0x9C70, 0xBD95, 0xBDB5, 0xBDD6,
    0xBDB5, 0xC5D6, 0xEF5B, 0xFFDE, 0xFFDE, 0xFFDE, 0xFFDE, 0xFFDE, 0xFFDE, 0xFFDE, 0xFFDE, 0xFFDE,
    0xFFDE, 0xFFDE, 0xFFDE, 0xFFDE, 0xFFDE, 0xFFDE, 0xFFDE, 0xFFDE, 0xFFDE, 0xFFDE, 0xFFDE, 0xFFDE,
    0xFFDE, 0xFFDE, 0xFFDE, 0xFFDE, 0xFFDE, 0xFFDE, 0xFFDE, 0xFFDE, 0xFFDE, 0xFFDE, 0xFFDE, 0xFFDE,
    0xFFDE, 0xFFDE, 0xFFDE, 0xFFDE, 0xFFDE, 0xFFDE, 0x628A, 0x3925, 0x4186, 0x49A6, 0x30E3, 0x940F,
    0xFFDE, 0xFFDE, 0xFFDE, 0xFFDE, 0xFFDE, 0xFFDE, 0xFFDE, 0xFFDE, 0xFFDE, 0xFFDE, 0xFFDE, 0xFFDE,
    0xFFDE, 0xFFDE, 0xFFDE, 0xFFDE, 0xFFDE, 0xFFDE, 0xFFDE, 0xFFDE, 0xFFDE, 0xFFDE, 0xFFDE, 0xFFDE,
    0xFFDE, 0xFFDE, 0xFFDE, 0xFFDE, 0xFFDE, 0xFFDE, 0xFFDE, 0xFFDE, 0xFFDE, 0xFFDE, 0xFFDE, 0xFFDE,
    0xFFDE, 0xFFDE, 0xFFDE, 0xFFDE, 0xFFDE, 0xFFDE, 0xFFDE, 0xFFDE, 0xFFDE, 0xFFDE, 0xFFDE, 0xFFDE,
    0xFFDE, 0xFFDE, 0xFFDE, 0xFFDE, 0xFFDE, 0xFFDE, 0xFFDE, 0xFFDE, 0xFFDE, 0xFFDE, 0xFFDE, 0xFFDE,
    0xFFDE, 0xFFDE, 0xFFDE, 0xFFDE, 0xFFDE, 0xFFDE, 0xFFDE, 0xFFDE, 0xFFDE, 0xFFDE, 0xFFDE, 0xFFDE,
    0xFFDE, 0xFFDE, 0xFFDE, 0xFFDE, 0xFFDE, 0xFFDE, 0xFFDE, 0xFFDE, 0xFFDE, 0xFFDE, 0xFFDE, 0xFFDE,
    0xFFDE, 0xFFDE, 0xFFDE, 0xFFDE, 0xFFDE, 0xFFDE, 0xFFDE, 0xEF1B, 0x5A68, 0x3945, 0x49C6, 0x4186,
    0x3944, 0x41A6, 0xD658, 0xFFDE, 0xFFDE, 0xFFDE, 0xFFDE, 0xFFDE, 0xFFDE, 0xFFDE, 0xFFDE, 0xFFDE,
    0xFFDE, 0xFFDE, 0xFFDE, 0xFFDE, 0xFFDE, 0xFFDE, 0xFFDE, 0xFFDE, 0xFFDE, 0xFFDE, 0xFFDE, 0xFFDE,
    0xFFDE, 0xFFDE, 0xFFDE, 0xFFDE, 0xFFDE, 0xFFDE, 0xFFDE, 0xFFDE, 0xFFDE, 0xFFDE, 0xFFDE, 0xFFDE,
    0xFFDE, 0xFFDE, 0xFFDE, 0xFFDE, 0xFFDE, 0xFFDE, 0x730C, 0x5208, 0x6269, 0x628A, 0x49A7, 0xAD13,
    0xFFDE, 0xFFDE, 0xFFDE, 0xFFDE, 0xFFDE, 0xFFDE, 0xFFDE, 0xFFDE, 0xFFDE, 0xFFDE, 0xFFDE, 0xFFDE,
    0xFFDE, 0xFFDE, 0xFFDE, 0xFFDE, 0xFFDE, 0xFFDE, 0xFFDE, 0xFFDE, 0xFFDE, 0xFFDE, 0xFFDE, 0xFFDE,
    0xFFDE, 0xFFDE, 0xFFDE, 0xFFDE, 0xFFDE, 0xFFDE, 0xFFDE, 0xFFDE, 0xFFDE, 0xFFDE, 0xFFDE, 0xFFDE,
    0xFFDE, 0xFFDE, 0xFFDE, 0xFFDE, 0xFFDE, 0xFFDE, 0xFFDE, 0xFFDE, 0xFFDE, 0xFFDE, 0xFFDE, 0xFFDE,
    0xFFDE, 0xFFDE, 0xFFDE, 0xFFDE, 0xFFDE, 0xFFDE, 0xFFDE, 0xFFDE, 0xFFDE, 0xFFDE, 0xFFDE, 0xFFDE,
    0xFFDE, 0xFFDE, 0xFFDE, 0xFFDE, 0xFFDE, 0xFFDE, 0xFFDE, 0xFFDE, 0xFFDE, 0xFFDE, 0xFFDE, 0xFFDE,
    0xFFDE, 0xFFDE, 0xFFDE, 0xFFDE, 0xFFDE, 0xFFDE, 0xFFDE, 0xFFDE, 0xFFDE, 0xFFDE, 0xFFDE, 0xFFDE,
    0xFFDE, 0xFFDE, 0xFFDE, 0xFFDE, 0xFFDE, 0xFFDE, 0xFFDE, 0xEF5C, 0x72EB, 0x49C7, 0x5208, 0x51E7,
    0x4186, 0x49C6, 0xD658, 0xFFDE, 0xFFDE, 0xFFDE, 0xFFDE, 0xFFDE, 0xFFDE, 0xFFDE, 0xFFDE, 0xFFDE,
    0xFFDE, 0xFFDE, 0xFFDE, 0xFFDE, 0xFFDE, 0xFFDE, 0xFFDE, 0xFFDE, 0xFFDE, 0xFFDE, 0xFFDE, 0xFFDE,
    0xFFDE, 0xFFDE, 0xFFDE, 0xFFDE, 0xFFDE, 0xFFDE, 0xFFDE, 0xFFDE, 0xFFDE, 0xFFDE, 0xFFDE, 0xFFDE,
    0xFFDE, 0xFFDE, 0xFFDE, 0xFFDE, 0xFFDE, 0xFFDE, 0x6AEB, 0x51E8, 0x5A49, 0x6269, 0x49A6, 0xB533,
    0xFFDE, 0xFFDE, 0xFFDE, 0xFFDE, 0xFFDE, 0xFFDE, 0xFFDE, 0xFFDE, 0xFFDE, 0xFFDE, 0xFFDE, 0xFFDE,
    0xFFDE, 0xFFDE, 0xFFDE, 0xFFDE, 0xFFDE, 0xFFDE, 0xFFDE, 0xFFDE, 0xFFDE, 0xFFDE, 0xFFDE, 0xFFDE,
    0xFFDE, 0xFFDE, 0xFFDE, 0xFFDE, 0xFFDE, 0xFFDE, 0xFFDE, 0xFFDE, 0xFFDE, 0xFFDE, 0xFFDE, 0xFFDE,
    0xFFDE, 0xFFDE, 0xFFDE, 0xFFDE, 0xFFDE, 0xFFDE, 0xFFDE, 0xFFDE, 0xFFDE, 0xFFDE, 0xFFDE, 0xFFDE,
    0xFFDE, 0xFFDE, 0xFFDE, 0xFFDE, 0xFFDE, 0xFFDE, 0xFFDE, 0xFFDE, 0xFFDE, 0xFFDE, 0xFFDE, 0xFFDE,
    0xFFDE, 0xFFDE, 0xFFDE, 0xFFDE, 0xFFDE, 0xFFDE, 0xFFDE, 0xFFDE, 0xFFDE, 0xEED8, 0xEED9, 0xEED8,
    0xEED9, 0xEED9, 0xEED9, 0xEEF9, 0xEED9, 0xEED8, 0xF75A, 0xFFDE, 0xFFDE, 0xFFDE, 0xFFDE, 0xFFDE,
    0xFFDE, 0xFFDE, 0xFFDE, 0xFFDE, 0xFFDE, 0xFFDE, 0xFFDE, 0xEF5C, 0x6ACA, 0x49C7, 0x5A08, 0x5207,
    0x49A6, 0x5207, 0xD658, 0xFFDE, 0xFFDE, 0xFFDE, 0xFFDE, 0xFFDE, 0xFFDE, 0xFFDE, 0xFFDE, 0xFFDE,
    0xFFDE, 0xFFDE, 0xFFDE, 0xFFDE, 0xFFDE, 0xFFDE, 0xFFDE, 0xFFDE, 0xFFDE, 0xFFDE, 0xFFDE, 0xFFDE,
    0xFFDE, 0xFFDE, 0xFFDE, 0xFFDE, 0xFFDE, 0xFFDE, 0xFFDE, 0xFFDE, 0xFFDE, 0xFFDE, 0xFFDE, 0xFFDE,
    0xFFDE, 0xFFDE, 0xFFDE, 0xFFDE, 0xFFDE, 0xFFDE, 0x628A, 0x4166, 0x49C7, 0x51E8, 0x3904, 0xAD13,
    0xFFDE, 0xFFDE, 0xFFDE, 0xFFDE, 0xFFDE, 0xFFDE, 0xFFDE, 0xFFDE, 0xFFDE, 0xFFDE, 0xFFDE, 0xFFDE,
    0xFFDE, 0xFFDE, 0xFFDE, 0xFFDE, 0xFFDE, 0xFFDE, 0xFFDE, 0xFFDE, 0xFFDE, 0xFFDE, 0xFFDE, 0xFFDE,
    0xFFDE, 0xFFDE, 0xFFDE, 0xFFDE, 0xFFDE, 0xFFDE, 0xFFDE, 0xFFDE, 0xFFDE, 0xFFDE, 0xFFDE, 0xFFDE,
    0xFFDE, 0xFFDE, 0xFFDE, 0xFFDE, 0xFFDE, 0xFFDE, 0xFFDE, 0xFFDE, 0xFFDE, 0xFFDE, 0xFFDE, 0xFFDE,
    0xFFDE, 0xFFDE, 0xFFDE, 0xFFDE, 0xFFDE, 0xFFDE, 0xFFDE, 0xFFDE, 0xFFDE, 0xFFDE, 0xFFDE, 0xFFDE,
    0xFFDE, 0xFFDE, 0xFFDE, 0xFFDE, 0xFFDE, 0xFFDE, 0xFFDE, 0xFFDE, 0xFFDE, 0xBCD1, 0xCD32, 0xCD31,
    0xC511, 0xC512, 0xC532, 0xC531, 0xCD11, 0xC4F1, 0xDE35, 0xFFDE, 0xFFDE, 0xFFDE, 0xFFDE, 0xFFDE,
    0xFFDE, 0xFFDE, 0xFFDE, 0xFFDE, 0xFFDE, 0xFFDE, 0xFFDE, 0xEF5C, 0x6AEB, 0x49C7, 0x5A28, 0x5208,
    0x49C7, 0x5208, 0xD679, 0xFFDE, 0xFFDE, 0xFFDE, 0xFFDE, 0xFFDE, 0xFFDE, 0xFFDE, 0xFFDE, 0xFFDE,
    0xFFDE, 0xFFDE, 0xFFDE, 0xFFDE, 0xFFDE, 0xFFDE, 0xFFDE, 0xFFDE, 0xFFDE, 0xFFDE, 0xFFDE, 0xFFDE,
    0xFFDE, 0xFFDE, 0xFFDE, 0xFFDE, 0xFFDE, 0xFFDE, 0xFFDE, 0xFFDE, 0xFFDE, 0xFFDE, 0xFFDE, 0xFFDE,
    0xFFDE, 0xFFDE, 0xD678, 0xC5B6, 0xC5D6, 0xAD13, 0x6269, 0x628A, 0x6ACA, 0x72CB, 0x5A28, 0xC595,
    0xFFDE, 0xFFDE, 0xFFDE, 0xFFDE, 0xFFDE, 0xFFDE, 0xFFDE, 0xFFDE, 0xFFDE, 0xFFDE, 0xFFDE, 0xFFDE,
    0xFFDE, 0xFFDE, 0xFFDE, 0xFFDE, 0xFFDE, 0xFFDE, 0xFFDE, 0xFFDE, 0xFFDE, 0xFFDE, 0xFFDE, 0xFFDE,
    0xFFDE, 0xFFDE, 0xFFDE, 0xFFDE, 0xFFDE, 0xFFDE, 0xFFDE, 0xFFDE, 0xFFDE, 0xFFDE, 0xFFDE, 0xFFDE,
    0xFFDE, 0xFFDE, 0xFFDE, 0xFFDE, 0xFFDE, 0xFFDE, 0xFFDE, 0xFFDE, 0xFFDE, 0xFFDE, 0xFFDE, 0xFFDE,
    0xFFDE, 0xFFDE, 0xFFDE, 0xFFDE, 0xFFDE, 0xFFDE, 0xFFDE, 0xFFDE, 0xFFDE, 0xFFDE, 0xFFDE, 0xFFDE,
    0xFFDE, 0xFFDE, 0xFFDE, 0xFFDE, 0xFFDE, 0xFFDE, 0xFFDE, 0xFFDE, 0xF75A, 0xCD32, 0xD573, 0xCD52,
    0xCD52, 0xCD52, 0xCD52, 0xCD52, 0xCD32, 0xCD11, 0xDE15, 0xFFDE, 0xFFDE, 0xFFDE, 0xFFDE, 0xFFDE,
    0xFFDE, 0xFFDE, 0xFFDE, 0xFFDE, 0xFFDE, 0xFFDE, 0xFFDE, 0xEF3C, 0x6269, 0x4165, 0x49C6, 0x4986,
    0x4165, 0x5207, 0xDEBA, 0xFFDE, 0xFFDE, 0xFFDE, 0xFFDE, 0xFFDE, 0xFFDE, 0xFFDE, 0xFFDE, 0xFFDE,
    0xFFDE, 0xFFDE, 0xFFDE, 0xFFDE, 0xFFDE, 0xFFDE, 0xFFDE, 0xFFDE, 0xFFDE, 0xFFDE, 0xFFDE, 0xFFDE,
    0xFFDE, 0xFFDE, 0xFFDE, 0xFFDE, 0xFFDE, 0xFFDE, 0xFFDE, 0xFFDE, 0xFFDE, 0xFFDE, 0xFFDE, 0xFFDE,
    0xFFDE, 0xFFDE, 0x7B4C, 0x4186, 0x51E7, 0x4165, 0x7B4C, 0xE6B9, 0xEF3B, 0xEF1A, 0xE6DA, 0xFFDE,
    0xFFDE, 0xFFDE, 0xFFDE, 0xFFDE, 0xFFDE, 0xFFDE, 0xFFDE, 0xFFDE, 0xFFDE, 0xFFDE, 0xFFDE, 0xFFDE,
    0xFFDE, 0xFFDE, 0xFFDE, 0xFFDE, 0xFFDE, 0xFFDE, 0xFFDE, 0xFFDE, 0xFFDE, 0xFFDE, 0xFFDE, 0xFFDE,
    0xFFDE, 0xFFDE, 0xFFDE, 0xFFDE, 0xFFDE, 0xFFDE, 0xFFDE, 0xFFDE, 0xFFDE, 0xFFDE, 0xFFDE, 0xFFDE,
    0xFFDE, 0xFFDE, 0xFFDE, 0xFFDE, 0xFFDE, 0xFFDE, 0xFFDE, 0xFFDE, 0xFFDE, 0xFFDE, 0xFFDE, 0xFFDE,
    0xFFDE, 0xFFDE, 0xFFDE, 0xFFDE, 0xFFDE, 0xFFDE, 0xFFDE, 0xFFDE, 0xFFDE, 0xFFDE, 0xFFDE, 0xFFDE,
    0xFFDE, 0xFFDE, 0xFFDE, 0xFFDE, 0xFFDE, 0xFFDE, 0xFFDE, 0xFFDE, 0xDE15, 0xD572, 0xCD52, 0xCD52,
    0xCD52, 0xCD32, 0xCD32, 0xCD31, 0xCD31, 0xCD11, 0xDDF4, 0xFFDE, 0xFFDE, 0xFFDE, 0xFFDE, 0xFFDE,
    0xFFDE, 0xFFDE, 0xFFDE, 0xFFDE, 0xFFDE, 0xFFDE, 0xFFDE, 0xEF5C, 0x7B4C, 0x5A68, 0x6289, 0x6269,
    0x5207, 0x5207, 0xC5D6, 0xFFDE, 0xEF5C, 0xFFDE, 0xEF5C, 0xFFDE, 0xFFDE, 0xFFDE, 0xFFDE, 0xFFDE,
    0xFFDE, 0xFFDE, 0xFFDE, 0xFFDE, 0xFFDE, 0xFFDE, 0xFFDE, 0xFFDE, 0xFFDE, 0xFFDE, 0xFFDE, 0xFFDE,
    0xFFDE, 0xFFDE, 0xFFDE, 0xFFDE, 0xFFDE, 0xFFDE, 0xFFDE, 0xFFDE, 0xFFDE, 0xFFDE, 0xFFDE, 0xFFDE,
    0xFFDE, 0xFFDE, 0x7B4D, 0x5A28, 0x6269, 0x51E7, 0x93EE, 0xFFDE, 0xFFDE, 0xFFDE, 0xFFDE, 0xFFDE,
    0xFFDE, 0xFFDE, 0xFFDE, 0xFFDE, 0xFFDE, 0xFFDE, 0xFFDE, 0xFFDE, 0xFFDE, 0xFFDE, 0xFFDE, 0xFFDE,
    0xFFDE, 0xFFDE, 0xFFDE, 0xFFDE, 0xFFDE, 0xFFDE, 0xFFDE, 0xFFDE, 0xFFDE, 0xFFDE, 0xFFDE, 0xFFDE,
    0xFFDE, 0xFFDE, 0xFFDE, 0xFFDE, 0xFFDE, 0xFFDE, 0xFFDE, 0xFFDE, 0xFFDE, 0xFFDE, 0xFFDE, 0xFFDE,
    0xFFDE, 0xFFDE, 0xFFDE, 0xFFDE, 0xFFDE, 0xFFDE, 0xFFDE, 0xFFDE, 0xFFDE, 0xFFDE, 0xFFDE, 0xFFDE,
    0xFFDE, 0xFFDE, 0xFFDE, 0xFFDE, 0xFFDE, 0xFFDE, 0xFFDE, 0xFFDE, 0xFFDE, 0xFFDE, 0xFFDE, 0xFFDE,
    0xFFDE, 0xFFDE, 0xFFDE, 0xFFDE, 0xFFDE, 0xFFDE, 0xFFDE, 0xFFDE, 0xDDD4, 0xD552, 0xCD32, 0xCD32,
    0xCD31, 0xCD31, 0xCD31, 0xCD31, 0xCD11, 0xC4F0, 0xDDD4, 0xFFDE, 0xFFDE, 0xFFDE, 0xFFDE, 0xFFDE,
    0xFFDE, 0xFFDE, 0xFFDE, 0xFFDE, 0xFFDE, 0xFFDE, 0xFFDE, 0xFFDE, 0xEF1B, 0xE6DA, 0xDEDA, 0xDEB9,
    0xCE37, 0x83CE, 0x6269, 0x8BCE, 0x83CE, 0x8C0E, 0x8BCE, 0xD678, 0xFFDE, 0xFFDE, 0xFFDE, 0xFFDE,
    0xFFDE, 0xFFDE, 0xFFDE, 0xFFDE, 0xFFDE, 0xFFDE, 0xFFDE, 0xFFDE, 0xFFDE, 0xFFDE, 0xFFDE, 0xFFDE,
    0xFFDE, 0xFFDE, 0xFFDE, 0xFFDE, 0xFFDE, 0xFFDE, 0xFFDE, 0xFFDE, 0xFFDE, 0xFFDE, 0xFFDE, 0xFFDE,
    0xFFDE, 0xFFDE, 0x7B6D, 0x51E8, 0x5A28, 0x49C6, 0x8BAD, 0xF75C, 0xFFDE, 0xFFDE, 0xFFDE, 0xFFDE,
    0xFFDE, 0xFFDE, 0xFFDE, 0xFFDE, 0xFFDE, 0xFFDE, 0xFFDE, 0xFFDE, 0xFFDE, 0xFFDE, 0xFFDE, 0xFFDE,
    0xFFDE, 0xFFDE, 0xFFDE, 0xFFDE, 0xFFDE, 0xFFDE, 0xFFDE, 0xFFDE, 0xFFDE, 0xFFDE, 0xFFDE, 0xFFDE,
    0xFFDE, 0xFFDE, 0xFFDE, 0xFFDE, 0xFFDE, 0xFFDE, 0xFFDE, 0xFFDE, 0xFFDE, 0xFFDE, 0xFFDE, 0xFFDE,
    0xFFDE, 0xFFDE, 0xFFDE, 0xFFDE, 0xFFDE, 0xFFDE, 0xFFDE, 0xFFDE, 0xFFDE, 0xFFDE, 0xFFDE, 0xFFDE,
    0xFFDE, 0xFFDE, 0xFFDE, 0xFFDE, 0xFFDE, 0xFFDE, 0xFFDE, 0xFFDE, 0xFFDE, 0xFFDE, 0xFFDE, 0xFFDE,
    0xFFDE, 0xFFDE, 0xFFDE, 0xFFDE, 0xFFDE, 0xFFDE, 0xFFDE, 0xFFDE, 0xD5B4, 0xCD52, 0xCD31, 0xCD31,
    0xCD31, 0xCD11, 0xCD11, 0xCD11, 0xCD11, 0xCCF0, 0xD5B3, 0xFFDE, 0xFFDE, 0xFFDE, 0xFFDE, 0xFFDE,
    0xFFDE, 0xFFDE, 0xFFDE, 0xFFDE, 0xFFDE, 0xFFDE, 0xFFDE, 0xFFDE, 0xFFDE, 0xFFDE, 0xFFDE, 0xFFDE,
    0xFFDE, 0xB533, 0x3924, 0x51E7, 0x49A6, 0x49A6, 0x4145, 0xC617, 0xFFDE, 0xFFDE, 0xFFDE, 0xFFDE,
    0xFFDE, 0xFFDE, 0xFFDE, 0xFFDE, 0xFFDE, 0xFFDE, 0xFFDE, 0xFFDE, 0xFFDE, 0xFFDE, 0xFFDE, 0xFFDE,
    0xFFDE, 0xFFDE, 0xFFDE, 0xFFDE, 0xFFDE, 0xFFDE, 0xFFDE, 0xFFDE, 0xFFDE, 0xFFDE, 0xFFDE, 0xFFDE,
    0xFFDE, 0xFFDE, 0x7B6D, 0x51E7, 0x5A28, 0x49A6, 0x8BAD, 0xFFDE, 0xFFDE, 0xFFDE, 0xFFDE, 0xFFDE,
    0xFFDE, 0xFFDE, 0xFFDE, 0xFFDE, 0xFFDE, 0xFFDE, 0xFFDE, 0xFFDE, 0xFFDE, 0xFFDE, 0xFFDE, 0xFFDE,
    0xFFDE, 0xFFDE, 0xFFDE, 0xFFDE, 0xFFDE, 0xFFDE, 0xFFDE, 0xFFDE, 0xFFDE, 0xFFDE, 0xFFDE, 0xFFDE,
    0xFFDE, 0xFFDE, 0xFFDE, 0xFFDE, 0xFFDE, 0xFFDE, 0xFFDE, 0xFFDE, 0xFFDE, 0xFFDE, 0xFFDE, 0xFFDE,
    0xFFDE, 0xFFDE, 0xFFDE, 0xFFDE, 0xFFDE, 0xFFDE, 0xFFDE, 0xFFDE, 0xFFDE, 0xFFDE, 0xFFDE, 0xFFDE,
    0xFFDE, 0xFFDE, 0xFFDE, 0xFFDE, 0xFFDE, 0xFFDE, 0xFFDE, 0xFFDE, 0xFFDE, 0xFFDE, 0xFFDE, 0xFFDE,
    0xFFDE, 0xFFDE, 0xFFDE, 0xFFDE, 0xFFDE, 0xFFDE, 0xFFDE, 0xFFDE, 0xD5B3, 0xCD52, 0xCD11, 0xCD11,
    0xCD11, 0xCD11, 0xCD11, 0xCD11, 0xCD11, 0xCCF0, 0xD5B3, 0xFFDE, 0xFFDE, 0xFFDE, 0xFFDE, 0xFFDE,
    0xFFDE, 0xFFDE, 0xFFDE, 0xFFDE, 0xFFDE, 0xFFDE, 0xFFDE, 0xFFDE, 0xFFDE, 0xFFDE, 0xFFDE, 0xFFDE,
    0xFFDE, 0xACD2, 0x4186, 0x5A48, 0x5207, 0x5A28, 0x51E7, 0xCE37, 0xFFDE, 0xFFDE, 0xFFDE, 0xFFDE,
    0xFFDE, 0xFFDE, 0xFFDE, 0xFFDE, 0xFFDE, 0xFFDE, 0xFFDE, 0xFFDE, 0xFFDE, 0xFFDE, 0xFFDE, 0xFFDE,
    0xFFDE, 0xFFDE, 0xFFDE, 0xFFDE, 0xFFDE, 0xFFDE, 0xFFDE, 0xFFDE, 0xFFDE, 0xFFDE, 0xFFDE, 0xFFDE,
    0xFFDE, 0xFFDE, 0x7B4C, 0x51C7, 0x5A28, 0x49C7, 0x8BAD, 0xEF5B, 0xFFDE, 0xFFDE, 0xFFDE, 0xFFDE,
    0xFFDE, 0xFFDE, 0xFFDE, 0xFFDE, 0xFFDE, 0xFFDE, 0xFFDE, 0xFFDE, 0xFFDE, 0xFFDE, 0xFFDE, 0xFFDE,
    0xFFDE, 0xFFDE, 0xFFDE, 0xFFDE, 0xFFDE, 0xFFDE, 0xFFDE, 0xFFDE, 0xFFDE, 0xFFDE, 0xFFDE, 0xFFDE,
    0xFFDE, 0xFFDE, 0xFFDE, 0xFFDE, 0xFFDE, 0xFFDE, 0xFFDE, 0xFFDE, 0xFFDE, 0xFFDE, 0xFFDE, 0xFFDE,
    0xFFDE, 0xFFDE, 0xFFDE, 0xFFDE, 0xFFDE, 0xFFDE, 0xFFDE, 0xFFDE, 0xFFDE, 0xFFDE, 0xFFDE, 0xFFDE,
    0xFFDE, 0xFFDE, 0xFFDE, 0xFFDE, 0xFFDE, 0xFFDE, 0xFFDE, 0xFFDE, 0xFFDE, 0xFFDE, 0xFFDE, 0xFFDE,
    0xFFDE, 0xFFDE, 0xFFDE, 0xFFDE, 0xFFDE, 0xFFDE, 0xFFDE, 0xFFDE, 0xD5B3, 0xCD32, 0xCD11, 0xCD11,
    0xCD11, 0xCD11, 0xCD11, 0xCD11, 0xCD11, 0xCCF0, 0xD5B3, 0xFFDE, 0xFFDE, 0xFFDE, 0xFFDE, 0xFFDE,
    0xFFDE, 0xFFDE, 0xFFDE, 0xFFDE, 0xFFDE, 0xFFDE, 0xFFDE, 0xFFDE, 0xFFDE, 0xFFDE, 0xFFDE, 0xFFDE,
    0xFFDE, 0xB512, 0x4145, 0x5208, 0x49E7, 0x51E7, 0x49A6, 0xCE17, 0xFFDE, 0xFFDE, 0xFFDE, 0xFFDE,
    0xFFDE, 0xFFDE, 0xFFDE, 0xFFDE, 0xFFDE, 0xFFDE, 0xFFDE, 0xFFDE, 0xFFDE, 0xFFDE, 0xFFDE, 0xFFDE,
    0xFFDE, 0xFFDE, 0xFFDE, 0xFFDE, 0xFFDE, 0xFFDE, 0xFFDE, 0xFFDE, 0xFFDE, 0xFFDE, 0xFFDE, 0xFFDE,
    0xFFDE, 0xFFDE, 0x7B4C, 0x51C7, 0x6248, 0x51C6, 0x940F, 0xFFDE, 0xFFDE, 0xFFDE, 0xFFDE, 0xFFDE,
    0xFFDE, 0xFFDE, 0xFFDE, 0xFFDE, 0xFFDE, 0xFFDE, 0xFFDE, 0xFFDE, 0xFFDE, 0xFFDE, 0xFFDE, 0xFFDE,
    0xFFDE, 0xFFDE, 0xFFDE, 0xFFDE, 0xFFDE, 0xFFDE, 0xFFDE, 0xFFDE, 0xFFDE, 0xFFDE, 0xFFDE, 0xFFDE,
    0xFFDE, 0xFFDE, 0xFFDE, 0xFFDE, 0xFFDE, 0xFFDE, 0xFFDE, 0xFFDE, 0xFFDE, 0xFFDE, 0xFFDE, 0xFFDE,
    0xFFDE, 0xFFDE, 0xFFDE, 0xFFDE, 0xFFDE, 0xFFDE, 0xFFDE, 0xFFDE, 0xFFDE, 0xFFDE, 0xFFDE, 0xFFDE,
    0xFFDE, 0xFFDE, 0xFFDE, 0xFFDE, 0xFFDE, 0xFFDE, 0xFFDE, 0xFFDE, 0xFFDE, 0xFFDE, 0xFFDE, 0xF719,
    0xEED8, 0xEEB8, 0xEEB8, 0xEEB8, 0xEED8, 0xEED8, 0xEEF9, 0xEEB7, 0xCD72, 0xCD32, 0xCD11, 0xCD11,
    0xCD11, 0xCD11, 0xCD11, 0xCD31, 0xCD32, 0xCD11, 0xD593, 0xEEF9, 0xF739, 0xF719, 0xF75A, 0xFFDE,
    0xFFDE, 0xFFDE, 0xFFDE, 0xFFDE, 0xFFDE, 0xFFDE, 0xFFDE, 0xFFDE, 0xFFDE, 0xFFDE, 0xFFDE, 0xFFDE,
    0xFFDE, 0xB512, 0x3924, 0x51E7, 0x49C6, 0x51E7, 0x49A6, 0xBDB6, 0xFFDE, 0xFFDE, 0xFFDE, 0xFFDE,
    0xFFDE, 0xFFDE, 0xFFDE, 0xFFDE, 0xFFDE, 0xFFDE, 0xFFDE, 0xFFDE, 0xFFDE, 0xFFDE, 0xFFDE, 0xFFDE,
    0xFFDE, 0xFFDE, 0xFFDE, 0xFFDE, 0xFFDE, 0xFFDE, 0xFFDE, 0xFFDE, 0xFFDE, 0xE71A, 0xBD74, 0xBD94,
    0xC5D5, 0xC5B5, 0x6249, 0x8BCE, 0xCE17, 0xD617, 0xE6D9, 0xFFDE, 0xFFDE, 0xFFDE, 0xFFDE, 0xFFDE,
    0xFFDE, 0xFFDE, 0xFFDE, 0xFFDE, 0xFFDE, 0xFFDE, 0xFFDE, 0xFFDE, 0xFFDE, 0xFFDE, 0xFFDE, 0xFFDE,
    0xFFDE, 0xFFDE, 0xFFDE, 0xFFDE, 0xFFDE, 0xFFDE, 0xFFDE, 0xFFDE, 0xFFDE, 0xFFDE, 0xFFDE, 0xFFDE,
    0xFFDE, 0xFFDE, 0xFFDE, 0xFFDE, 0xFFDE, 0xFFDE, 0xFFDE, 0xFFDE, 0xFFDE, 0xFFDE, 0xFFDE, 0xFFDE,
    0xFFDE, 0xFFDE, 0xFFDE, 0xFFDE, 0xFFDE, 0xFFDE, 0xFFDE, 0xFFDE, 0xFFDE, 0xFFDE, 0xFFDE, 0xFFDE,
    0xFFDE, 0xFFDE, 0xFFDE, 0xFFDE, 0xFFDE, 0xFFDE, 0xFFDE, 0xFFDE, 0xFFDE, 0xFFDE, 0xEF19, 0xC511,
    0xC4D0, 0xC4F0, 0xC4F0, 0xC4F0, 0xC4F0, 0xC4F1, 0xC511, 0xC511, 0xCD31, 0xCD31, 0xCD31, 0xCD31,
    0xCD31, 0xCD31, 0xCD31, 0xCD31, 0xCD32, 0xCD32, 0xCD32, 0xCD32, 0xC532, 0xCD52, 0xD572, 0xEED8,
    0xFFDE, 0xFFDE, 0xFFDE, 0xFFDE, 0xFFDE, 0xFFDE, 0xFFDE, 0xFFDE, 0xFFDE, 0xFFDE, 0xFFDE, 0xFFDE,
    0xFFDE, 0xB512, 0x30E3, 0x49C6, 0x4986, 0x49A6, 0x4185, 0xA4F2, 0xFFDE, 0xFFDE, 0xFFDE, 0xFFDE,
    0xFFDE, 0xFFDE, 0xFFDE, 0xFFDE, 0xFFDE, 0xFFDE, 0xFFDE, 0xFFDE, 0xFFDE, 0xFFDE, 0xFFDE, 0xFFDE,
    0xFFDE, 0xFFDE, 0xFFDE, 0xFFDE, 0xFFDE, 0xFFDE, 0xFFDE, 0xFFDE, 0xFFDE, 0xACF2, 0x4186, 0x49A6,
    0x4986, 0x49C7, 0x4125, 0xBD74, 0xFFDE, 0xFFDE, 0xFFDE, 0xFFDE, 0xFFDE, 0xFFDE, 0xFFDE, 0xFFDE,
    0xFFDE, 0xFFDE, 0xFFDE, 0xFFDE, 0xFFDE, 0xFFDE, 0xFFDE, 0xFFDE, 0xFFDE, 0xFFDE, 0xFFDE, 0xFFDE,
    0xFFDE, 0xFFDE, 0xFFDE, 0xFFDE, 0xFFDE, 0xFFDE, 0xFFDE, 0xFFDE, 0xFFDE, 0xFFDE, 0xFFDE, 0xFFDE,
    0xFFDE, 0xFFDE, 0xFFDE, 0xFFDE, 0xFFDE, 0xFFDE, 0xFFDE, 0xFFDE, 0xFFDE, 0xFFDE, 0xFFDE, 0xFFDE,
    0xFFDE, 0xFFDE, 0xFFDE, 0xFFDE, 0xFFDE, 0xFFDE, 0xFFDE, 0xFFDE, 0xFFDE, 0xFFDE, 0xFFDE, 0xFFDE,
    0xFFDE, 0xFFDE, 0xFFDE, 0xFFDE, 0xFFDE, 0xFFDE, 0xFFDE, 0xFFDE, 0xFFDE, 0xFFDE, 0xEEF9, 0xCD11,
    0xCD11, 0xCD31, 0xCD31, 0xCD31, 0xCD31, 0xCD32, 0xCD32, 0xCD32, 0xCD52, 0xCD32, 0xCD32, 0xCD32,
    0xCD31, 0xCD31, 0xCD31, 0xCD32, 0xCD32, 0xCD52, 0xCD52, 0xCD52, 0xD573, 0xCD52, 0xD532, 0xE656,
    0xFFDE, 0xFFDE, 0xFFDE, 0xFFDE, 0xFFDE, 0xFFDE, 0xFFDE, 0xFFDE, 0xFFDE, 0xFFDE, 0xFFDE, 0xFFDE,
    0xFFDE, 0xCDF5, 0x7B4C, 0x83AE, 0x838D, 0x836D, 0x7B2C, 0x730B, 0xB574, 0xDEB9, 0xFFDE, 0xFFDE,
    0xFFDE, 0xFFDE, 0xFFDE, 0xFFDE, 0xFFDE, 0xFFDE, 0xFFDE, 0xFFDE, 0xFFDE, 0xFFDE, 0xFFDE, 0xFFDE,
    0xFFDE, 0xFFDE, 0xFFDE, 0xFFDE, 0xFFDE, 0xFFDE, 0xFFDE, 0xFFDE, 0xFFDE, 0xACF2, 0x6229, 0x6249,
    0x5A49, 0x6269, 0x4986, 0xAD12, 0xFFDE, 0xFFDE, 0xFFDE, 0xFFDE, 0xFFDE, 0xFFDE, 0xFFDE, 0xFFDE,
    0xFFDE, 0xFFDE, 0xFFDE, 0xFFDE, 0xFFDE, 0xFFDE, 0xFFDE, 0xFFDE, 0xFFDE, 0xFFDE, 0xFFDE, 0xFFDE,
    0xFFDE, 0xFFDE, 0xFFDE, 0xFFDE, 0xFFDE, 0xFFDE, 0xFFDE, 0xFFDE, 0xFFDE, 0xFFDE, 0xFFDE, 0xFFDE,
    0xFFDE, 0xFFDE, 0xFFDE, 0xFFDE, 0xFFDE, 0xFFDE, 0xFFDE, 0xFFDE, 0xFFDE, 0xFFDE, 0xFFDE, 0xFFDE,
    0xFFDE, 0xFFDE, 0xFFDE, 0xFFDE, 0xFFDE, 0xFFDE, 0xFFDE, 0xFFDE, 0xFFDE, 0xFFDE, 0xFFDE, 0xFFDE,
    0xFFDE, 0xFFDE, 0xFFDE, 0xFFDE, 0xFFDE, 0xFFDE, 0xFFDE, 0xFFDE, 0xFFDE, 0xFFDE, 0xEEF9, 0xCD11,
    0xCD11, 0xCD31, 0xCD11, 0xCD11, 0xCD31, 0xCD31, 0xCD31, 0xCD31, 0xCD52, 0xCD52, 0xCD52, 0xCD52,
    0xCD32, 0xCD32, 0xCD32, 0xCD52, 0xCD52, 0xCD52, 0xCD52, 0xCD52, 0xCD52, 0xCD52, 0xCD11, 0xDE15,
    0xFFDE, 0xFFDE, 0xFFDE, 0xFFDE, 0xFFDE, 0xFFDE, 0xFFDE, 0xFFDE, 0xFFDE, 0xFFDE, 0xFFDE, 0xFFDE,
    0xFFDE, 0xFFDE, 0xFFDE, 0xFFDE, 0xFFDE, 0xFFDE, 0xFFDE, 0x5207, 0x49C7, 0x6B0B, 0x9450, 0xACF2,
    0xAD33, 0xE71B, 0xFFDE, 0xFFDE, 0xFFDE, 0xFFDE, 0xFFDE, 0xFFDE, 0xFFDE, 0xFFDE, 0xFFDE, 0xFFDE,
    0xFFDE, 0xFFDE, 0xFFDE, 0xFFDE, 0xFFDE, 0xFFDE, 0xFFDE, 0xFFDE, 0xFFDE, 0xAD13, 0x5A28, 0x5A28,
    0x5A28, 0x6269, 0x49A6, 0xB533, 0xFFDE, 0xFFDE, 0xFFDE, 0xFFDE, 0xFFDE, 0xFFDE, 0xFFDE, 0xFFDE,
    0xFFDE, 0xFFDE, 0xFFDE, 0xFFDE, 0xFFDE, 0xFFDE, 0xFFDE, 0xFFDE, 0xFFDE, 0xFFDE, 0xFFDE, 0xFFDE,
    0xFFDE, 0xFFDE, 0xFFDE, 0xFFDE, 0xFFDE, 0xFFDE, 0xFFDE, 0xFFDE, 0xFFDE, 0xFFDE, 0xFFDE, 0xFFDE,
    0xFFDE, 0xFFDE, 0xFFDE, 0xFFDE, 0xFFDE, 0xFFDE, 0xFFDE, 0xFFDE, 0xFFDE, 0xFFDE, 0xFFDE, 0xFFDE,
    0xFFDE, 0xFFDE, 0xFFDE, 0xFFDE, 0xFFDE, 0xFFDE, 0xFFDE, 0xFFDE, 0xFFDE, 0xFFDE, 0xFFDE, 0xFFDE,
    0xFFDE, 0xFFDE, 0xFFDE, 0xFFDE, 0xFFDE, 0xFFDE, 0xFFDE, 0xFFDE, 0xFFDE, 0xFFDE, 0xEEF9, 0xCD11,
    0xCD11, 0xCD31, 0xCD31, 0xCD31, 0xCD31, 0xCD31, 0xCD31, 0xCD32, 0xCD32, 0xCD32, 0xCD32, 0xCD52,
    0xCD52, 0xCD32, 0xCD32, 0xCD32, 0xCD52, 0xCD52, 0xCD52, 0xCD52, 0xCD52, 0xCD52, 0xCD31, 0xCD52,
    0xE615, 0xDDD3, 0xDDD3, 0xFF5A, 0xFFDE, 0xFFDE, 0xFFDE, 0xFFDE, 0xFFDE, 0xFFDE, 0xFFDE, 0xFFDE,
    0xFFDE, 0xFFDE, 0xFFDE, 0xFFDE, 0xFFDE, 0xFFDE, 0xFFDE, 0x49A6, 0x5208, 0x49E7, 0x41A6, 0x4185,
    0x3945, 0xACF3, 0xFFDE, 0xFFDE, 0xFFDE, 0xFFDE, 0xFFDE, 0xFFDE, 0xFFDE, 0xFFDE, 0xFFDE, 0xFFDE,
    0xFFDE, 0xFFDE, 0xFFDE, 0xFFDE, 0xFFDE, 0xFFDE, 0xFFDE, 0xFFDE, 0xFFDE, 0xAD13, 0x5A28, 0x6249,
    0x5A28, 0x6269, 0x51C6, 0xB533, 0xFFDE, 0xFFDE, 0xFFDE, 0xFFDE, 0xFFDE, 0xFFDE, 0xFFDE, 0xFFDE,
    0xFFDE, 0xFFDE, 0xFFDE, 0xFFDE, 0xFFDE, 0xFFDE, 0xFFDE, 0xFFDE, 0xFFDE, 0xFFDE, 0xFFDE, 0xFFDE,
    0xFFDE, 0xFFDE, 0xFFDE, 0xFFDE, 0xFFDE, 0xFFDE, 0xFFDE, 0xFFDE, 0xFFDE, 0xFFDE, 0xFFDE, 0xFFDE,
    0xFFDE, 0xFFDE, 0xFFDE, 0xFFDE, 0xFFDE, 0xFFDE, 0xFFDE, 0xFFDE, 0xFFDE, 0xFFDE, 0xFFDE, 0xFFDE,
    0xFFDE, 0xFFDE, 0xFFDE, 0xFFDE, 0xFFDE, 0xFFDE, 0xFFDE, 0xFFDE, 0xFFDE, 0xFFDE, 0xFFDE, 0xFFDE,
    0xFFDE, 0xFFDE, 0xFFDE, 0xFFDE, 0xFFDE, 0xFFDE, 0xFFDE, 0xFFDE, 0xFFDE, 0xFFDE, 0xEEF9, 0xCD11,
    0xCD31, 0xCD31, 0xCD31, 0xCD31, 0xCD31, 0xCD31, 0xCD32, 0xCD32, 0xCD52, 0xCD52, 0xCD52, 0xCD52,
    0xCD52, 0xCD52, 0xCD52, 0xCD32, 0xCD32, 0xCD32, 0xCD32, 0xCD32, 0xCD32, 0xCD32, 0xCD31, 0xCD31,
    0xC4D0, 0xBC8F, 0xD551, 0xFF39, 0xFFDE, 0xFFDE, 0xFFDE, 0xFFDE, 0xFFDE, 0xFFDE, 0xFFDE, 0xFFDE,
    0xFFDE, 0xFFDE, 0xFFDE, 0xFFDE, 0xFFDE, 0xFFDE, 0xFFDE, 0x49C6, 0x5208, 0x5207, 0x5228, 0x5208,
    0x4A07, 0xACF3, 0xFFDE, 0xFFDE, 0xFFDE, 0xFFDE, 0xFFDE, 0xFFDE, 0xFFDE, 0xFFDE, 0xFFDE, 0xFFDE,
    0xFFDE, 0xFFDE, 0xFFDE, 0xFFDE, 0xFFDE, 0xFFDE, 0xFFDE, 0xFFDE, 0xFFDE, 0xACD2, 0x59E8, 0x5A08,
    0x5A08, 0x6249, 0x4986, 0xACF3, 0xFFDE, 0xFFDE, 0xFFDE, 0xFFDE, 0xFFDE, 0xFFDE, 0xFFDE, 0xFFDE,
    0xFFDE, 0xFFDE, 0xFFDE, 0xFFDE, 0xFFDE, 0xFFDE, 0xFFDE, 0xFFDE, 0xFFDE, 0xFFDE, 0xFFDE, 0xFFDE,
    0xFFDE, 0xFFDE, 0xFFDE, 0xFFDE, 0xFFDE, 0xFFDE, 0xFFDE, 0xFFDE, 0xFFDE, 0xFFDE, 0xFFDE, 0xFFDE,
    0xFFDE, 0xFFDE, 0xFFDE, 0xFFDE, 0xFFDE, 0xFFDE, 0xFFDE, 0xFFDE, 0xFFDE, 0xFFDE, 0xFFDE, 0xFFDE,
    0xFFDE, 0xFFDE, 0xFFDE, 0xFFDE, 0xFFDE, 0xFFDE, 0xFFDE, 0xFFDE, 0xFFDE, 0xFFDE, 0xFFDE, 0xFFDE,
    0xFFDE, 0xFFDE, 0xFFDE, 0xFFDE, 0xFFDE, 0xFFDE, 0xFFDE, 0xFFDE, 0xFFDE, 0xFFDE, 0xEEF9, 0xCD11,
    0xCD31, 0xCD32, 0xCD32, 0xCD32, 0xCD31, 0xCD32, 0xCD32, 0xCD32, 0xCD32, 0xCD52, 0xCD32, 0xCD32,
    0xCD32, 0xCD32, 0xCD32, 0xCD32, 0xCD32, 0xCD32, 0xCD32, 0xCD32, 0xCD31, 0xCD31, 0xCD31, 0xCD11,
    0xCD11, 0xC511, 0xD572, 0xEE96, 0xFFDE, 0xFFDE, 0xFFDE, 0xFFDE, 0xFFDE, 0xFFDE, 0xFFDE, 0xFFDE,
    0xFFDE, 0xFFDE, 0xFFDE, 0xFFDE, 0xFFDE, 0xFFDE, 0xFFDE, 0x49A6, 0x5208, 0x5207, 0x5208, 0x49E7,
    0x49C7, 0xAD54, 0xFFDE, 0xFFDE, 0xFFDE, 0xFFDE, 0xFFDE, 0xFFDE, 0xFFDE, 0xFFDE, 0xFFDE, 0xFFDE,
    0xFFDE, 0xFFDE, 0xFFDE, 0xFFDE, 0x83AD, 0x4185, 0x51E7, 0x5207, 0x49A5, 0x7B4C, 0xEF5C, 0xE6FB,
    0xDEDA, 0xDE78, 0xD658, 0xEF5C, 0xFFDE, 0xFFDE, 0xFFDE, 0xFFDE, 0xFFDE, 0xFFDE, 0xFFDE, 0xFFDE,
    0xFFDE, 0xFFDE, 0xFFDE, 0xFFDE, 0xFFDE, 0xFFDE, 0xFFDE, 0xFFDE, 0xFFDE, 0xFFDE, 0xEE97, 0xD552,
    0xD572, 0xD572, 0xCD11, 0xEE97, 0xFFDE, 0xFFDE, 0xFFDE, 0xFFDE, 0xFFDE, 0xFFDE, 0xFFDE, 0xFFDE,
    0xFFDE, 0xFFDE, 0xFFDE, 0xFFDE, 0xFFDE, 0xFFDE, 0xFFDE, 0xFFDE, 0xFFDE, 0xFFDE, 0xFFDE, 0xFFDE,
    0xFFDE, 0xFFDE, 0xFFDE, 0xFFDE, 0xFFDE, 0xFFDE, 0xFFDE, 0xFFDE, 0xFFDE, 0xFFDE, 0xFFDE, 0xFFDE,
    0xFFDE, 0xFFDE, 0xFFDE, 0xFFDE, 0xFFDE, 0xFFDE, 0xFFDE, 0xFFDE, 0xFFDE, 0xFFDE, 0xEF19, 0xCD11,
    0xCD32, 0xCD52, 0xCD32, 0xCD32, 0xCD32, 0xCD32, 0xCD32, 0xCD31, 0xCD31, 0xCD32, 0xCD32, 0xCD32,
    0xCD32, 0xCD31, 0xCD31, 0xCD31, 0xCD31, 0xCD31, 0xCD31, 0xCD31, 0xCD11, 0xCD11, 0xCD11, 0xC4F0,
    0xC4F0, 0xC4F0, 0xBC8F, 0xBCB0, 0xEED9, 0xFFDE, 0xFFDE, 0xFFDE, 0xFFDE, 0xFFDE, 0xFFDE, 0xFFDE,
    0xFFDE, 0xFFDE, 0xFFDE, 0xFFDE, 0xFFDE, 0xFFDE, 0xFFDE, 0x5A28, 0x628A, 0x6ACA, 0x72EB, 0x6AEB,
    0x6B0B, 0x628A, 0x51E7, 0x49C7, 0x4986, 0x49A6, 0xBD74, 0xFFDE, 0xFFDE, 0xFFDE, 0xFFDE, 0xFFDE,
    0xFFDE, 0xFFDE, 0xFFDE, 0xFFDE, 0x732C, 0x49A6, 0x51E7, 0x5A48, 0x4145, 0x9C30, 0xFFDE, 0xFFDE,
    0xFFDE, 0xFFDE, 0xFFDE, 0xFFDE, 0xFFDE, 0xFFDE, 0xFFDE, 0xFFDE, 0xFFDE, 0xFFDE, 0xFFDE, 0xFFDE,
    0xFFDE, 0xFFDE, 0xFFDE, 0xFFDE, 0xFFDE, 0xFFDE, 0xFFDE, 0xFFDE, 0xFFDE, 0xFFDE, 0xE697, 0xD572,
    0xD572, 0xD593, 0xD552, 0xEEB8, 0xFFDE, 0xFFDE, 0xFFDE, 0xFFDE, 0xFFDE, 0xFFDE, 0xFFDE, 0xFFDE,
    0xFFDE, 0xFFDE, 0xFFDE, 0xFFDE, 0xFFDE, 0xFFDE, 0xFFDE, 0xFFDE, 0xFFDE, 0xFFDE, 0xFFDE, 0xFFDE,
    0xFFDE, 0xFFDE, 0xFFDE, 0xFFDE, 0xFFDE, 0xFFDE, 0xFFDE, 0xFFDE, 0xFFDE, 0xFFDE, 0xFFDE, 0xFFDE,
    0xFFDE, 0xFFDE, 0xFFDE, 0xFFDE, 0xFFDE, 0xFFDE, 0xFFDE, 0xFFDE, 0xFFDE, 0xFFDE, 0xEF1A, 0xCD11,
    0xCD11, 0xCD32, 0xCD32, 0xCD32, 0xCD52, 0xCD32, 0xCD32, 0xCD31, 0xCD31, 0xCD31, 0xCD31, 0xCD31,
    0xCD31, 0xCD31, 0xCD31, 0xCD31, 0xCD31, 0xCD31, 0xCD31, 0xCD11, 0xCD11, 0xCD11, 0xCCF1, 0xC4F0,
    0xC4F0, 0xC4D0, 0xB46F, 0xB46F, 0xEEB8, 0xFFDE, 0xFFDE, 0xFFDE, 0xFFDE, 0xFFDE, 0xFFDE, 0xFFDE,
    0xFFDE, 0xFFDE, 0xFFDE, 0xFFDE, 0xFFDE, 0xFFDE, 0xFFDE, 0xEF1B, 0xF75B, 0xFFDE, 0xFFDE, 0xFFDE,
    0xFFDE, 0x7B6D, 0x5A28, 0x5A08, 0x51E7, 0x51E7, 0xC5D5, 0xFFDE, 0xFFDE, 0xFFDE, 0xFFDE, 0xFFDE,
    0xFFDE, 0xFFDE, 0xFFDE, 0xFFDE, 0x732C, 0x4986, 0x51C7, 0x5208, 0x3944, 0x9C30, 0xFFDE, 0xFFDE,
    0xFFDE, 0xFFDE, 0xFFDE, 0xFFDE, 0xFFDE, 0xFFDE, 0xFFDE, 0xFFDE, 0xFFDE, 0xFFDE, 0xFFDE, 0xFFDE,
    0xFFDE, 0xFFDE, 0xFFDE, 0xFFDE, 0xFFDE, 0xFFDE, 0xFFDE, 0xFFDE, 0xFFDE, 0xFFDE, 0xE677, 0xD552,
    0xD572, 0xD572, 0xCD51, 0xEEB7, 0xFFDE, 0xFFDE, 0xFFDE, 0xFFDE, 0xFFDE, 0xFFDE, 0xFFDE, 0xFFDE,
    0xFFDE, 0xFFDE, 0xFFDE, 0xFFDE, 0xFFDE, 0xFFDE, 0xFFDE, 0xFFDE, 0xFFDE, 0xFFDE, 0xFFDE, 0xFFDE,
    0xFFDE, 0xFFDE, 0xFFDE, 0xFFDE, 0xFFDE, 0xFFDE, 0xFFDE, 0xFFDE, 0xFFDE, 0xFFDE, 0xFFDE, 0xFFDE,
    0xFFDE, 0xFFDE, 0xFFDE, 0xFFDE, 0xFFDE, 0xFFDE, 0xFFDE, 0xFFDE, 0xFFDE, 0xFFDE, 0xF75B, 0xDE15,
    0xDDD5, 0xDDF5, 0xD593, 0xCD72, 0xCD32, 0xCD32, 0xCD32, 0xCD31, 0xCD31, 0xCD31, 0xCD31, 0xCD31,
    0xCD31, 0xCD31, 0xCD31, 0xCD31, 0xCD31, 0xCD11, 0xCD11, 0xCD11, 0xCD11, 0xCD11, 0xC4F1, 0xC4F0,
    0xBCD0, 0xBCB0, 0xA3CD, 0xA3ED, 0xE6B8, 0xFFDE, 0xFFDE, 0xFFDE, 0xFFDE, 0xFFDE, 0xFFDE, 0xFFDE,
    0xFFDE, 0xFFDE, 0xFFDE, 0xFFDE, 0xFFDE, 0xFFDE, 0xFFDE, 0xFFDE, 0xFFDE, 0xFFDE, 0xFFDE, 0xFFDE,
    0xFFDE, 0x732C, 0x5A08, 0x51E7, 0x51E7, 0x51E7, 0xCE16, 0xFFDE, 0xFFDE, 0xFFDE, 0xFFDE, 0xFFDE,
    0xFFDE, 0xFFDE, 0xFFDE, 0xFFDE, 0x732C, 0x4186, 0x49C6, 0x5207, 0x3924, 0x9C30, 0xFFDE, 0xFFDE,
    0xFFDE, 0xFFDE, 0xFFDE, 0xFFDE, 0xFFDE, 0xFFDE, 0xFFDE, 0xFFDE, 0xFFDE, 0xFFDE, 0xFFDE, 0xFFDE,
    0xFFDE, 0xFFDE, 0xFFDE, 0xFFDE, 0xFFDE, 0xFFDE, 0xFFDE, 0xFFDE, 0xFFDE, 0xFFDE, 0xE677, 0xD552,
    0xD552, 0xD552, 0xCD31, 0xEE97, 0xFFDE, 0xFFDE, 0xFFDE, 0xFFDE, 0xFFDE, 0xFFDE, 0xFFDE, 0xFFDE,
    0xFFDE, 0xFFDE, 0xFFDE, 0xFFDE, 0xFFDE, 0xFFDE, 0xFFDE, 0xFFDE, 0xFFDE, 0xFFDE, 0xFFDE, 0xFFDE,
    0xFFDE, 0xFFDE, 0xFFDE, 0xFFDE, 0xFFDE, 0xFFDE, 0xFFDE, 0xFFDE, 0xFFDE, 0xFFDE, 0xFFDE, 0xFFDE,
    0xFFDE, 0xFFDE, 0xFFDE, 0xFFDE, 0xFFDE, 0xFFDE, 0xFFDE, 0xFFDE, 0xFFDE, 0xFFDE, 0xFFDE, 0xFFDE,
    0xFFDE, 0xFFDE, 0xFFDE, 0xE697, 0xCD32, 0xCD52, 0xCD52, 0xCD32, 0xCD31, 0xCD31, 0xCD31, 0xCD31,
    0xCD31, 0xCD31, 0xCD31, 0xCD31, 0xCD11, 0xCD11, 0xCD11, 0xCD11, 0xCD11, 0xCD11, 0xC4F0, 0xA40D,
    0x9BAC, 0x93AC, 0x934B, 0x9BCD, 0xE6B8, 0xFFDE, 0xFFDE, 0xFFDE, 0xFFDE, 0xFFDE, 0xFFDE, 0xFFDE,
    0xFFDE, 0xFFDE, 0xFFDE, 0xFFDE, 0xFFDE, 0xFFDE, 0xFFDE, 0xFFDE, 0xFFDE, 0xFFDE, 0xFFDE, 0xFFDE,
    0xFFDE, 0x72EB, 0x51E7, 0x51E7, 0x51C7, 0x51E7, 0xCE17, 0xFFDE, 0xFFDE, 0xFFDE, 0xFFDE, 0xFFDE,
    0xFFDE, 0xFFDE, 0xFFDE, 0xFFDE, 0x6B0B, 0x4165, 0x49A6, 0x51E7, 0x3903, 0x9C50, 0xFFDE, 0xFFDE,
    0xFFDE, 0xFFDE, 0xFFDE, 0xFFDE, 0xFFDE, 0xFFDE, 0xFFDE, 0xFFDE, 0xFFDE, 0xFFDE, 0xFFDE, 0xFFDE,
    0xFFDE, 0xFFDE, 0xFFDE, 0xFFDE, 0xFFDE, 0xFFDE, 0xFFDE, 0xFFDE, 0xFFDE, 0xFFDE, 0xE656, 0xCD31,
    0xD552, 0xD552, 0xCD31, 0xEE97, 0xFFDE, 0xFFDE, 0xFFDE, 0xFFDE, 0xFFDE, 0xFFDE, 0xFFDE, 0xFFDE,
    0xFFDE, 0xFFDE, 0xFFDE, 0xFFDE, 0xFFDE, 0xFFDE, 0xFFDE, 0xFFDE, 0xFFDE, 0xFFDE, 0xFFDE, 0xFFDE,
    0xFFDE, 0xFFDE, 0xFFDE, 0xFFDE, 0xFFDE, 0xFFDE, 0xFFDE, 0xFFDE, 0xFFDE, 0xFFDE, 0xFFDE, 0xFFDE,
    0xFFDE, 0xFFDE, 0xFFDE, 0xFFDE, 0xFFDE, 0xFFDE, 0xFFDE, 0xFFDE, 0xFFDE, 0xFFDE, 0xFFDE, 0xFFDE,
    0xFFDE, 0xFFDE, 0xFFDE, 0xEEF9, 0xCD52, 0xCD52, 0xCD52, 0xCD52, 0xCD52, 0xCD31, 0xCD31, 0xCD31,
    0xCD31, 0xCD31, 0xCD31, 0xCD31, 0xCD31, 0xCD31, 0xCD11, 0xCD11, 0xCD11, 0xCD11, 0xBCD0, 0x8B4B,
    0x830A, 0x8B4B, 0x8B0A, 0x9BAD, 0xE6B9, 0xFFDE, 0xFFDE, 0xFFDE, 0xFFDE, 0xFFDE, 0xFFDE, 0xFFDE,
    0xFFDE, 0xFFDE, 0xFFDE, 0xFFDE, 0xFFDE, 0xFFDE, 0xFFDE, 0xFFDE, 0xFFDE, 0xFFDE, 0xFFDE, 0xFFDE,
    0xEF5C, 0x6AEB, 0x51E7, 0x51E7, 0x51E7, 0x51E7, 0xCE17, 0xFFDE, 0xFFDE, 0xFFDE, 0xFFDE, 0xFFDE,
    0xFFDE, 0xFFDE, 0xEF5B, 0xEF1A, 0x6AAA, 0x3924, 0x4145, 0x4985, 0x30A2, 0xA470, 0xFFDE, 0xFFDE,
    0xFFDE, 0xFFDE, 0xFFDE, 0xFFDE, 0xFFDE, 0xFFDE, 0xFFDE, 0xFFDE, 0xFFDE, 0xFFDE, 0xFFDE, 0xFFDE,
    0xFFDE, 0xFFDE, 0xFFDE, 0xFFDE, 0xFFDE, 0xFFDE, 0xFFDE, 0xFFDE, 0xFFDE, 0xFFDE, 0xE677, 0xCD52,
    0xD552, 0xD572, 0xCD31, 0xEE97, 0xFFDE, 0xFFDE, 0xFFDE, 0xFFDE, 0xFFDE, 0xFFDE, 0xFFDE, 0xFFDE,
    0xFFDE, 0xFFDE, 0xFFDE, 0xFFDE, 0xFFDE, 0xFFDE, 0xFFDE, 0xFFDE, 0xFFDE, 0xFFDE, 0xFFDE, 0xFFDE,
    0xFFDE, 0xFFDE, 0xFFDE, 0xFFDE, 0xFFDE, 0xFFDE, 0xFFDE, 0xFFDE, 0xFFDE, 0xFFDE, 0xFFDE, 0xFFDE,
    0xFFDE, 0xFFDE, 0xFFDE, 0xFFDE, 0xFFDE, 0xFFDE, 0xFFDE, 0xFFDE, 0xFFDE, 0xFFDE, 0xFFDE, 0xFFDE,
    0xFFDE, 0xFFDE, 0xFFDE, 0xF73A, 0xD573, 0xCD52, 0xCD72, 0xCD52, 0xCD52, 0xCD52, 0xCD31, 0xCD31,
    0xCD31, 0xCD31, 0xCD31, 0xCD31, 0xCD31, 0xCD31, 0xCD31, 0xCD11, 0xCD11, 0xCD11, 0xBCD0, 0x938C,
    0x8B4B, 0x938C, 0x936B, 0xA3ED, 0xE6B9, 0xFFDE, 0xFFDE, 0xFFDE, 0xFFDE, 0xFFDE, 0xFFDE, 0xFFDE,
    0xFFDE, 0xFFDE, 0xFFDE, 0xFFDE, 0xFFDE, 0xFFDE, 0xFFDE, 0xFFDE, 0xFFDE, 0xFFDE, 0xFFDE, 0xFFDE,
    0xFFDE, 0x6ACA, 0x5A07, 0x51E7, 0x51E7, 0x51E7, 0xCE37, 0xFFDE, 0xFFDE, 0xFFDE, 0xFFDE, 0xFFDE,
    0x5A69, 0x6289, 0x6289, 0x5A68, 0xACF3, 0xCE17, 0xC5F6, 0xCE16, 0xCDD6, 0xE6B9, 0xFFDE, 0xFFDE,
    0xFFDE, 0xFFDE, 0xFFDE, 0xFFDE, 0xFFDE, 0xFFDE, 0xFFDE, 0xFFDE, 0xFFDE, 0xFFDE, 0xFFDE, 0xFFDE,
    0xFFDE, 0xFFDE, 0xFFDE, 0xFFDE, 0xFFDE, 0xFFDE, 0xFFDE, 0xFFDE, 0xFFDE, 0xFFDE, 0xE677, 0xCD52,
    0xD572, 0xD572, 0xCD51, 0xEEB8, 0xFFDE, 0xFFDE, 0xFFDE, 0xFFDE, 0xFFDE, 0xFFDE, 0xFFDE, 0xFFDE,
    0xFFDE, 0xFFDE, 0xFFDE, 0xFFDE, 0xFFDE, 0xFFDE, 0xFFDE, 0xFFDE, 0xFFDE, 0xFFDE, 0xFFDE, 0xFFDE,
    0xFFDE, 0xFFDE, 0xFFDE, 0xFFDE, 0xFFDE, 0xFFDE, 0xFFDE, 0xFFDE, 0xFFDE, 0xFFDE, 0xFFDE, 0xFFDE,
    0xFFDE, 0xFFDE, 0xFFDE, 0xFFDE, 0xFFDE, 0xFFDE, 0xFFDE, 0xFFDE, 0xFFDE, 0xFFDE, 0xFFDE, 0xFFDE,
    0xFFDE, 0xFFDE, 0xFFDE, 0xF75B, 0xD593, 0xCD52, 0xCD72, 0xCD52, 0xCD52, 0xD552, 0xD552, 0xCD52,
    0xCD31, 0xCD32, 0xCD32, 0xCD32, 0xCD32, 0xCD32, 0xCD31, 0xCD31, 0xCD31, 0xCD31, 0xC4F1, 0xA3ED,
    0x9BCD, 0xA40E, 0xA3CD, 0xAC2E, 0xE6D9, 0xFFDE, 0xFFDE, 0xFFDE, 0xFFDE, 0xFFDE, 0xFFDE, 0xFFDE,
    0xFFDE, 0xFFDE, 0xFFDE, 0xFFDE, 0xFFDE, 0xFFDE, 0xFFDE, 0xFFDE, 0xFFDE, 0xFFDE, 0xFFDE, 0xFFDE,
    0xFFDE, 0x6ACA, 0x5A08, 0x5A07, 0x51E7, 0x5A08, 0xCE37, 0xFFDE, 0xFFDE, 0xFFDE, 0xFFDE, 0xFFDE,
    0x49A6, 0x51E7, 0x5207, 0x49C7, 0xE6D9, 0xFFDE, 0xFFDE, 0xFFDE, 0xFFDE, 0xFFDE, 0xFFDE, 0xFFDE,
    0xFFDE, 0xFFDE, 0xFFDE, 0xFFDE, 0xFFDE, 0xFFDE, 0xFFDE, 0xFFDE, 0xFFDE, 0xFFDE, 0xFFDE, 0xFFDE,
    0xFFDE, 0xFFDE, 0xFFDE, 0xFFDE, 0xFFDE, 0xFFDE, 0xFFDE, 0xFFDE, 0xFFDE, 0xFFDE, 0xE697, 0xD552,
    0xD572, 0xD572, 0xD552, 0xEEB8, 0xFFDE, 0xFFDE, 0xFFDE, 0xFFDE, 0xFFDE, 0xFFDE, 0xFFDE, 0xFFDE,
    0xFFDE, 0xFFDE, 0xFFDE, 0xFFDE, 0xFFDE, 0xFFDE, 0xFFDE, 0xFFDE, 0xFFDE, 0xFFDE, 0xFFDE, 0xFFDE,
    0xFFDE, 0xFFDE, 0xFFDE, 0xFFDE, 0xFFDE, 0xFFDE, 0xFFDE, 0xFFDE, 0xFFDE, 0xFFDE, 0xFFDE, 0xFFDE,
    0xFFDE, 0xFFDE, 0xFFDE, 0xFFDE, 0xFFDE, 0xFFDE, 0xFFDE, 0xFFDE, 0xFFDE, 0xFFDE, 0xFFDE, 0xFFDE,
    0xFFDE, 0xFFDE, 0xFFDE, 0xFFDE, 0xDDB3, 0xCD31, 0xD572, 0xD573, 0xD593, 0xDD93, 0xDD93, 0xDDB3,
    0xD573, 0xD552, 0xCD32, 0xCD52, 0xCD52, 0xCD52, 0xCD32, 0xCD32, 0xCD32, 0xCD52, 0xC511, 0xAC2E,
    0xAC2E, 0xB44F, 0xAC0E, 0xAC4F, 0xE6D9, 0xFFDE, 0xFFDE, 0xFFDE, 0xFFDE, 0xFFDE, 0xFFDE, 0xFFDE,
    0xFFDE, 0xFFDE, 0xFFDE, 0xFFDE, 0xFFDE, 0xFFDE, 0xFFDE, 0xFFDE, 0xFFDE, 0xFFDE, 0xFFDE, 0xFFDE,
    0xFFDE, 0x6AEB, 0x5A28, 0x5A28, 0x5A08, 0x5A28, 0xCE38, 0xFFDE, 0xFFDE, 0xFFDE, 0xFFDE, 0xFFDE,
    0x5207, 0x5A28, 0x5A28, 0x51E7, 0xD678, 0xFFDE, 0xFFDE, 0xFFDE, 0xFFDE, 0xFFDE, 0xFFDE, 0xFFDE,
    0xFFDE, 0xFFDE, 0xFFDE, 0xFFDE, 0xFFDE, 0xFFDE, 0xFFDE, 0xFFDE, 0xFFDE, 0xFFDE, 0xFFDE, 0xFFDE,
    0xFFDE, 0xFFDE, 0xFFDE, 0xFFDE, 0xFFDE, 0xFFDE, 0xFFDE, 0xFFDE, 0xFFDE, 0xFFDE, 0xDE37, 0xBCD0,
    0xC4F1, 0xC531, 0xCD11, 0xEEB8, 0xFFDE, 0xFFDE, 0xFFDE, 0xFFDE, 0xFFDE, 0xFFDE, 0xFFDE, 0xFFDE,
    0xFFDE, 0xFFDE, 0xFFDE, 0xFFDE, 0xFFDE, 0xFFDE, 0xFFDE, 0x8BCE, 0x3965, 0x5228, 0x51E8, 0x51E7,
    0x5208, 0x51E7, 0x4165, 0xACF2, 0xFFDE, 0xFFDE, 0xFFDE, 0xFFDE, 0xFFDE, 0xFFDE, 0xFFDE, 0xFFDE,
    0xFFDE, 0xFFDE, 0xFFDE, 0xFFDE, 0xFFDE, 0xFFDE, 0xFFDE, 0xFFDE, 0xFFDE, 0xFFDE, 0xFFDE, 0xFFDE,
    0xFFDE, 0xFFDE, 0xFFDE, 0xFFDE, 0xBD11, 0x93CD, 0x7B0B, 0x5A28, 0x6249, 0x6268, 0x6249, 0x5A08,
    0x6A89, 0xBCF1, 0xE5F4, 0xD552, 0xD552, 0xCD52, 0xCD52, 0xCD52, 0xCD52, 0xCD52, 0xC532, 0xB46F,
    0xB46F, 0xB48F, 0xAC2E, 0xB46F, 0xEED9, 0xFFDE, 0xFFDE, 0xFFDE, 0xFFDE, 0xFFDE, 0xFFDE, 0xFFDE,
    0xFFDE, 0xFFDE, 0xFFDE, 0xFFDE, 0xFFDE, 0xFFDE, 0xFFDE, 0xFFDE, 0xFFDE, 0xFFDE, 0xFFDE, 0xFFDE,
    0xFFDE, 0x6B0B, 0x6248, 0x5A48, 0x5A28, 0x5A48, 0xD658, 0xFFDE, 0xFFDE, 0xFFDE, 0xFFDE, 0xFFDE,
    0x5A08, 0x5A28, 0x5A28, 0x5207, 0xD678, 0xFFDE, 0xFFDE, 0xFFDE, 0xFFDE, 0xFFDE, 0xFFDE, 0xFFDE,
    0xFFDE, 0xFFDE, 0xFFDE, 0xFFDE, 0xFFDE, 0xFFDE, 0xFFDE, 0xFFDE, 0xFFDE, 0xFFDE, 0xFFDE, 0xFFDE,
    0xFFDE, 0xFFDE, 0xFFDE, 0xFFDE, 0xFFDE, 0xFFDE, 0xFFDE, 0xFFDE, 0xFFDE, 0xFFDE, 0xCDB5, 0x9BAD,
    0x9BCD, 0xA40D, 0xAC0E, 0xE677, 0xFFDE, 0xFFDE, 0xFFDE, 0xFFDE, 0xFFDE, 0xFFDE, 0xFFDE, 0xFFDE,
    0xFFDE, 0xFFDE, 0xFFDE, 0xFFDE, 0xFFDE, 0xEF3B, 0xDE99, 0x7B6D, 0x51E7, 0x5A69, 0x5A49, 0x5A49,
    0x5A69, 0x6269, 0x51E7, 0x83CE, 0xC5D6, 0xE6D9, 0xFFDE, 0xFFDE, 0xFFDE, 0xFFDE, 0xFFDE, 0xFFDE,
    0xFFDE, 0xFFDE, 0xFFDE, 0xFFDE, 0xFFDE, 0xFFDE, 0xFFDE, 0xFFDE, 0xFFDE, 0xFFDE, 0xFFDE, 0xFFDE,
    0xFFDE, 0xFFDE, 0xFFDE, 0xFFDE, 0xC573, 0x6268, 0x5A48, 0x6289, 0x6269, 0x6269, 0x6A89, 0x6269,
    0x72AA, 0xA42E, 0xB4B0, 0xC4F1, 0xD573, 0xCD52, 0xCD52, 0xCD52, 0xCD53, 0xCD72, 0xC532, 0xB46F,
    0xB46F, 0xB48F, 0xAC4E, 0xB46F, 0xEEDA, 0xFFDE, 0xFFDE, 0xFFDE, 0xFFDE, 0xFFDE, 0xFFDE, 0xFFDE,
    0xFFDE, 0xFFDE, 0xFFDE, 0xFFDE, 0xFFDE, 0xFFDE, 0xFFDE, 0xFFDE, 0xFFDE, 0xFFDE, 0xFFDE, 0xFFDE,
    0xFFDE, 0x6B0B, 0x6249, 0x6248, 0x5A28, 0x5A28, 0xD658, 0xFFDE, 0xFFDE, 0xFFDE, 0xFFDE, 0xFFDE,
    0x5A08, 0x6248, 0x5A48, 0x5A07, 0xDE98, 0xFFDE, 0xFFDE, 0xFFDE, 0xFFDE, 0xFFDE, 0xFFDE, 0xFFDE,
    0xFFDE, 0xFFDE, 0xFFDE, 0xFFDE, 0xFFDE, 0xFFDE, 0xFFDE, 0xFFDE, 0xFFDE, 0xFFDE, 0xFFDE, 0xFFDE,
    0xFFDE, 0xFFDE, 0xFFDE, 0xFFDE, 0xFFDE, 0xFFDE, 0xFFDE, 0xFFDE, 0xFFDE, 0xFFDE, 0xCD94, 0x9BCD,
    0xA40E, 0xA42E, 0xA3ED, 0xE677, 0xFFDE, 0xFFDE, 0xFFDE, 0xFFDE, 0xFFDE, 0xFFDE, 0xFFDE, 0xFFDE,
    0xFFDE, 0xFFDE, 0xFFDE, 0xFFDE, 0xAD32, 0x5228, 0x5A48, 0x5A48, 0x5A48, 0x5A48, 0x5A48, 0x5A48,
    0x5A48, 0x5A49, 0x5A49, 0x5228, 0x49C7, 0xA4D2, 0xFFDE, 0xFFDE, 0xFFDE, 0xFFDE, 0xFFDE, 0xFFDE,
    0xFFDE, 0xFFDE, 0xFFDE, 0xFFDE, 0xFFDE, 0xFFDE, 0xFFDE, 0xFFDE, 0xFFDE, 0xFFDE, 0xFFDE, 0xFFDE,
    0xFFDE, 0xFFDE, 0xE698, 0xCDD5, 0xACD1, 0x51E7, 0x5A48, 0x6269, 0x6269, 0x6269, 0x6269, 0x6269,
    0x6A89, 0x6A89, 0x5A48, 0xA40E, 0xDDB3, 0xCD32, 0xD552, 0xD552, 0xCD52, 0xCD52, 0xC532, 0xB46F,
    0xB46F, 0xB48F, 0xAC4E, 0xB46F, 0xEED9, 0xFFDE, 0xFFDE, 0xFFDE, 0xFFDE, 0xFFDE, 0xFFDE, 0xFFDE,
    0xFFDE, 0xFFDE, 0xFFDE, 0xFFDE, 0xFFDE, 0xFFDE, 0xFFDE, 0xFFDE, 0xFFDE, 0xFFDE, 0xFFDE, 0xFFDE,
    0xFFDE, 0x730B, 0x6249, 0x6228, 0x5A28, 0x5A28, 0xD658, 0xFFDE, 0xFFDE, 0xFFDE, 0xFFDE, 0xFFDE,
    0x5A28, 0x6249, 0x6249, 0x5A07, 0xDE98, 0xFFDE, 0xFFDE, 0xFFDE, 0xFFDE, 0xFFDE, 0xFFDE, 0xFFDE,
    0xFFDE, 0xFFDE, 0xFFDE, 0xFFDE, 0xFFDE, 0xFFDE, 0xFFDE, 0xFFDE, 0xFFDE, 0xFFDE, 0xFFDE, 0xFFDE,
    0xFFDE, 0xFFDE, 0xFFDE, 0xFFDE, 0xFFDE, 0xFFDE, 0xFFDE, 0xFFDE, 0xFFDE, 0xFFDE, 0xC573, 0x9BAD,
    0xA40E, 0xA40E, 0xA3ED, 0xE657, 0xFFDE, 0xFFDE, 0xFFDE, 0xFFDE, 0xFFDE, 0xFFDE, 0xFFDE, 0xFFDE,
    0xFFDE, 0xFFDE, 0xFFDE, 0xFFDE, 0x944F, 0x4185, 0x5A28, 0x5A48, 0x5A48, 0x5A48, 0x5A49, 0x5A49,
    0x5A49, 0x5A49, 0x5A49, 0x5A49, 0x5A48, 0xA4D2, 0xFFDE, 0xFFDE, 0xFFDE, 0xFFDE, 0xFFDE, 0xFFDE,
    0xFFDE, 0xFFDE, 0xFFDE, 0xFFDE, 0xFFDE, 0xFFDE, 0xFFDE, 0xFFDE, 0xFFDE, 0xFFDE, 0xFFDE, 0xFFDE,
    0xFFDE, 0xFFDE, 0xB512, 0x51C7, 0x6289, 0x5228, 0x5A48, 0x5A49, 0x5A49, 0x6269, 0x6269, 0x6269,
    0x6269, 0x6289, 0x6269, 0x93CD, 0xDD93, 0xCD32, 0xCD52, 0xCD52, 0xCD52, 0xCD52, 0xC511, 0xB44F,
    0xB46F, 0xB48F, 0xB44E, 0xB46F, 0xEED9, 0xFFDE, 0xFFDE, 0xFFDE, 0xFFDE, 0xFFDE, 0xFFDE, 0xFFDE,
    0xFFDE, 0xFFDE, 0xFFDE, 0xFFDE, 0xFFDE, 0xFFDE, 0xFFDE, 0xFFDE, 0xFFDE, 0xFFDE, 0xFFDE, 0xFFDE,
    0xFFDE, 0x730B, 0x6248, 0x5A28, 0x5A28, 0x5A28, 0xCE58, 0xFFDE, 0xFFDE, 0xFFDE, 0xFFDE, 0xFFDE,
    0x5A28, 0x6249, 0x6249, 0x5A27, 0xDEB9, 0xFFDE, 0xFFDE, 0xFFDE, 0xFFDE, 0xFFDE, 0xFFDE, 0xFFDE,
    0xFFDE, 0xFFDE, 0xFFDE, 0xFFDE, 0xFFDE, 0xFFDE, 0xFFDE, 0xFFDE, 0xFFDE, 0xFFDE, 0xFFDE, 0xFFDE,
    0xFFDE, 0xFFDE, 0xFFDE, 0xFFDE, 0xFFDE, 0xFFDE, 0xFFDE, 0xFF58, 0xFF39, 0xFF5A, 0xBD12, 0x9BAD,
    0xA3ED, 0xA3ED, 0xA3CD, 0xE656, 0xFFDE, 0xFFDE, 0xFFDE, 0xFFDE, 0xFFDE, 0xFFDE, 0xFFDE, 0xFFDE,
    0xFFDE, 0xFFDE, 0xFFDE, 0xFFDE, 0x944F, 0x41A6, 0x5A49, 0x5A49, 0x5A49, 0x5A49, 0x6269, 0x6269,
    0x6269, 0x5A69, 0x5A69, 0x5A69, 0x5A69, 0xAD12, 0xFFDE, 0xFFDE, 0xFFDE, 0xFFDE, 0xFFDE, 0xFFDE,
    0xFFDE, 0xFFDE, 0xFFDE, 0xFFDE, 0xFFDE, 0xFFDE, 0xFFDE, 0xFFDE, 0xFFDE, 0xFFDE, 0xFFDE, 0xFFDE,
    0xFFDE, 0xFFDE, 0xACD2, 0x41A6, 0x5A69, 0x5A48, 0x5A48, 0x5A48, 0x5A48, 0x6269, 0x6269, 0x6269,
    0x6269, 0x6269, 0x6269, 0x8B8C, 0xD573, 0xCD32, 0xCD32, 0xCD32, 0xCD32, 0xCD32, 0xC511, 0xB44E,
    0xB44E, 0xB46F, 0xAC2E, 0xB44F, 0xEEB9, 0xFFDE, 0xFFDE, 0xFFDE, 0xFFDE, 0xFFDE, 0xFFDE, 0xFFDE,
    0xFFDE, 0xFFDE, 0xFFDE, 0xFFDE, 0xFFDE, 0xFFDE, 0xFFDE, 0xFFDE, 0xFFDE, 0xFFDE, 0xFFDE, 0xFFDE,
    0xFFDE, 0x730B, 0x6248, 0x5A28, 0x5A28, 0x5A28, 0xCE58, 0xFFDE, 0xFFDE, 0xFFDE, 0xFFDE, 0xFFDE,
    0x5A28, 0x6249, 0x6269, 0x5A28, 0xDEB9, 0xFFDE, 0xFFDE, 0xFFDE, 0xFFDE, 0xFFDE, 0xFFDE, 0xFFDE,
    0xFFDE, 0xFFDE, 0xFFDE, 0xFFDE, 0xFFDE, 0xFFDE, 0xFFDE, 0xFFDE, 0xFFDE, 0xFFDE, 0xFFDE, 0xFFDE,
    0xFFDE, 0xFFDE, 0xFFDE, 0xFFDE, 0xFFDE, 0xFFDE, 0xFFDE, 0xFF17, 0xFF17, 0xFF38, 0xBCD0, 0x9BAD,
    0xA3CD, 0xA3CD, 0xA3CC, 0xDE36, 0xFFDE, 0xFFDE, 0xFFDE, 0xFFDE, 0xFFDE, 0xFFDE, 0xFFDE, 0xFFDE,
    0xFFDE, 0xFFDE, 0xFFDE, 0xFFDE, 0x944F, 0x49C6, 0x5A49, 0x5A49, 0x5A49, 0x6249, 0x6269, 0x6269,
    0x6269, 0x6269, 0x6269, 0x6269, 0x6269, 0xAD33, 0xFFDE, 0xFFDE, 0xFFDE, 0xFFDE, 0xFFDE, 0xFFDE,
    0xFFDE, 0xFFDE, 0xFFDE, 0xFFDE, 0xFFDE, 0xFFDE, 0xFFDE, 0xFFDE, 0xFFDE, 0xFFDE, 0xFFDE, 0xFFDE,
    0xFFDE, 0xFFDE, 0xACF2, 0x49C6, 0x5A89, 0x5A48, 0x5A48, 0x5A48, 0x5A48, 0x5A49, 0x5A49, 0x6249,
    0x5A49, 0x6269, 0x5A48, 0x8B6C, 0xD572, 0xCD11, 0xCD31, 0xCD11, 0xCD11, 0xCD31, 0xC4F0, 0xAC2E,
    0xAC2E, 0xB44E, 0xAC2D, 0xAC4E, 0xE6B8, 0xFFDE, 0xFFDE, 0xFFDE, 0xFFDE, 0xFFDE, 0xFFDE, 0xFFDE,
    0xFFDE, 0xFFDE, 0xFFDE, 0xFFDE, 0xFFDE, 0xFFDE, 0xFFDE, 0xFFDE, 0xFFDE, 0xFFDE, 0xFFDE, 0xFFDE,
    0xFFDE, 0x730B, 0x6249, 0x5A28, 0x5A28, 0x5A28, 0xCE58, 0xFFDE, 0xFFDE, 0xFFDE, 0xFFDE, 0xFFDE,
    0x5A28, 0x6249, 0x6249, 0x5A07, 0xDEB9, 0xFFDE, 0xFFDE, 0xFFDE, 0xFFDE, 0xFFDE, 0xFFDE, 0xFFDE,
    0xFFDE, 0xFFDE, 0xFFDE, 0xFFDE, 0xFFDE, 0xFFDE, 0xFFDE, 0xFFDE, 0xFFDE, 0xFFDE, 0xFFDE, 0xFFDE,
    0xFFDE, 0xFFDE, 0xFFDE, 0xFFDE, 0xFFDE, 0xFFDE, 0xFFDE, 0xFF17, 0xFF17, 0xFF18, 0xBCD0, 0x9BAC,
    0x9BCD, 0x9BCD, 0xA3AC, 0xDE36, 0xFFDE, 0xFFDE, 0xFFDE, 0xFFDE, 0xFFDE, 0xFFDE, 0xFFDE, 0xFFDE,
    0xFFDE, 0xFFDE, 0xFFDE, 0xFFDE, 0x942F, 0x49C7, 0x5A49, 0x5A49, 0x6269, 0x6269, 0x6269, 0x6269,
    0x6269, 0x6269, 0x6269, 0x6269, 0x6269, 0xB533, 0xFFDE, 0xFFDE, 0xFFDE, 0xFFDE, 0xFFDE, 0xFFDE,
    0xFFDE, 0xFFDE, 0xFFDE, 0xFFDE, 0xFFDE, 0xFFDE, 0xFFDE, 0xFFDE, 0xFFDE, 0xFFDE, 0xFFDE, 0xFFDE,
    0xFFDE, 0xFFDE, 0xACF2, 0x49C6, 0x5A89, 0x5A48, 0x5A48, 0x5A48, 0x5A48, 0x5A48, 0x5A49, 0x5A49,
    0x5A49, 0x5A69, 0x5A48, 0x8B6B, 0xD552, 0xCD11, 0xCD11, 0xCD11, 0xCD11, 0xCD11, 0xC4D0, 0xAC0D,
    0xAC2E, 0xB44E, 0xAC0D, 0xAC2E, 0xE698, 0xFFDE, 0xFFDE, 0xFFDE, 0xFFDE, 0xFFDE, 0xFFDE, 0xFFDE,
    0xFFDE, 0xFFDE, 0xFFDE, 0xFFDE, 0xFFDE, 0xFFDE, 0xFFDE, 0xFFDE, 0xFFDE, 0xFFDE, 0xFFDE, 0xFFDE,
    0xFFDE, 0x730B, 0x6249, 0x5A28, 0x5A28, 0x5A28, 0xCE58, 0xFFDE, 0xFFDE, 0xFFDE, 0xFFDE, 0xFFDE,
    0x51E8, 0x5A28, 0x5A28, 0x51E7, 0xD678, 0xFFDE, 0xFFDE, 0xFFDE, 0xFFDE, 0xFFDE, 0xFFDE, 0xFFDE,
    0xFFDE, 0xFFDE, 0xFFDE, 0xFFDE, 0xFFDE, 0xFFDE, 0xFFDE, 0xFFDE, 0xFFDE, 0xFFDE, 0xFFDE, 0xFFDE,
    0xFFDE, 0xFFDE, 0xFFDE, 0xFFDE, 0xFFDE, 0xFFDE, 0xFFDE, 0xFF37, 0xF718, 0xFF79, 0xBCD0, 0x936C,
    0x9BAC, 0x9BAC, 0x9B8C, 0xDE15, 0xFFDE, 0xFFDE, 0xFFDE, 0xFFDE, 0xFFDE, 0xFFDE, 0xFFDE, 0xFFDE,
    0xFFDE, 0xFFDE, 0xFFDE, 0xFFDE, 0x9450, 0x49C7, 0x6269, 0x6269, 0x6269, 0x6269, 0x6269, 0x6269,
    0x6269, 0x6269, 0x6269, 0x6269, 0x6269, 0xAD33, 0xFFDE, 0xFFDE, 0xFFDE, 0xFFDE, 0xFFDE, 0xFFDE,
    0xFFDE, 0xFFDE, 0xFFDE, 0xFFDE, 0xFFDE, 0xFFDE, 0xFFDE, 0xFFDE, 0xFFDE, 0xFFDE, 0xFFDE, 0xFFDE,
    0xFFDE, 0xFFDE, 0xAD13, 0x49C6, 0x6289, 0x5A48, 0x5A48, 0x5A48, 0x5A48, 0x6249, 0x6249, 0x6249,
    0x6249, 0x6269, 0x5A48, 0x8B8C, 0xD552, 0xCD11, 0xCD11, 0xCD11, 0xCD11, 0xCD11, 0xBCAF, 0xA3AC,
    0xABEC, 0xAC2D, 0xAC0D, 0xAC2D, 0xE697, 0xFFDE, 0xFFDE, 0xFFDE, 0xFFDE, 0xFFDE, 0xFFDE, 0xFFDE,
    0xFFDE, 0xFFDE, 0xFFDE, 0xFFDE, 0xFFDE, 0xFFDE, 0xFFDE, 0xFFDE, 0xFFDE, 0xFFDE, 0xFFDE, 0xFFDE,
    0xFFDE, 0x730B, 0x6249, 0x6228, 0x5A28, 0x5A28, 0xCE58, 0xFFDE, 0xFFDE, 0xFFDE, 0xFFDE, 0xFFDE,
    0x51E7, 0x5A08, 0x5A08, 0x51C6, 0xD677, 0xFFDE, 0xFFDE, 0xFFDE, 0xFFDE, 0xFFDE, 0xFFDE, 0xFFDE,
    0xFFDE, 0xFFDE, 0xFFDE, 0xFFDE, 0xFFDE, 0xFFDE, 0xFFDE, 0xFFDE, 0xFFDE, 0xFFDE, 0xFFDE, 0xFFDE,
    0xFFDE, 0xFFDE, 0xFFDE, 0xFFDE, 0xFFDE, 0xFFDE, 0xE696, 0xCD92, 0xCDB3, 0xCD92, 0xA3CD, 0x9B6C,
    0x9BCC, 0xA3CC, 0xA3ED, 0xDE36, 0xFFDE, 0xFFDE, 0xFFDE, 0xFFDE, 0xFFDE, 0xFFDE, 0xFFDE, 0xFFDE,
    0xFFDE, 0xFFDE, 0xFFDE, 0xFFDE, 0x942F, 0x49E7, 0x6269, 0x6269, 0x6269, 0x6269, 0x6269, 0x6269,
    0x6269, 0x6249, 0x5A49, 0x5A69, 0x5A69, 0xAD13, 0xFFDE, 0xFFDE, 0xFFDE, 0xFFDE, 0xFFDE, 0xFFDE,
    0xFFDE, 0xFFDE, 0xFFDE, 0xE6B9, 0xD637, 0xDE77, 0xD677, 0xCE36, 0xCE16, 0xE6D9, 0xFFDE, 0xFFDE,
    0xFFDE, 0xFFDE, 0xA491, 0x3123, 0x5207, 0x5A28, 0x5A28, 0x5A48, 0x6249, 0x6249, 0x6249, 0x6249,
    0x6249, 0x6269, 0x5A48, 0x938C, 0xDD53, 0xD512, 0xD533, 0xD533, 0xDD73, 0xDD52, 0xCCD0, 0xBC6F,
    0xBCAF, 0xB44E, 0x9BAC, 0x9BAC, 0xC552, 0xE656, 0xF718, 0xFF9A, 0xFFDE, 0xFFDE, 0xFFDE, 0xFFDE,
    0xFFDE, 0xFFDE, 0xFFDE, 0xFFDE, 0xFFDE, 0xFFDE, 0xFFDE, 0xFF9A, 0xFFDE, 0xFFDE, 0xFFDE, 0xFFDE,
    0xFFDE, 0x72CA, 0x6249, 0x6248, 0x5A28, 0x5A28, 0xCE38, 0xFFDE, 0xFFDE, 0xFFDE, 0xFFDE, 0xFFDE,
    0x51C7, 0x5A08, 0x5207, 0x49A6, 0xD657, 0xFFDE, 0xFFDE, 0xFFDE, 0xFFDE, 0xFFDE, 0xFFDE, 0xFFDE,
    0xFFDE, 0xFFDE, 0xFFDE, 0xFFDE, 0xFFDE, 0xFFDE, 0xFFDE, 0xFFDE, 0xFFDE, 0xFFDE, 0xFFDE, 0xFFDE,
    0xFFDE, 0xFFDE, 0xFFDE, 0xFFDE, 0xFFDE, 0xFFDE, 0x9BED, 0x6A69, 0x6A88, 0x59C5, 0xAC90, 0xEF1A,
    0xEF1A, 0xEEF9, 0xF71A, 0xFFDE, 0xFFDE, 0xFFDE, 0xFFDE, 0xFFDE, 0xFFDE, 0xFFDE, 0xFFDE, 0xFFDE,
    0xFFDE, 0xFFDE, 0xFFDE, 0xFFDE, 0x942F, 0x5208, 0x628A, 0x6269, 0x6249, 0x5A49, 0x5A49, 0x5A49,
    0x5A49, 0x5A49, 0x5A48, 0x5A69, 0x5A69, 0xAD13, 0xFFDE, 0xFFDE, 0xFFDE, 0xFFDE, 0xFFDE, 0xFFDE,
    0xFFDE, 0xFFDE, 0xE6FA, 0x734B, 0x41A6, 0x5A69, 0x5A48, 0x5248, 0x41A6, 0x7B4B, 0xEF3B, 0xFFDE,
    0xFFDE, 0xFFDE, 0xD657, 0xBDB4, 0xBD73, 0x6ACA, 0x5A07, 0x6269, 0x6269, 0x6269, 0x6269, 0x6269,
    0x6269, 0x6269, 0x6269, 0xA40E, 0xFE77, 0xF5F6, 0xF637, 0xF617, 0xF637, 0xF616, 0xF6D9, 0xF71A,
    0xFF5A, 0xD5D5, 0x7288, 0x5A06, 0x6247, 0x6A47, 0xC531, 0xFFDA, 0xF738, 0xFF59, 0xFF79, 0xFF59,
    0xFF79, 0xFFDE, 0xFFDE, 0xFFDE, 0xFF9A, 0xFF9A, 0xFF79, 0xFF58, 0xFF58, 0xFF39, 0xFF58, 0xFF79,
    0xF719, 0x72AA, 0x6228, 0x5A28, 0x5A28, 0x5A28, 0xCE37, 0xFFDE, 0xFFDE, 0xFFDE, 0xFFDE, 0xFFDE,
    0x51C7, 0x51E7, 0x51E7, 0x49A6, 0xD657, 0xFFDE, 0xFFDE, 0xFFDE, 0xFFDE, 0xFFDE, 0xFFDE, 0xFFDE,
    0xFFDE, 0xFFDE, 0xFFDE, 0xFFDE, 0xFFDE, 0xFFDE, 0xFFDE, 0xFFDE, 0xFFDE, 0xFFDE, 0xFFDE, 0xFFDE,
    0xFFDE, 0xFFDE, 0xFFDE, 0xFFDE, 0xFFDE, 0xFFDE, 0x93AD, 0x6249, 0x6269, 0x4985, 0xBD53, 0xFFDE,
    0xFFDE, 0xFFDE, 0xFFDE, 0xFFDE, 0xFFDE, 0xFFDE, 0xFFDE, 0xFFDE, 0xFFDE, 0xFF3B, 0xFEFA, 0xFEFA,
    0xFEDA, 0xFEDA, 0xF6B9, 0xF6F9, 0x838D, 0x41A6, 0x5A28, 0x6249, 0x6249, 0x5A49, 0x5A28, 0x5A28,
    0x5A28, 0x5A28, 0x5A48, 0x5228, 0x49C7, 0x942F, 0xFFDE, 0xFFDE, 0xFFDE, 0xFFDE, 0xFFDE, 0xFFDE,
    0xFFDE, 0xFFDE, 0xE6DA, 0x6AEA, 0x4186, 0x5A69, 0x5228, 0x5A69, 0x49A6, 0x62A9, 0xDE98, 0xFFDE,
    0xFFDE, 0xFFDE, 0xFFDE, 0xFFDE, 0xEF3B, 0x836B, 0x4165, 0x6249, 0x5A28, 0x5A28, 0x6228, 0x6248,
    0x6248, 0x6269, 0x5A28, 0xB470, 0xFEFA, 0xF658, 0xFE79, 0xFE78, 0xFE78, 0xFE78, 0xFF5C, 0xFFDE,
    0xFFDE, 0xE6B9, 0x6AA9, 0x51E6, 0x5A48, 0x5A06, 0xB4F0, 0xFFBA, 0xF717, 0xFF39, 0xFF38, 0xFF38,
    0xFF58, 0xFF9A, 0xFFBA, 0xFF79, 0xFF58, 0xFF58, 0xFF57, 0xFF38, 0xFF58, 0xFF38, 0xFF58, 0xFF79,
    0xF718, 0x72A9, 0x5A28, 0x5A28, 0x5A08, 0x5A08, 0xCE17, 0xFFDE, 0xFFDE, 0xFFDE, 0xFFDE, 0xFFDE,
    0x51C7, 0x51E7, 0x51E7, 0x49A6, 0xD637, 0xFFDE, 0xFFDE, 0xFFDE, 0xFFDE, 0xFFDE, 0xFFDE, 0xFFDE,
    0xFFDE, 0xFFDE, 0xFFDE, 0xFFDE, 0xFFDE, 0xFFDE, 0xFFDE, 0xFFDE, 0xFFDE, 0xFFDE, 0xFFDE, 0xFFDE,
    0xFFDE, 0xFFDE, 0xFFDE, 0xFFDE, 0xFFDE, 0xFFDE, 0x9C0F, 0x6A89, 0x72CA, 0x51C6, 0xBD74, 0xFFDE,
    0xFFDE, 0xFFDE, 0xFFDE, 0xFFDE, 0xFFDE, 0xFFDE, 0xFFDE, 0xFFDE, 0xFFDE, 0xFEFA, 0xFEB9, 0xFEBA,
    0xFEB9, 0xFEB9, 0xFE99, 0xF698, 0xBCF2, 0x9C0F, 0x836D, 0x6248, 0x5A28, 0x5A48, 0x5A28, 0x5A28,
    0x5A28, 0x5A48, 0x49E7, 0x62AA, 0xB553, 0xCE37, 0xFFDE, 0xFFDE, 0xFFDE, 0xFFDE, 0xFFDE, 0xFFDE,
    0xFFDE, 0xFFDE, 0xFFDE, 0x9C70, 0x5227, 0x6269, 0x5A69, 0x5A69, 0x51E7, 0x836C, 0xE6D9, 0xFFDE,
    0xFFDE, 0xFFDE, 0xFFDE, 0xFFDE, 0xF75B, 0x940E, 0x51E7, 0x6A8A, 0x6269, 0x6AAA, 0x6A89, 0x6A89,
    0x6A69, 0x6A89, 0x6268, 0xC4F2, 0xFEFA, 0xFE58, 0xFE99, 0xFE79, 0xFE99, 0xFE78, 0xFF5C, 0xFFDE,
    0xFFDE, 0xEEFA, 0x72EA, 0x5207, 0x6289, 0x5A48, 0xB4F0, 0xFFBA, 0xF738, 0xFF59, 0xFF59, 0xFF58,
    0xFF58, 0xFF58, 0xFF58, 0xFF57, 0xFF57, 0xFF57, 0xFF57, 0xFF38, 0xFF38, 0xFF38, 0xFF38, 0xFF79,
    0xF718, 0x72A9, 0x5A08, 0x5208, 0x5208, 0x5207, 0xCE17, 0xFFDE, 0xFFDE, 0xFFDE, 0xFFDE, 0xFFDE,
    0x51C7, 0x51E7, 0x51E7, 0x49A6, 0xD637, 0xFFDE, 0xFFDE, 0xFFDE, 0xFFDE, 0xFFDE, 0xFFDE, 0xFFDE,
    0xFFDE, 0xFFDE, 0xFFDE, 0xFFDE, 0xFFDE, 0xFFDE, 0xFFDE, 0xFFDE, 0xFFDE, 0xFFDE, 0xFFDE, 0xFFDE,
    0xFFDE, 0xFFDE, 0xFFDE, 0xFFDE, 0xFFDE, 0xFFDE, 0x940F, 0x6AAA, 0x72CA, 0x59E6, 0xBD73, 0xFFDE,
    0xFFDE, 0xFFDE, 0xFFDE, 0xFFDE, 0xFFDE, 0xFFDE, 0xFFDE, 0xFFDE, 0xFFDE, 0xFEFA, 0xFEB9, 0xFEDA,
    0xFEB9, 0xFEB9, 0xFEB9, 0xFE98, 0xF698, 0xF73B, 0xB4F2, 0x6248, 0x5A48, 0x6269, 0x5A69, 0x5A69,
    0x5A48, 0x6289, 0x41A6, 0x7B8D, 0xEF5B, 0xFFDE, 0xFFDE, 0xFFDE, 0xFFDE, 0xFFDE, 0xFFDE, 0xFFDE,
    0xFFDE, 0xFFDE, 0xFFDE, 0xFFDE, 0xACD1, 0x5228, 0x5A69, 0x732C, 0xCE17, 0xEF5B, 0xFFDE, 0xFFDE,
    0xFFDE, 0xFFDE, 0xFFDE, 0xFFDE, 0xFFDE, 0xEF3A, 0xE6B9, 0xE6D9, 0xE6FA, 0xEF1B, 0xE6D9, 0xDE16,
    0xDDB5, 0xDDD5, 0xDDD5, 0xF637, 0xFE99, 0xFE78, 0xFE99, 0xFE99, 0xFE99, 0xFE99, 0xFF5C, 0xFFDE,
    0xFFDE, 0xEEFA, 0x72EA, 0x5207, 0x6269, 0x5A28, 0xACB0, 0xFFB9, 0xF738, 0xFF59, 0xFF59, 0xFF59,
    0xFF58, 0xFF58, 0xFF58, 0xFF58, 0xFF58, 0xFF58, 0xFF57, 0xF717, 0xF717, 0xF717, 0xF6F7, 0xFF38,
    0xEEF8, 0x72CA, 0x5A28, 0x5208, 0x5208, 0x5208, 0xC5F6, 0xFFDE, 0xFFDE, 0xFFDE, 0xFFDE, 0xFFDE,
    0x49C7, 0x51E7, 0x51E7, 0x4986, 0xD615, 0xFFDE, 0xFFDE, 0xFF9A, 0xFF9A, 0xFFDE, 0xFFDE, 0xFFDE,
    0xFFDE, 0xFFDE, 0xFFDE, 0xFFDE, 0xFFDE, 0xFFDE, 0xFFDE, 0xFFDE, 0xFFDE, 0xFFDE, 0xFFDE, 0xFFDE,
    0xFFDE, 0xFFDE, 0xFFDE, 0xFFDE, 0xFFDE, 0xFFDE, 0x9C0F, 0x72AA, 0x72EA, 0x59E6, 0xBD53, 0xFFDE,
    0xFFDE, 0xFFDE, 0xFFDE, 0xFFDE, 0xFFDE, 0xFFDE, 0xFFDE, 0xFFDE, 0xFFDE, 0xFEFA, 0xFEB9, 0xFEB9,
    0xFEB9, 0xFEB9, 0xFEB9, 0xFE99, 0xF678, 0xFF5B, 0xB4D2, 0x51E7, 0x51C7, 0x51E7, 0x49A6, 0x49A6,
    0x49A6, 0x49E7, 0x3103, 0x62A9, 0xDEDA, 0xFFDE, 0xFFDE, 0xFFDE, 0xFFDE, 0xFFDE, 0xFFDE, 0xFFDE,
    0xFFDE, 0xFFDE, 0xFFDE, 0xFFDE, 0xACD1, 0x4186, 0x5208, 0x6289, 0xD678, 0xFFDE, 0xFFDE, 0xFFDE,
    0xFFDE, 0xFFDE, 0xFFDE, 0xFFDE, 0xFFDE, 0xFFDE, 0xFFDE, 0xFFDE, 0xFFDE, 0xFFDE, 0xFFDE, 0xFEB8,
    0xFE57, 0xFE78, 0xFE98, 0xFE78, 0xFE58, 0xFE78, 0xFE78, 0xFE78, 0xFE99, 0xFE99, 0xFF3B, 0xFFDE,
    0xFFDE, 0xEF1A, 0x7AEA, 0x51E7, 0x6269, 0x6248, 0xACB0, 0xFFB9, 0xF738, 0xFF59, 0xFF59, 0xFF59,
    0xFF59, 0xFF58, 0xFF58, 0xFF58, 0xFF58, 0xFF58, 0xFF58, 0xFFB9, 0xFFD9, 0xFFB9, 0xFF99, 0xFFBA,
    0xF77A, 0x7B0A, 0x5208, 0x51E7, 0x51C7, 0x51E7, 0xC5D6, 0xFFDE, 0xFFDE, 0xFFDE, 0xFFDE, 0xFFDE,
    0x49C7, 0x51E7, 0x51E7, 0x49A6, 0xCDB3, 0xFF58, 0xFEF7, 0xFF17, 0xFF17, 0xFF17, 0xFFDE, 0xFFDE,
    0xFFDE, 0xFFDE, 0xFFDE, 0xFFDE, 0xFFDE, 0xFFDE, 0xFFDE, 0xFFDE, 0xFFDE, 0xFFDE, 0xFFDE, 0xFFDE,
    0xFFDE, 0xFFDE, 0xFFDE, 0xFFDE, 0xFF9A, 0xFF59, 0x940E, 0x6AAA, 0x72EA, 0x5A07, 0xBD53, 0xFFDE,
    0xFFDE, 0xFFDE, 0xFFDE, 0xFFDE, 0xFFDE, 0xFFDE, 0xFFDE, 0xFFDE, 0xFFDE, 0xFEFA, 0xFEB9, 0xFEB9,
    0xFEB9, 0xFEB9, 0xFEB9, 0xFE99, 0xF678, 0xFED9, 0xDDB5, 0xA3EF, 0x9B8D, 0x938D, 0x8BAE, 0x8BAE,
    0x8BCE, 0x8BCE, 0x834C, 0x9C70, 0xE71B, 0xFFDE, 0xFFDE, 0xFFDE, 0xFFDE, 0xFFDE, 0xFFDE, 0xFFDE,
    0xFFDE, 0xFFDE, 0xFFDE, 0xFFDE, 0xBD53, 0x6A89, 0x7B2C, 0x8BCE, 0xD679, 0xFFDE, 0xFFDE, 0xFFDE,
    0xFFDE, 0xFFDE, 0xFFDE, 0xFFDE, 0xFFDE, 0xFFDE, 0xFFDE, 0xFFDE, 0xFFDE, 0xFFDE, 0xFFDE, 0xF637,
    0xFDF6, 0xFE17, 0xFE37, 0xFE57, 0xFE58, 0xFE58, 0xFE78, 0xFE78, 0xFE99, 0xFE99, 0xFEDA, 0xFF5B,
    0xFFDE, 0xEEFA, 0x72CA, 0x51E7, 0x6269, 0x5A28, 0x9BED, 0xFF17, 0xFF58, 0xF759, 0xFF59, 0xFF59,
    0xFF59, 0xFF59, 0xFF58, 0xFF58, 0xFF58, 0xFF58, 0xFF78, 0xC572, 0xCDB3, 0xC592, 0xC572, 0xC552,
    0xBD51, 0x72CA, 0x5A28, 0x5A28, 0x5208, 0x5A48, 0xC5F6, 0xFFDE, 0xFFDE, 0xFFDE, 0xFFDE, 0xFFDE,
    0x49C7, 0x5207, 0x5207, 0x49C6, 0xCDB3, 0xFF57, 0xFF17, 0xFF17, 0xFF17, 0xFF17, 0xFF9A, 0xFFDE,
    0xFFDE, 0xFF9A, 0xFF9A, 0xFF7A, 0xFF79, 0xFF9A, 0xFF9A, 0xFFDE, 0xFFDE, 0xFFDE, 0xFFBA, 0xFF99,
    0xFF79, 0xFFDE, 0xFF7A, 0xFFDE, 0xDE56, 0x72AA, 0x6249, 0x6AAA, 0x72EA, 0x51E7, 0xB533, 0xFFDE,
    0xFFDE, 0xFFDE, 0xFFDE, 0xFFDE, 0xFFDE, 0xFFDE, 0xFFDE, 0xFFDE, 0xF6FA, 0xFE99, 0xFEB9, 0xFE99,
    0xFE99, 0xFE99, 0xFE99, 0xFE99, 0xFE98, 0xFE78, 0xFE78, 0xFE99, 0xFE98, 0xFE98, 0xFFDE, 0xFFDE,
    0xFFDE, 0xFFDE, 0xFFDE, 0xFFDE, 0xFFDE, 0xFFDE, 0xFFDE, 0xFFDE, 0xFFDE, 0xFFDE, 0xFFDE, 0xFFDE,
    0xFFDE, 0xFFDE, 0xFFDE, 0xFFDE, 0xFFDE, 0xFFDE, 0xFFDE, 0xFFDE, 0xFFDE, 0xFFDE, 0xCE16, 0xD678,
    0xFFDE, 0xFFDE, 0xFFDE, 0xFFDE, 0xFFDE, 0xFFDE, 0xFFDE, 0xFFDE, 0xFFDE, 0xFFDE, 0xFF5B, 0xFE16,
    0xFDD6, 0xFDF6, 0xFDF6, 0xFE17, 0xFE37, 0xFE37, 0xFE37, 0xFE37, 0xFE58, 0xFE78, 0xFE99, 0xFEFA,
    0xFFDE, 0xEED9, 0x6AAA, 0x49E7, 0x5A48, 0x5A08, 0x6269, 0xCDB3, 0xFFFA, 0xFF79, 0xFFBA, 0xFFBA,
    0xFFBA, 0xFF9A, 0xFF9A, 0xFF7A, 0xFF79, 0xFF99, 0xFFBA, 0x4986, 0x5A28, 0x5208, 0x51E7, 0x49A6,
    0x4165, 0xAD33, 0xFFDE, 0xFFDE, 0xFFDE, 0xFFDE, 0xFFDE, 0xFFDE, 0xFFDE, 0xFFDE, 0xFFDE, 0xFFDE,
    0x49C7, 0x5207, 0x5208, 0x49C6, 0xD5B3, 0xFF79, 0xFF37, 0xFF37, 0xFF37, 0xFF38, 0xFF38, 0xFF79,
    0xFF7A, 0xFF79, 0xFF79, 0xFF79, 0xFF79, 0xFF79, 0xFF79, 0xFF7A, 0xFF7A, 0xFF7A, 0xFF9A, 0xFF9A,
    0xF718, 0xEEB7, 0xE676, 0xFF7A, 0xCDB4, 0x6AAA, 0x6289, 0x6A89, 0x72CA, 0x51E7, 0xB533, 0xFFDE,
    0xFFDE, 0xFFDE, 0xFFDE, 0xFFDE, 0xFFDE, 0xFFDE, 0xFFDE, 0xFFDE, 0xFEF9, 0xFE78, 0xFE98, 0xFE98,
    0xFE98, 0xFE99, 0xFE99, 0xFE99, 0xFE78, 0xFE78, 0xFE78, 0xFE58, 0xFE58, 0xFE37, 0xFFDE, 0xFFDE,
    0xFFDE, 0xFFDE, 0xFFDE, 0xFFDE, 0xFFDE, 0xFFDE, 0xFFDE, 0xFFDE, 0xFFDE, 0xFFDE, 0xFFDE, 0xFFDE,
    0xFFDE, 0xB553, 0x8BCE, 0x9C2F, 0x93CE, 0x8B8D, 0x8B8D, 0x93CE, 0xACB1, 0xB512, 0x7B2A, 0xB553,
    0xFFDE, 0xFFDE, 0xFFDE, 0xFFDE, 0xFFDE, 0xFFDE, 0xFFDE, 0xFFDE, 0xFFDE, 0xFFDE, 0xFF5B, 0xFE16,
    0xFDD6, 0xFDF6, 0xFDF6, 0xFE16, 0xFE16, 0xFE16, 0xFE17, 0xFE37, 0xFE37, 0xFE57, 0xFE78, 0xF6B9,
    0xFFDE, 0xE6B9, 0x6AA9, 0x49C7, 0x5A28, 0x5208, 0x5A28, 0x72EA, 0x83AC, 0x7B4B, 0x836C, 0x838C,
    0x8BAC, 0x8B8C, 0x838C, 0x838C, 0x836C, 0x838C, 0x8B8C, 0x5A48, 0x5A48, 0x5A69, 0x7B6D, 0x7B8D,
    0x8BCE, 0xD678, 0xFFDE, 0xFFDE, 0xFFDE, 0xFFDE, 0xFFDE, 0xFFDE, 0xFFDE, 0xFFDE, 0xFFDE, 0xFFDE,
    0x5208, 0x5A28, 0x5A28, 0x51E7, 0x834C, 0x9BED, 0x93CD, 0x9BED, 0x8B8B, 0xD593, 0xFF58, 0xFF38,
    0xFF79, 0xFF79, 0xFF79, 0xFF79, 0xFF79, 0xFF79, 0xFF79, 0xFF7A, 0xFF7A, 0xFF9A, 0xFF9A, 0xFF7A,
    0xACB0, 0x7B0B, 0x7B2B, 0x8B8C, 0x7B2B, 0x6A89, 0x6289, 0x6AAA, 0x72CA, 0x5A27, 0xB533, 0xFFDE,
    0xFFDE, 0xFFDE, 0xFFDE, 0xFFDE, 0xFFDE, 0xFFDE, 0xFFDE, 0xFFDE, 0xF6F9, 0xFE58, 0xFE78, 0xFE78,
    0xFE78, 0xFE78, 0xFE78, 0xFE78, 0xFE78, 0xFE78, 0xFE78, 0xFE78, 0xFE58, 0xFE58, 0xFFDE, 0xFFDE,
    0xFFDE, 0xFFDE, 0xFFDE, 0xFFDE, 0xFFDE, 0xFFDE, 0xFFDE, 0xFFDE, 0xFFDE, 0xFFDE, 0xFFDE, 0xFFDE,
    0xFFDE, 0x9C90, 0x6289, 0x8B4C, 0x82EB, 0x7269, 0x6A28, 0x728A, 0x7ACA, 0x7B0A, 0x9C6F, 0xEF3B,
    0xFFDE, 0xFFDE, 0xFFDE, 0xFFDE, 0xFFDE, 0xFFDE, 0xFFDE, 0xFFDE, 0xFFDE, 0xFFDE, 0xFF5B, 0xFE16,
    0xFDD6, 0xFDF6, 0xFDF6, 0xFDF6, 0xFDF6, 0xFDF6, 0xFE16, 0xFE17, 0xFE17, 0xFE37, 0xF657, 0xEE78,
    0xFF3A, 0xE6B9, 0x6AAA, 0x49E7, 0x5A69, 0x5A28, 0x5208, 0x51C7, 0x49A6, 0x49C6, 0x51C7, 0x51C7,
    0x51E7, 0x51E7, 0x51E7, 0x51E7, 0x51E7, 0x51E7, 0x51E7, 0x5228, 0x5207, 0x9C71, 0xEF3C, 0xEF5C,
    0xFFDE, 0xFFDE, 0xFFDE, 0xFFDE, 0xFFDE, 0xFFDE, 0xFFDE, 0xFFDE, 0xFFDE, 0xFFDE, 0xFFDE, 0xFFDE,
    0x3925, 0x4166, 0x4986, 0x41A6, 0x5A28, 0x5A28, 0x5A28, 0x5A48, 0x5A27, 0xD5D3, 0xFF38, 0xFF38,
    0xFF7A, 0xFF79, 0xFF79, 0xFF79, 0xFF79, 0xFF79, 0xFF79, 0xFF7A, 0xFF7A, 0xFF9A, 0xFF7A, 0xFF9A,
    0x93EE, 0x5A49, 0x6289, 0x5A69, 0x6269, 0x6269, 0x6289, 0x6248, 0x6269, 0x4144, 0xACB0, 0xFFDE,
    0xFFDE, 0xFFDE, 0xFFDE, 0xFFDE, 0xFFDE, 0xFFDE, 0xFFDE, 0xFFDE, 0xFF19, 0xFE57, 0xFE58, 0xFE58,
    0xFE58, 0xFE78, 0xFE78, 0xFE78, 0xFE78, 0xFE78, 0xFE78, 0xFE58, 0xFE58, 0xFE57, 0xFFDE, 0xFFDE,
    0xFFDE, 0xFFDE, 0xFFDE, 0xFFDE, 0xFFDE, 0xFFDE, 0xFFDE, 0xFFDE, 0xFFDE, 0xFFDE, 0xFFDE, 0xFFDE,
    0xFFDE, 0x9450, 0x4145, 0x6A49, 0x82AA, 0x9B4B, 0xBC70, 0x7248, 0x59A6, 0x4965, 0x940F, 0xFFDE,
    0xFFDE, 0xFFDE, 0xFFDE, 0xFFDE, 0xFFDE, 0xFFDE, 0xFFDE, 0xFFDE, 0xFFDE, 0xFFDE, 0xFF5A, 0xFE17,
    0xFDD6, 0xFDF6, 0xFDF6, 0xFDF6, 0xFDF6, 0xFDF6, 0xFDF6, 0xFDF6, 0xFE16, 0xFE16, 0xFED8, 0xFF5A,
    0xFFDE, 0xEED9, 0x6248, 0x3104, 0x4185, 0x4165, 0x49A7, 0x5208, 0x5A28, 0x5A28, 0x5A48, 0x5A28,
    0x5A48, 0x5A48, 0x5A48, 0x5A48, 0x5A48, 0x5A48, 0x5A28, 0x5207, 0x49E7, 0xB554, 0xFFDE, 0xFFDE,
    0xFFDE, 0xFFDE, 0xFFDE, 0xFFDE, 0xFFDE, 0xFFDE, 0xFFDE, 0xFFDE, 0xFFDE, 0xFFDE, 0xFFDE, 0xFFDE,
    0xB534, 0xB574, 0xBD75, 0xA4F2, 0x62AA, 0x5207, 0x5A28, 0x5A48, 0x5A47, 0xD5D3, 0xF6F8, 0xF718,
    0xF759, 0xF739, 0xFF38, 0xFF38, 0xFF59, 0xFF59, 0xFF59, 0xFF59, 0xFF59, 0xFF59, 0xFF59, 0xF759,
    0x93EE, 0x6269, 0x62AA, 0x6289, 0x6269, 0x6269, 0x5A48, 0x6268, 0x730B, 0x836C, 0x9C2E, 0xBD32,
    0xCD93, 0xDE35, 0xE676, 0xFF7A, 0xFFDE, 0xFF7A, 0xFF7A, 0xFF9A, 0xFF19, 0xFE37, 0xFE57, 0xFE57,
    0xFE58, 0xFE58, 0xFE58, 0xFE58, 0xFE58, 0xFE58, 0xFE58, 0xFE58, 0xFE58, 0xFE57, 0xFFDE, 0xFFDE,
    0xFFDE, 0xFFDE, 0xFFDE, 0xFFDE, 0xFFDE, 0xFFDE, 0xFFDE, 0xFFDE, 0xFFDE, 0xFFDE, 0xFFDE, 0xFFDE,
    0xFFDE, 0xC5D6, 0x93EF, 0xACB2, 0xCD74, 0xDDD4, 0xEE56, 0xB4B1, 0xAC71, 0xAC91, 0xCDD6, 0xFFDE,
    0xFFDE, 0xFFDE, 0xFFDE, 0xFFDE, 0xFFDE, 0xFFDE, 0xFFDE, 0xFFDE, 0xFFDE, 0xFFDE, 0xFFDE, 0xFEB9,
    0xFE57, 0xFE16, 0xFDF6, 0xFDF5, 0xFDF6, 0xFDF6, 0xFDF6, 0xFDF6, 0xFE16, 0xFE36, 0xCCF1, 0xAC90,
    0xA46F, 0x8BAD, 0x6269, 0x7B6C, 0x8BEE, 0x8BCE, 0x628A, 0x51E7, 0x5A28, 0x5A28, 0x5A28, 0x5A48,
    0x5A48, 0x5A48, 0x5A48, 0x5A48, 0x5A48, 0x5A28, 0x5A28, 0x5207, 0x49E7, 0xAD13, 0xFFDE, 0xFFDE,
    0xFFDE, 0xFFDE, 0xFFDE, 0xFFDE, 0xFFDE, 0xFFDE, 0xFFDE, 0xFFDE, 0xFFDE, 0xFFDE, 0xFFDE, 0xFFDE,
    0xFFDE, 0xFFDE, 0xFFDE, 0xFFDE, 0x732C, 0x51E7, 0x5228, 0x5207, 0x5207, 0xE635, 0xFFDE, 0xFFDE,
    0xFFDE, 0xFFDE, 0xFFDE, 0xFFDE, 0xFFDE, 0xFFDE, 0xFFDE, 0xFFDE, 0xFFDE, 0xFFDE, 0xFFBA, 0xFFBA,
    0x8BEE, 0x5A69, 0x62AA, 0x6289, 0x6289, 0x5207, 0x6ACA, 0xDEB9, 0xDEB9, 0xEF5D, 0xACD2, 0x51E6,
    0x5A06, 0x6AA8, 0xDDF3, 0xFF9A, 0xFFDE, 0xFF7A, 0xFF7A, 0xFF9A, 0xFF39, 0xFE37, 0xFE57, 0xFE57,
    0xFE57, 0xFE57, 0xFE58, 0xFE58, 0xFE78, 0xFE78, 0xFE58, 0xFE58, 0xFE58, 0xFE58, 0xFFDE, 0xFFDE,
    0xFFDE, 0xFFDE, 0xFFDE, 0xFFDE, 0xFFDE, 0xFFDE, 0xFFDE, 0xFFDE, 0xFFDE, 0xFFDE, 0xFFDE, 0xFFDE,
    0xFFDE, 0xFFDE, 0xFFDE, 0xFFDE, 0xFFDE, 0xFFDE, 0xFFDE, 0xFFDE, 0xFFDE, 0xFFDE, 0xFFDE, 0xFFDE,
    0xFFDE, 0xFFDE, 0xFFDE, 0xFFDE, 0xFFDE, 0xFFDE, 0xFFDE, 0xFFDE, 0xFFDE, 0xFFDE, 0xFFDE, 0xFFDE,
    0xFF5B, 0xFEF9, 0xFEB8, 0xFEB8, 0xFEB8, 0xFEB8, 0xFEB8, 0xF698, 0xF678, 0xFED9, 0x7268, 0x51C6,
    0x51C6, 0x4985, 0x8BCE, 0xEF5D, 0xEF5C, 0xFFDE, 0xB533, 0x51C7, 0x6269, 0x5A49, 0x6249, 0x6249,
    0x6269, 0x6269, 0x6269, 0x5A49, 0x5A49, 0x5A49, 0x5A48, 0x5228, 0x5208, 0xB554, 0xFFDE, 0xFFDE,
    0xFFDE, 0xFFDE, 0xFFDE, 0xFFDE, 0xFFDE, 0xFFDE, 0xFFDE, 0xFFDE, 0xFFDE, 0xFFDE, 0xFFDE, 0xFFDE,
    0xFFDE, 0xFFDE, 0xFFDE, 0xFFDE, 0x734C, 0x4185, 0x49C6, 0x49E7, 0x49C6, 0xC573, 0xD635, 0xD656,
    0xDE77, 0xDE97, 0xE6B7, 0xE6B7, 0xE6D7, 0xE6D8, 0xEED8, 0xE6D8, 0xE6D8, 0xE6B7, 0xE6B7, 0xE6B7,
    0x940E, 0x49A6, 0x49C6, 0x49C6, 0x5A89, 0x5207, 0x7B4C, 0xFFDE, 0xFFDE, 0xFFDE, 0xAD13, 0x4186,
    0x4986, 0x51C7, 0xDE13, 0xF718, 0xFF7A, 0xFF39, 0xFF39, 0xFF7A, 0xFF39, 0xFE37, 0xFE57, 0xFE58,
    0xFE58, 0xFE58, 0xFE78, 0xFE78, 0xFE58, 0xFE58, 0xFE58, 0xFE78, 0xFE58, 0xFE58, 0xFFDE, 0xFFDE,
    0xFFDE, 0xFFDE, 0xFFDE, 0xFFDE, 0xFFDE, 0xFFDE, 0xFFDE, 0xFFDE, 0xFFDE, 0xFFDE, 0xFFDE, 0xFFDE,
    0xFFDE, 0xFFDE, 0xFFDE, 0xFFDE, 0xFFDE, 0xFFDE, 0xFFDE, 0xFFDE, 0xFFDE, 0xFFDE, 0xFFDE, 0xFFDE,
    0xFFDE, 0xFFDE, 0xFFDE, 0xFFDE, 0xFFDE, 0xFFDE, 0xFFDE, 0xFFDE, 0xFFDE, 0xFFDE, 0xFFDE, 0xFFDE,
    0xFFDE, 0xFFDE, 0xFF7A, 0xFF7A, 0xFF5A, 0xFF5A, 0xFF3A, 0xFFDE, 0xFFDE, 0xFFDE, 0x59E6, 0x49A6,
    0x49C6, 0x4185, 0x9C50, 0xFFDE, 0xFFDE, 0xFFDE, 0xB553, 0x4144, 0x5A07, 0x51E7, 0x51E7, 0x51E7,
    0x51C7, 0x51C7, 0x49C7, 0x49C7, 0x49C7, 0x49C7, 0x49C7, 0x4186, 0x4145, 0xB554, 0xFFDE, 0xFFDE,
    0xFFDE, 0xFFDE, 0xFFDE, 0xFFDE, 0xFFDE, 0xFFDE, 0xFFDE, 0xFFDE, 0xFFDE, 0xFFDE, 0xFFDE, 0xFFDE,
    0xFFDE, 0xFFDE, 0xFFDE, 0xFFDE, 0xD658, 0xBD95, 0xBDB5, 0xC5F6, 0xBDB5, 0x83AD, 0x6A89, 0x6AA9,
    0x72AA, 0x72CA, 0x72EA, 0x7AEA, 0x72EA, 0x7B0B, 0x7B0B, 0x7B0B, 0x7AEA, 0x7AEA, 0x72EA, 0x72C9,
    0x62CA, 0x6B0B, 0x8C0F, 0x7B8D, 0x5228, 0x3104, 0x5A49, 0xFFDE, 0xEF5C, 0xFFDE, 0x9C92, 0x49C7,
    0x5207, 0x5A48, 0x8B8B, 0xBCD0, 0xF719, 0xFF7A, 0xFF39, 0xFF39, 0xFEF9, 0xFE78, 0xFE98, 0xFE78,
    0xFE98, 0xFE78, 0xFE78, 0xFE78, 0xFE58, 0xFE58, 0xFE58, 0xFE78, 0xFE58, 0xFE58, 0xFFDE, 0xFFDE,
    0xFFDE, 0xFFDE, 0xFFDE, 0xFFDE, 0xFFDE, 0xFFDE, 0xFFDE, 0xFFDE, 0xFFDE, 0xFFDE, 0xFFDE, 0xFFDE,
    0xFFDE, 0xFFDE, 0xFFDE, 0xFFDE, 0xFFDE, 0xFFDE, 0xFFDE, 0xFFDE, 0xFFDE, 0xFFDE, 0xFFDE, 0xFFDE,
    0xFFDE, 0xFFDE, 0xFFDE, 0xFFDE, 0xFFDE, 0xFFDE, 0xFFDE, 0xFFDE, 0xFFDE, 0xFFDE, 0xFFDE, 0xFFDE,
    0xFFDE, 0xFFDE, 0xFFDE, 0xFF7A, 0xFF7A, 0xFF7A, 0xFFDE, 0xF6F9, 0xCD93, 0xDE35, 0x51E6, 0x51E6,
    0x51E7, 0x49A6, 0x9450, 0xFFDE, 0xFFDE, 0xFFDE, 0xBD74, 0x7B4C, 0x8BAE, 0x838D, 0x838D, 0x838D,
    0x836D, 0x7B6D, 0x7B6D, 0x7B6D, 0x7B6D, 0x7B6D, 0x7B4D, 0x732C, 0x72EB, 0xCE37, 0xFFDE, 0xFFDE,
    0xFFDE, 0xFFDE, 0xFFDE, 0xFFDE, 0xFFDE, 0xFFDE, 0xFFDE, 0xFFDE, 0xFFDE, 0xFFDE, 0xFFDE, 0xFFDE,
    0xFFDE, 0xFFDE, 0xFFDE, 0xFFDE, 0xFFDE, 0xFFDE, 0xFFDE, 0xFFDE, 0xFFDE, 0x9C70, 0x5A28, 0x6248,
    0x6248, 0x6248, 0x6248, 0x6248, 0x6268, 0x6268, 0x6269, 0x6269, 0x6249, 0x5A48, 0x5A48, 0x5A68,
    0x8C0F, 0xEF3B, 0xFFDE, 0xFFDE, 0xFFDE, 0xF75C, 0xFFDE, 0xFFDE, 0xFFDE, 0xFFDE, 0x9431, 0x4167,
    0x4187, 0x49A6, 0x5185, 0x93AB, 0xEEB7, 0xF719, 0xF6D9, 0xF71A, 0xFF3A, 0xFEB8, 0xFED9, 0xFED9,
    0xFEB8, 0xFE98, 0xFE98, 0xFE78, 0xFE58, 0xFE57, 0xFE57, 0xFE58, 0xFE57, 0xFE57, 0xFFDE, 0xFFDE,
    0xFFDE, 0xFFDE, 0xFFDE, 0xFFDE, 0xFFDE, 0xFFDE, 0xFFDE, 0xFFDE, 0xFFDE, 0xFFDE, 0xFFDE, 0xFFDE,
    0xFFDE, 0xFFDE, 0xFFDE, 0xFFDE, 0xFFDE, 0xFFDE, 0xFFDE, 0xFFDE, 0xFFDE, 0xFFDE, 0xFFDE, 0xFFDE,
    0xFFDE, 0xFFDE, 0xFFDE, 0xFFDE, 0xFFDE, 0xFFDE, 0xFFDE, 0xFFDE, 0xFFDE, 0xFFDE, 0xFFDE, 0xFFDE,
    0xFFDE, 0xFFDE, 0xFFDE, 0xF73B, 0xF71A, 0xFFDE, 0xEF1A, 0x93AC, 0x51E6, 0x5A48, 0x5227, 0x5A28,
    0x5207, 0x49C6, 0x9470, 0xFFDE, 0xFFDE, 0xFFDE, 0xFFDE, 0xFFDE, 0xFFDE, 0xFFDE, 0xFFDE, 0xFFDE,
    0xFFDE, 0xFFDE, 0xFFDE, 0xFFDE, 0xFFDE, 0xFFDE, 0xFFDE, 0xFFDE, 0xFFDE, 0xFFDE, 0xFFDE, 0xFFDE,
    0xFFDE, 0xFFDE, 0xFFDE, 0xFFDE, 0xFFDE, 0xFFDE, 0xFFDE, 0xFFDE, 0xFFDE, 0xFFDE, 0xFFDE, 0xFFDE,
    0xFFDE, 0xFFDE, 0xFFDE, 0xFFDE, 0xFFDE, 0xFFDE, 0xFFDE, 0xFFDE, 0xFFDE, 0x9450, 0x51E7, 0x5A07,
    0x5A07, 0x5A07, 0x5A28, 0x5A28, 0x5A28, 0x5A28, 0x5A28, 0x5A28, 0x5A28, 0x5A28, 0x5A28, 0x5A28,
    0xBD74, 0xFFDE, 0xFFDE, 0xFFDE, 0xFFDE, 0xFFDE, 0xFFDE, 0xFFDE, 0xFFDE, 0xFFDE, 0x8BD1, 0x4189,
    0x51E9, 0x5209, 0x51C6, 0x8B8B, 0xEED7, 0xFF5A, 0xEED8, 0xF6D8, 0xF719, 0xF6B8, 0xFEB8, 0xFED8,
    0xFED8, 0xFEB8, 0xFE98, 0xFE57, 0xFE57, 0xFE57, 0xFE57, 0xFE57, 0xFE36, 0xFE36, 0xFFDE, 0xFFDE,
    0xFFDE, 0xFFDE, 0xFFDE, 0xFFDE, 0xFFDE, 0xFFDE, 0xFFDE, 0xFFDE, 0xFFDE, 0xFFDE, 0xFFDE, 0xFFDE,
    0xFFDE, 0xFFDE, 0xFFDE, 0xFFDE, 0xFFDE, 0xFFDE, 0xFFDE, 0xFFDE, 0xFFDE, 0xFFDE, 0xFFDE, 0xFFDE,
    0xFFDE, 0xFFDE, 0xFFDE, 0xFFDE, 0xFFDE, 0xFFDE, 0xFFDE, 0xFFDE, 0xFFDE, 0xFFDE, 0xFFDE, 0xFFDE,
    0xFFDE, 0xFFDE, 0xFFDE, 0xFFDE, 0xFFDE, 0xFFDE, 0xFFDE, 0x940E, 0x5207, 0x6289, 0x4185, 0x4164,
    0x4144, 0x3944, 0x942F, 0xFFDE, 0xFFDE, 0xFFDE, 0xFFDE, 0xFFDE, 0xFFDE, 0xFFDE, 0xFFDE, 0xFFDE,
    0xFFDE, 0xFFDE, 0xFFDE, 0xFFDE, 0xFFDE, 0xFFDE, 0xFFDE, 0xFFDE, 0xFFDE, 0xFFDE, 0xFFDE, 0xFFDE,
    0xFFDE, 0xFFDE, 0xFFDE, 0xFFDE, 0xFFDE, 0xFFDE, 0xFFDE, 0xFFDE, 0xFFDE, 0xFFDE, 0xFFDE, 0xFFDE,
    0xFFDE, 0xFFDE, 0xFFDE, 0xFFDE, 0xFFDE, 0xFFDE, 0xFFDE, 0xFFDE, 0xFFDE, 0x9450, 0x5A08, 0x5A28,
    0x5A28, 0x5A28, 0x5A48, 0x5A48, 0x6248, 0x6249, 0x6249, 0x5A49, 0x5A49, 0x5A49, 0x5A49, 0x5A28,
    0xCE57, 0xFFDE, 0xFFDE, 0xFFDE, 0xFFDE, 0xFFDE, 0xFFDE, 0xFFDE, 0xFFDE, 0xFFDE, 0x93F4, 0x5A50,
    0x62F1, 0x6B11, 0x6B10, 0x732D, 0x8B8C, 0x834B, 0x834B, 0x7B4B, 0x7B4B, 0xCD94, 0xFEF8, 0xFED8,
    0xFEB8, 0xFEB8, 0xFEB8, 0xFED9, 0xFF19, 0xFF3A, 0xFF39, 0xFF3A, 0xFF19, 0xFF19, 0xFFDE, 0xFFDE,
    0xFFDE, 0xFFDE, 0xFFDE, 0xFFDE, 0xFFDE, 0xFFDE, 0xFFDE, 0xFFDE, 0xFFDE, 0xFFDE, 0xFFDE, 0xFFDE,
    0xFFDE, 0xFFDE, 0xFFDE, 0xFFDE, 0xFFDE, 0xFFDE, 0xFFDE, 0xFFDE, 0xFFDE, 0xFFDE, 0xFFDE, 0xFFDE,
    0xFFDE, 0xFFDE, 0xFFDE, 0xFFDE, 0xFFDE, 0xFFDE, 0xFFDE, 0xFFDE, 0xFFDE, 0xFFDE, 0xFFDE, 0xFFDE,
    0xE6D9, 0xACB0, 0xACF1, 0xAD12, 0xACF2, 0xA4D1, 0x9C90, 0x732B, 0x5A48, 0x5228, 0x83CE, 0xA4F2,
    0x9C70, 0x9CB1, 0xC616, 0xFFDE, 0xFFDE, 0xFFDE, 0xFFDE, 0xFFDE, 0xFFDE, 0xFFDE, 0xFFDE, 0xFFDE,
    0xFFDE, 0xFFDE, 0xFFDE, 0xFFDE, 0xFFDE, 0xFFDE, 0xFFDE, 0xFFDE, 0xFFDE, 0xFFDE, 0xFFDE, 0xFFDE,
    0xFFDE, 0xFFDE, 0xFFDE, 0xFFDE, 0xFFDE, 0xFFDE, 0xFFDE, 0xFFDE, 0xFFDE, 0xFFDE, 0xFFDE, 0xFFDE,
    0xFFDE, 0xFFDE, 0xFFDE, 0xFFDE, 0xFFDE, 0xFFDE, 0xFFDE, 0xFFDE, 0xFFDE, 0x8BEE, 0x4145, 0x4965,
    0x4165, 0x4165, 0x4165, 0x4165, 0x4985, 0x4986, 0x4986, 0x4986, 0x4986, 0x4186, 0x4986, 0x4145,
    0xD658, 0xFFDE, 0xFFDE, 0xFFDE, 0xFFDE, 0xFFDE, 0xFFDE, 0xFFDE, 0xFFDE, 0xFFDE, 0x9436, 0x6AB5,
    0x6B16, 0x6B36, 0x7376, 0x6B10, 0x51A7, 0x4164, 0x49C6, 0x49C6, 0x49A5, 0xBD32, 0xFEF8, 0xF676,
    0xF677, 0xFEB7, 0xFE77, 0xFF3A, 0xFFDE, 0xFFDE, 0xFFDE, 0xFFDE, 0xFFDE, 0xFFDE, 0xFFDE, 0xFFDE,
    0xFFDE, 0xFFDE, 0xFFDE, 0xFFDE, 0xFFDE, 0xFFDE, 0xFFDE, 0xFFDE, 0xFFDE, 0xFFDE, 0xFFDE, 0xFFDE,
    0xFFDE, 0xFFDE, 0xFFDE, 0xFFDE, 0xFFDE, 0xFFDE, 0xFFDE, 0xFFDE, 0xFFDE, 0xFFDE, 0xFFDE, 0xFFDE,
    0xFFDE, 0xFFDE, 0xFFDE, 0xFFDE, 0xFFDE, 0xFFDE, 0xFFDE, 0xFFDE, 0xFFDE, 0xFFDE, 0xFFDE, 0xFFDE,
    0xC5B4, 0x4185, 0x5208, 0x5208, 0x5208, 0x49E7, 0x49E7, 0x5228, 0x5A69, 0x49E7, 0xC616, 0xFFDE,
    0xFFDE, 0xFFDE, 0xFFDE, 0xFFDE, 0xFFDE, 0xFFDE, 0xFFDE, 0xFFDE, 0xFFDE, 0xFFDE, 0xFFDE, 0xFFDE,
    0xFFDE, 0xFFDE, 0xFFDE, 0xFFDE, 0xFFDE, 0xFFDE, 0xFFDE, 0xFFDE, 0xFFDE, 0xFFDE, 0xFFDE, 0xFFDE,
    0xFFDE, 0xFFDE, 0xFFDE, 0xFFDE, 0xFFDE, 0xFFDE, 0xFFDE, 0xFFDE, 0xFFDE, 0xFFDE, 0xFFDE, 0xFFDE,
    0xFFDE, 0xFFDE, 0xFFDE, 0xFFDE, 0xFFDE, 0xFFDE, 0xFFDE, 0xFFDE, 0xFFDE, 0xBDB5, 0x940F, 0x940F,
    0x8C0F, 0x8BEF, 0x8BEF, 0x8C0F, 0x8C0F, 0x942F, 0x942F, 0x9430, 0x9450, 0x9450, 0x9C70, 0x9C50,
    0xE6FB, 0xFFDE, 0xFFDE, 0xFFDE, 0xFFDE, 0xFFDE, 0xFFDE, 0xFFDE, 0xFFDE, 0xFFDE, 0x9418, 0x6A96,
    0x6AF7, 0x6AF6, 0x6B36, 0x6B12, 0x5A49, 0x5A27, 0x6268, 0x6268, 0x6268, 0xB4F0, 0xF6F7, 0xF6D7,
    0xF6D7, 0xFEF7, 0xFEB6, 0xFF7A, 0xFFDE, 0xFFDE, 0xFFDE, 0xFFDE, 0xFFDE, 0xFFDE, 0xFFDE, 0xFFDE,
    0xFFDE, 0xFFDE, 0xFFDE, 0xFFDE, 0xFFDE, 0xFFDE, 0xFFDE, 0xFFDE, 0xFFDE, 0xFFDE, 0xFFDE, 0xFFDE,
    0xFFDE, 0xFFDE, 0xFFDE, 0xFFDE, 0xFFDE, 0xFFDE, 0xFFDE, 0xFFDE, 0xFFDE, 0xFFDE, 0xFFDE, 0xFFDE,
    0xFFDE, 0xFFDE, 0xFFDE, 0xFFDE, 0xFFDE, 0xFFDE, 0xFFDE, 0xFFDE, 0xFFDE, 0xFFDE, 0xFFDE, 0xFFDE,
    0xC5B5, 0x49C6, 0x628A, 0x5A69, 0x5A69, 0x5A69, 0x5A69, 0x5A49, 0x5A69, 0x5228, 0x9470, 0xFFDE,
    0xFFDE, 0xFFDE, 0xFFDE, 0xFFDE, 0xFFDE, 0xFFDE, 0xFFDE, 0xFFDE, 0xFFDE, 0xFFDE, 0xFFDE, 0xFFDE,
    0xFFDE, 0xFFDE, 0xFFDE, 0xFFDE, 0xFFDE, 0xFFDE, 0xFFDE, 0xFFDE, 0xFFDE, 0xFFDE, 0xFFDE, 0xFFDE,
    0xFFDE, 0xFFDE, 0xFFDE, 0xFFDE, 0xFFDE, 0xFFDE, 0xFFDE, 0xFFDE, 0xFFDE, 0xFFDE, 0xFFDE, 0xFFDE,
    0xFFDE, 0xFFDE, 0xFFDE, 0xFFDE, 0xFFDE, 0xFFDE, 0xFFDE, 0xFFDE, 0xFFDE, 0xFFDE, 0xFFDE, 0xFFDE,
    0xFFDE, 0xFFDE, 0xFFDE, 0xFFDE, 0xFFDE, 0xFFDE, 0xFFDE, 0xFFDE, 0xFFDE, 0xFFDE, 0xFFDE, 0xFFDE,
    0xFFDE, 0xFFDE, 0xFFDE, 0xFFDE, 0xFFDE, 0xFFDE, 0xFFDE, 0xFFDE, 0xFFDE, 0xFFDE, 0x9418, 0x6AB7,
    0x72F8, 0x72F8, 0x7337, 0x6B12, 0x5A29, 0x51E6, 0x5A27, 0x6248, 0x6247, 0xA42E, 0xE655, 0xEEB7,
    0xEE97, 0xF6B8, 0xEE56, 0xF6F7, 0xFF9A, 0xFF9A, 0xFFDE, 0xFFDE, 0xFFDE, 0xFFDE, 0xFFDE, 0xFFDE,
    0xFFDE, 0xFFDE, 0xFFDE, 0xFFDE, 0xFFDE, 0xFFDE, 0xFFDE, 0xFFDE, 0xFFDE, 0xFFDE, 0xFFDE, 0xFFDE,
    0xF75D, 0xF75D, 0xF75D, 0xF75D, 0xF75D, 0xF75D, 0xF75D, 0xF75D, 0xF75D, 0xF75D, 0xF75D, 0xF75D,
    0xFFDE, 0xFFDE, 0xFFDE, 0xFFDE, 0xFFDE, 0xFFDE, 0xFFDE, 0xFFDE, 0xF75D, 0xEF5C, 0xEF5D, 0xFFDE,
    0xB554, 0x5207, 0x62AB, 0x628A, 0x628A, 0x628A, 0x626A, 0x5A69, 0x5A69, 0x5A49, 0x6B0B, 0xE6FA,
    0xEF5C, 0xFFDE, 0xFFDE, 0xFFDE, 0xFFDE, 0xFFDE, 0xFFDE, 0xFFDE, 0xFFDE, 0xFFDE, 0xFFDE, 0xFFDE,
    0xFFDE, 0xFFDE, 0xFFDE, 0xFFDE, 0xFFDE, 0xFFDE, 0xFFDE, 0xFFDE, 0xD678, 0x8C30, 0x9471, 0x9451,
    0x9471, 0x9471, 0x9491, 0x9492, 0x9CB2, 0x9491, 0xCE58, 0xFFDE, 0xFFDE, 0xFFDE, 0xFFDE, 0xFFDE,
    0xFFDE, 0xFFDE, 0xFFDE, 0xFFDE, 0xFFDE, 0xFFDE, 0xFFDE, 0xFFDE, 0xFFDE, 0xFFDE, 0xFFDE, 0xFFDE,
    0xFFDE, 0xFFDE, 0xFFDE, 0xFFDE, 0xFFDE, 0xFFDE, 0xFFDE, 0xFFDE, 0xFFDE, 0xFFDE, 0xFFDE, 0xFFDE,
    0xFFDE, 0xFFDE, 0xFFDE, 0xFFDE, 0xFFDE, 0xFFDE, 0xFFDE, 0xFFDE, 0xFFDE, 0xFFDE, 0x8BF9, 0x6277,
    0x72D7, 0x6AB7, 0x62B7, 0x5A73, 0x51EC, 0x51E9, 0x5A0A, 0x5A09, 0x624A, 0x8B70, 0xA412, 0xA453,
    0xA454, 0xAC34, 0xA414, 0xAC12, 0xAC52, 0xAC92, 0xB4B5, 0xB4B7, 0xACB7, 0xACB8, 0xACD9, 0xACD9,
    0xACD9, 0xACD9, 0xACD9, 0xACD9, 0xACD9, 0xACB9, 0xACB9, 0xACB9, 0xA499, 0xA479, 0xA479, 0xA479,
    0xA459, 0xA459, 0xA459, 0xA459, 0xA459, 0xA479, 0xA479, 0xA479, 0xA479, 0xA479, 0xA499, 0xA499,
    0xA499, 0xA499, 0xA499, 0xACB9, 0xA4B9, 0xA4B9, 0xA4B9, 0xA499, 0xA479, 0x9C78, 0x9479, 0x9C99,
    0x83B0, 0x5A28, 0x5A8A, 0x5A6A, 0x626A, 0x626A, 0x626A, 0x5A69, 0x5A49, 0x5A49, 0x83CD, 0xFFDE,
    0xFFDE, 0xFFDE, 0xFFDE, 0xFFDE, 0xFFDE, 0xFFDE, 0xFFDE, 0xFFDE, 0xFFDE, 0xFFDE, 0xFFDE, 0xFFDE,
    0xFFDE, 0xFFDE, 0xFFDE, 0xFFDE, 0xFFDE, 0xFFDE, 0xFFDE, 0xFFDE, 0xE6FB, 0x5269, 0x4A08, 0x4A08,
    0x4A08, 0x4A08, 0x41E8, 0x41E8, 0x41C7, 0x3966, 0x83EF, 0xFFDE, 0xFFDE, 0xFFDE, 0xFFDE, 0xFFDE,
    0xFFDE, 0xFFDE, 0xFFDE, 0xFFDE, 0xFFDE, 0xFFDE, 0xFFDE, 0xFFDE, 0xFFDE, 0xFFDE, 0xFFDE, 0xFFDE,
    0xFFDE, 0xFFDE, 0xFFDE, 0xFFDE, 0xFFDE, 0xFFDE, 0xFFDE, 0xFFDE, 0xFFDE, 0xFFDE, 0xFFDE, 0xFFDE,
    0xFFDE, 0xFFDE, 0xFFDE, 0xFFDE, 0xBDB9, 0x7315, 0x72F7, 0x7AF7, 0x72B7, 0x72D7, 0x9C3B, 0xB4DD,
    0xACBD, 0xACBC, 0xAC9D, 0xAC9D, 0xAC9D, 0xAC9C, 0xA47C, 0x9C3B, 0x8BD9, 0x7B57, 0x8377, 0x8B97,
    0x8B96, 0x9396, 0x93B5, 0x9394, 0x93B4, 0x93B4, 0x93B5, 0x93D7, 0x93D8, 0x93D8, 0x8BD8, 0x8BD9,
    0x8BD8, 0x8BD8, 0x8BD8, 0x8BD9, 0x8BD9, 0x8BB9, 0x8BB9, 0x8B99, 0x8B99, 0x8B99, 0x8B99, 0x8B99,
    0x8B99, 0x8B79, 0x8B99, 0x8B99, 0x8B9A, 0x93BA, 0x93B9, 0x8BB9, 0x8B99, 0x8B99, 0x8B9A, 0x8BBA,
    0x8B99, 0x8B9A, 0x8BBA, 0x93DA, 0x93DA, 0x93DA, 0x93DA, 0x93DA, 0x93DA, 0x93D9, 0x8BBA, 0x83FB,
    0x7352, 0x5229, 0x5A8B, 0x62AB, 0x62AB, 0x62AB, 0x62AB, 0x628B, 0x62AB, 0x5A8A, 0x5A8A, 0x6B4C,
    0x5AAA, 0x5ACA, 0x6B2B, 0x62EB, 0xB595, 0xFFDE, 0xFFDE, 0xFFDE, 0xFFDE, 0xFFDE, 0xFFDE, 0xFFDE,
    0xFFDE, 0xFFDE, 0xFFDE, 0xFFDE, 0xFFDE, 0xFFDE, 0xFFDE, 0x6B0C, 0x6B0C, 0x5A8A, 0x5A8A, 0x5A8A,
    0x5A8B, 0x5A8A, 0x526A, 0x528A, 0x526A, 0x4A29, 0x5A6A, 0x83EF, 0x83AE, 0x8BEF, 0x8BCE, 0xB554,
    0xFFDE, 0xFFDE, 0xFFDE, 0xFFDE, 0xFFDE, 0xFFDE, 0xFFDE, 0xFFDE, 0xFFDE, 0xFFDE, 0xFFDE, 0xFFDE,
    0xFFDE, 0xFFDE, 0xFFDE, 0xFFDE, 0xFFDE, 0xFFDE, 0xFFDE, 0xFFDE, 0xFFDE, 0xFFDE, 0xFFDE, 0xFFDE,
    0xFFDE, 0xFFDE, 0xFFDE, 0xFFDE, 0xBD99, 0x8356, 0x8358, 0x8B59, 0x8358, 0x8358, 0xAC7C, 0xBD1E,
    0xBCFD, 0xBCFD, 0xB4DE, 0xB4BE, 0xB4BD, 0xAC7C, 0xAC5C, 0xA43B, 0x8BBA, 0x7B37, 0x8377, 0x8B97,
    0x93B7, 0x93B6, 0x93D6, 0x93B4, 0x93D3, 0x93B4, 0x8B94, 0x8B76, 0x8B97, 0x8BB7, 0x8B97, 0x8B98,
    0x8BB8, 0x8BB8, 0x8B98, 0x8398, 0x8378, 0x8358, 0x8358, 0x8358, 0x8338, 0x8338, 0x8338, 0x8318,
    0x8338, 0x8318, 0x8338, 0x8338, 0x8318, 0x8318, 0x8338, 0x8339, 0x8359, 0x8359, 0x8359, 0x8359,
    0x8359, 0x8B79, 0x8B99, 0x8B99, 0x8B99, 0x8B99, 0x8BB9, 0x8BB9, 0x8BB9, 0x8B98, 0x8B99, 0x83BA,
    0x6B12, 0x5208, 0x5229, 0x51C9, 0x51C9, 0x49C8, 0x49C8, 0x49C8, 0x41C8, 0x41A7, 0x39A6, 0x39A7,
    0x3186, 0x39E7, 0x39A7, 0x3986, 0x9492, 0xFFDE, 0xFFDE, 0xFFDE, 0xFFDE, 0xFFDE, 0xFFDE, 0xFFDE,
    0xFFDE, 0xFFDE, 0xFFDE, 0xFFDE, 0xFFDE, 0xFFDE, 0xFFDE, 0x3146, 0x49E8, 0x49E8, 0x41C8, 0x41C8,
    0x41C8, 0x41C8, 0x41A7, 0x41A7, 0x39A7, 0x39A7, 0x41A7, 0x3966, 0x3966, 0x4166, 0x3925, 0x83AE,
    0xFFDE, 0xFFDE, 0xFFDE, 0xFFDE, 0xFFDE, 0xFFDE, 0xFFDE, 0xFFDE, 0xFFDE, 0xFFDE, 0xFFDE, 0xFFDE,
    0xFFDE, 0xFFDE, 0xFFDE, 0xFFDE, 0xFFDE, 0xFFDE, 0xFFDE, 0xFFDE, 0xFFDE, 0xFFDE, 0xFFDE, 0xFFDE,
    0xFFDE, 0xFFDE, 0xFFDE, 0xFFDE, 0xC5DA, 0x7B15, 0x7B17, 0x8337, 0x7B17, 0x7AF7, 0xA45B, 0xBD1E,
    0xB4DD, 0xB4DC, 0xAC9C, 0xAC9C, 0xAC7C, 0xAC7C, 0xA45B, 0xA45B, 0x93DA, 0x8338, 0x8338, 0x7B17,
    0x7B16, 0x8316, 0x8315, 0x8332, 0x7B32, 0x8352, 0x8373, 0x8B75, 0x8396, 0x8BB7, 0x8BB8, 0x8BB8,
    0x8B98, 0x8378, 0x8377, 0x8378, 0x8378, 0x8B79, 0x8B79, 0x8B79, 0x8359, 0x8359, 0x8359, 0x8B59,
    0x8B79, 0x8B79, 0x8B79, 0x8359, 0x8B99, 0x9BFA, 0x93D9, 0x8B79, 0x8B79, 0x8B99, 0x8B79, 0x8B79,
    0x8B99, 0x8B99, 0x93B9, 0x93B9, 0x93B9, 0x93B9, 0x93B9, 0x93B9, 0x93B8, 0x8B78, 0x8B79, 0x8B99,
    0x7310, 0x51E7, 0x526A, 0x62AC, 0x6B0E, 0x6B2E, 0x734F, 0x736F, 0x738F, 0x7BD0, 0x4A49, 0x2946,
    0x3166, 0x3186, 0x3166, 0x4A08, 0xA513, 0xFFDE, 0xFFDE, 0xEF5C, 0xFFDE, 0xFFDE, 0xFFDE, 0xFFDE,
    0xFFDE, 0xFFDE, 0xEF3C, 0xEF5C, 0xEF5D, 0xFFDE, 0xDEDA, 0x5A8B, 0x6B0C, 0x62CC, 0x62EC, 0x62EC,
    0x62EC, 0x62EC, 0x62CC, 0x62CB, 0x5AAB, 0x5A8A, 0x4A08, 0x4A08, 0x5208, 0x5208, 0x49A6, 0x8BCE,
    0xFFDE, 0xFFDE, 0xFFDE, 0xFFDE, 0xFFDE, 0xFFDE, 0xFFDE, 0xFFDE, 0xFFDE, 0xFFDE, 0xFFDE, 0xFFDE,
    0xFFDE, 0xFFDE, 0xFFDE, 0xFFDE, 0xFFDE, 0xFFDE, 0xFFDE, 0xFFDE, 0xFFDE, 0xFFDE, 0xFFDE, 0xFFDE,
    0xBDDA, 0xBD9A, 0xBD9A, 0xC5FB, 0xA499, 0x8B78, 0x93B9, 0x93B9, 0x8B99, 0x8B98, 0xAC9C, 0xB4DD,
    0xB49C, 0xAC9C, 0xAC9C, 0xA47C, 0xA45B, 0xA45B, 0xA45B, 0xA45A, 0x9C1A, 0x7B18, 0x8B99, 0x9C58,
    0xA477, 0xA456, 0x9C15, 0x9C33, 0x9C31, 0x93F1, 0x8B92, 0x8395, 0x83B6, 0x8396, 0x8BB7, 0x8BB7,
    0x8398, 0x8B79, 0x8BB9, 0x93FA, 0x9C1B, 0x9C1B, 0x9C3C, 0x9C1C, 0xA41C, 0xA41C, 0xA41C, 0xA41C,
    0xA43C, 0xA43C, 0xA41C, 0x9BFB, 0xC59D, 0xE6FE, 0xDE9E, 0xBD3D, 0x9BFB, 0xA43C, 0x9C1B, 0xA43B,
    0xA43B, 0xA43C, 0xA45C, 0xA45C, 0xA45C, 0xA45C, 0xA45B, 0xA45B, 0xA45A, 0xA45B, 0x93DA, 0x7B16,
    0x626C, 0x62A9, 0xB5B6, 0xCE9B, 0xDEFC, 0xDF1D, 0xE73D, 0xE75D, 0xEF7E, 0xFFDE, 0xAD76, 0x4A6B,
    0x632D, 0x6B6E, 0x6B4D, 0x5A8B, 0x736E, 0x9CB2, 0x8410, 0x83EF, 0xE71B, 0xFFDE, 0xFFDE, 0xFFDE,
    0xFFDE, 0xC637, 0x7BAD, 0x83EF, 0x83CE, 0x83EF, 0x732C, 0xCE39, 0xD69A, 0xD6BA, 0xDEBB, 0xDEBB,
    0xDEDB, 0xDEDB, 0xD69A, 0xD69A, 0xD67A, 0xCE59, 0x8C30, 0x3966, 0x49E7, 0x49E7, 0x4186, 0x83AE,
    0xFFDE, 0xFFDE, 0xFFDE, 0xFFDE, 0xFFDE, 0xFFDE, 0xFFDE, 0xFFDE, 0xFFDE, 0xFFDE, 0xFFDE, 0xFFDE,
    0xFFDE, 0xFFDE, 0xFFDE, 0xFFDE, 0xFFDE, 0xFFDE, 0xFFDE, 0xFFDE, 0xFFDE, 0xFFDE, 0xFFDE, 0xFFDE,
    0x72F5, 0x6AB6, 0x72F7, 0x6AD6, 0x6AB6, 0xA43C, 0xC53E, 0xBCFD, 0xBCFD, 0xBD1D, 0xACBC, 0xA41A,
    0x9BFA, 0x9C1A, 0x9BFA, 0x9BFA, 0x9C1A, 0x9BFA, 0x9C1A, 0x9C3A, 0x9C1A, 0x7AF8, 0x9C38, 0xE6FB,
    0xFFDE, 0xF75C, 0xF75B, 0xEF3B, 0xF75A, 0xDE34, 0x8BAE, 0x62B0, 0x62AF, 0x5A4D, 0x628E, 0x6AB0,
    0x7334, 0x93FA, 0x9C5C, 0xA43C, 0xA45C, 0xA45D, 0xA47D, 0xAC7D, 0xAC7D, 0xAC7D, 0xAC7D, 0xAC7D,
    0xAC7D, 0xAC7D, 0xA45D, 0xA45C, 0xDE7E, 0xFFDE, 0xFFDE, 0xCDFE, 0x9BFC, 0xAC9D, 0xAC7D, 0xAC7D,
    0xAC7D, 0xAC7D, 0xAC9D, 0xAC9D, 0xACBD, 0xACBD, 0xB4BD, 0xB4DC, 0xB4DC, 0xB51D, 0x941A, 0x6A93,
    0x49C9, 0x62E9, 0xDF5C, 0xFFDE, 0xFFDE, 0xFFDE, 0xFFDE, 0xFFDE, 0xFFDE, 0xFFDE, 0xFFDE, 0xDEDB,
    0xE73C, 0xEF7E, 0xE75C, 0x8C51, 0x39A7, 0x41E8, 0x39A7, 0x4A08, 0xCE79, 0xFFDE, 0xFFDE, 0xFFDE,
    0xFFDE, 0x9CB0, 0x3986, 0x4A08, 0x41E7, 0x41C7, 0x3986, 0xFFDE, 0xFFDE, 0xFFDE, 0xFFDE, 0xFFDE,
    0xFFDE, 0xFFDE, 0xFFDE, 0xFFDE, 0xFFDE, 0xFFDE, 0xAD75, 0x3145, 0x49E8, 0x49E7, 0x41A6, 0x7B8D,
    0xFFDE, 0xFFDE, 0xFFDE, 0xFFDE, 0xFFDE, 0xFFDE, 0xFFDE, 0xFFDE, 0xFFDE, 0xFFDE, 0xFFDE, 0xFFDE,
    0xFFDE, 0xFFDE, 0xFFDE, 0xFFDE, 0xFFDE, 0xFFDE, 0xFFDE, 0xFFDE, 0xFFDE, 0xFFDE, 0xFFDE, 0xFFDE,
    0x6AD5, 0x6A97, 0x72F8, 0x72D8, 0x6AB7, 0xA43C, 0xC53E, 0xBD3E, 0xC53E, 0xC53E, 0xAC9C, 0x9BDA,
    0x9BD9, 0x9BD9, 0x93DA, 0x93DA, 0x9C1A, 0x9C1A, 0x9C3A, 0xA49B, 0x9C5B, 0x7AF7, 0x93D4, 0xE6F9,
    0xFFDE, 0xFFDE, 0xFFDE, 0xFFDE, 0xFFDE, 0xDE74, 0x6AA8, 0x41C9, 0x49C8, 0x4166, 0x4987, 0x4988,
    0x5A2D, 0x83B6, 0xA49C, 0xA47C, 0xA49C, 0xAC7C, 0xA45C, 0xA45C, 0xAC5C, 0xAC5C, 0xAC5C, 0xAC5D,
    0xAC7D, 0xAC7D, 0xA45D, 0xA43C, 0xD63E, 0xFFDE, 0xFFDE, 0xC57D, 0x93DC, 0xAC7D, 0xA45C, 0xA45C,
    0xA45C, 0xA45C, 0xAC5C, 0xAC7C, 0xAC7C, 0xAC7C, 0xAC9C, 0xAC9C, 0xAC9C, 0xA49C, 0x93D9, 0x6A92,
    0x51E9, 0x5288, 0xBE37, 0xFFDE, 0xFFDE, 0xFFDE, 0xFFDE, 0xFFDE, 0xFFDE, 0xFFDE, 0xFFDE, 0xFFDE,
    0xFFDE, 0xFFDE, 0xFFDE, 0x9CD2, 0x3966, 0x4A29, 0x41C8, 0x5A8A, 0xDEDA, 0xFFDE, 0xFFDE, 0xFFDE,
    0xFFDE, 0x9CD1, 0x41C7, 0x49E8, 0x41A7, 0x41A6, 0x3966, 0xFFDE, 0xFFDE, 0xFFDE, 0xFFDE, 0xFFDE,
    0xFFDE, 0xFFDE, 0xFFDE, 0xFFDE, 0xFFDE, 0xFFDE, 0x9513, 0x3165, 0x49E8, 0x49E7, 0x41A6, 0x7B8D,
    0xFFDE, 0xFFDE, 0xFFDE, 0xFFDE, 0xFFDE, 0xFFDE, 0xFFDE, 0xFFDE, 0xFFDE, 0xFFDE, 0xFFDE, 0xFFDE,
    0xFFDE, 0xFFDE, 0xFFDE, 0xFFDE, 0xFFDE, 0xFFDE, 0xFFDE, 0xFFDE, 0xEF5D, 0xEF5D, 0xE71D, 0xFFDE,
    0x6AD5, 0x6AB7, 0x7AF8, 0x7AF8, 0x72D7, 0xA45C, 0xBD1E, 0xBCFE, 0xB4DD, 0xBCFD, 0xAC7C, 0x9BFA,
    0x9C1A, 0xA43A, 0xACDD, 0x9C3B, 0x8357, 0x8376, 0x8BB8, 0x9C3A, 0x9C3A, 0x8375, 0xB4F5, 0xF73A,
    0xFFDE, 0xFFDE, 0xFFDE, 0xFFDE, 0xFFDE, 0xC572, 0x6228, 0x5A29, 0x6289, 0x6289, 0x72A9, 0x6AA9,
    0x72CA, 0x8350, 0x93B6, 0x93F8, 0x9C19, 0xA43B, 0xAC9C, 0xAC7C, 0xAC7C, 0xAC7C, 0xAC7D, 0xAC7D,
    0xA43C, 0xAC5C, 0xAC5D, 0xA43D, 0xD63E, 0xFFDE, 0xFFDE, 0xCDDE, 0xA41D, 0xAC7C, 0xA43C, 0xA43C,
    0xA45C, 0xA45C, 0xAC5C, 0xAC7C, 0xAC7C, 0xAC7D, 0xAC9C, 0xA43B, 0x9BFA, 0x93FA, 0x8BB8, 0x6271,
    0x51E9, 0x5A88, 0xBE36, 0xDF5C, 0xE77C, 0xDF7C, 0xDF7C, 0xD75C, 0xD77C, 0xD77C, 0xD73C, 0xD73C,
    0xE75D, 0xFFDE, 0xEF7D, 0x9CF4, 0x524A, 0x526A, 0x524A, 0x524A, 0x9CB2, 0xC5F7, 0xBDB6, 0xBDB6,
    0xBDD6, 0x83CE, 0x3966, 0x5A8A, 0x62EC, 0x6B2D, 0x5A8B, 0xFFDE, 0xFFDE, 0xEFBE, 0xEFBE, 0xE7BE,
    0xE7BE, 0xE7BE, 0xE7BE, 0xE7BE, 0xE7DE, 0xFFDE, 0x9513, 0x3145, 0x49E8, 0x49E7, 0x41A6, 0x7B6D,
    0xFFDE, 0xFFDE, 0xFFDE, 0xFFDE, 0xFFDE, 0xFFDE, 0xFFDE, 0xFFDE, 0xFFDE, 0xFFDE, 0xFFDE, 0xFFDE,
    0xFFDE, 0xFFDE, 0xFFDE, 0xFFDE, 0xFFDE, 0xFFDE, 0xCE3B, 0xA4B8, 0xA498, 0xA498, 0x9C38, 0xA4B9,
    0x6AB6, 0x6A76, 0x72B7, 0x72B7, 0x7AD7, 0xB4BD, 0xC55F, 0xBD1E, 0xBCFE, 0xBD1E, 0xACBD, 0xB4BC,
    0xB4FC, 0xBD1C, 0xC5BF, 0x9C5B, 0x72B4, 0x72B3, 0x72D4, 0x7B15, 0x7B36, 0xBD58, 0xFFDE, 0xFFDE,
    0xFFDE, 0xFFDE, 0xFFDE, 0xFFDE, 0xFFDE, 0xDE77, 0xB4F3, 0xB533, 0xC594, 0xC594, 0xCDF5, 0xCDF5,
    0xD636, 0xA470, 0x622C, 0x624E, 0x6A70, 0x7AF6, 0xAC9C, 0xACBC, 0xAC9C, 0xAC9C, 0xAC9D, 0xAC7C,
    0xC57D, 0xD5FD, 0xD61E, 0xD61E, 0xE71F, 0xFFDE, 0xFFDE, 0xEF1F, 0xD61E, 0xD61E, 0xCDFD, 0xBD3D,
    0xA45C, 0xA45C, 0xA45C, 0xAC7C, 0xA47C, 0xAC7C, 0xAC9C, 0x93DA, 0x8B58, 0x8BB8, 0x8397, 0x6290,
    0x51E8, 0x62C8, 0xB615, 0xC6B8, 0xC6F9, 0xC6F9, 0xC6F9, 0xC6D8, 0xBEF8, 0xBEF8, 0xAEB8, 0x9636,
    0x9E57, 0xAEB8, 0xB699, 0xB639, 0xBDD8, 0xB596, 0xBDF8, 0x9493, 0x41C8, 0x4A09, 0x4A29, 0x4208,
    0x4A29, 0x5249, 0x83F0, 0xCE59, 0xDEFC, 0xE73D, 0xD69A, 0xE7BE, 0xCF5C, 0xC73B, 0xBF3B, 0xBF1B,
    0xBF1B, 0xBF1B, 0xBF3B, 0xBF3B, 0xC73B, 0xD77D, 0x8CF2, 0x3145, 0x5208, 0x49E7, 0x41A6, 0x7B6D,
    0xFFDE, 0xFFDE, 0xFFDE, 0xFFDE, 0xFFDE, 0xFFDE, 0xFFDE, 0xFFDE, 0xFFDE, 0xFFDE, 0xFFDE, 0xFFDE,
    0xFFDE, 0xFFDE, 0xFFDE, 0xFFDE, 0xFFDE, 0xFFDE, 0x9C77, 0x7315, 0x7B57, 0x7B36, 0x7B16, 0x7B37,
    0xA43B, 0xBD1D, 0xBD1D, 0xB4FD, 0xC55E, 0xC57F, 0xC53E, 0xC55E, 0xC55E, 0xC55E, 0xB4FD, 0xBD1D,
    0xCD7E, 0xC57D, 0xC5BF, 0x9C5A, 0x7AF4, 0x7AF2, 0x72F3, 0x72F3, 0x6AD2, 0xD679, 0xFFDE, 0xFFDE,
    0xFFDE, 0xFFDE, 0xFFDE, 0xFFDE, 0xFFDE, 0xFFDE, 0xFFDE, 0xFFDE, 0xFFDE, 0xFFDE, 0xFFDE, 0xFFDE,
    0xFFDE, 0xB4F2, 0x59EA, 0x624D, 0x6A6D, 0x7B34, 0xA49B, 0xACBB, 0xACBC, 0xB4DC, 0xB4DC, 0xAC9C,
    0xFFDE, 0xFFDE, 0xFFDE, 0xFFDE, 0xFFDE, 0xFFDE, 0xFFDE, 0xFFDE, 0xFFDE, 0xFFDE, 0xFFDE, 0xEF5F,
    0xBD3D, 0x9C1C, 0xA45C, 0xA45C, 0xA45C, 0xA47C, 0xA47C, 0x93BA, 0x8338, 0x8358, 0x8357, 0x6A90,
    0x49C8, 0x62C8, 0xBE34, 0xC6D8, 0xCF18, 0xCF18, 0xCF18, 0xCF18, 0xC718, 0xC718, 0xB6F7, 0x8634,
    0x8E55, 0x9676, 0x9E57, 0xBEFB, 0xE77E, 0xE75D, 0xFFDE, 0xE71C, 0x62ED, 0x49E9, 0x526A, 0x4A29,
    0x522A, 0x7BB0, 0xFFDE, 0xFFDE, 0xFFDE, 0xFFDE, 0xFFDE, 0xBEFB, 0xBF1B, 0xBF1B, 0xBF1B, 0xBF1B,
    0xBF3B, 0xB73B, 0xBF3B, 0xB73B, 0xBF5B, 0xCF7C, 0x8CF2, 0x3165, 0x5208, 0x49E7, 0x41A6, 0x7B4D,
    0xFFDE, 0xFFDE, 0xFFDE, 0xFFDE, 0xFFDE, 0xFFDE, 0xFFDE, 0xFFDE, 0xFFDE, 0xFFDE, 0xFFDE, 0xFFDE,
    0xFFDE, 0xFFDE, 0xFFDE, 0xFFDE, 0xFFDE, 0xFFDE, 0x9C77, 0x72F5, 0x7B36, 0x7B35, 0x7B16, 0x7B16,
    0xBD3D, 0xD5FF, 0xCDBF, 0xCD9F, 0xC55F, 0xC53E, 0xC53E, 0xC55E, 0xC55E, 0xC57E, 0xB4FD, 0xB4DC,
    0xCD7E, 0xCDBE, 0xCDDF, 0x9C5B, 0x7AF3, 0x7AF1, 0x72F2, 0x72F2, 0x6AB1, 0xDE9A, 0xFFDE, 0xFFDE,
    0xFFDE, 0xFFDE, 0xFFDE, 0xFFDE, 0xFFDE, 0xFFDE, 0xFFDE, 0xFFDE, 0xFFDE, 0xFFDE, 0xFFDE, 0xFFDE,
    0xFFDE, 0xB513, 0x5A09, 0x624C, 0x624D, 0x72D3, 0x9C59, 0xB51C, 0xB4DC, 0xB4DC, 0xB4DD, 0xAC9C,
    0xFFDE, 0xFFDE, 0xFFDE, 0xFFDE, 0xFFDE, 0xFFDE, 0xFFDE, 0xFFDE, 0xFFDE, 0xFFDE, 0xFFDE, 0xFFDE,
    0xC55D, 0x9BFC, 0xA45C, 0xA45C, 0xA45C, 0xAC7C, 0xA47C, 0x8B9A, 0x7B18, 0x8337, 0x7B36, 0x62B0,
    0x41C8, 0x5AA8, 0xB614, 0xC6D7, 0xCEF8, 0xCF18, 0xCF18, 0xCF18, 0xC718, 0xC718, 0xB6D7, 0x8614,
    0x8634, 0x9655, 0x9616, 0xB6DA, 0xE7DE, 0xD73D, 0xDF7E, 0xD6FC, 0x8C93, 0x83F0, 0x9492, 0x8C30,
    0xAD35, 0xDEBB, 0xFFDE, 0xFFDE, 0xFFDE, 0xFFDE, 0xE79E, 0xBF1C, 0xBF1B, 0xBEFB, 0xBF1B, 0xBF1B,
    0xBF1B, 0xBF1B, 0xBF3B, 0xBF3B, 0xBF3B, 0xCF7C, 0x8CD2, 0x3965, 0x5208, 0x5207, 0x49C6, 0x734D,
    0xFFDE, 0xFFDE, 0xFFDE, 0xFFDE, 0xFFDE, 0xFFDE, 0xFFDE, 0xFFDE, 0xFFDE, 0xFFDE, 0xFFDE, 0xFFDE,
    0xFFDE, 0xFFDE, 0xFFDE, 0xFFDE, 0xFFDE, 0xFFDE, 0x9C77, 0x7315, 0x7B35, 0x7B35, 0x7B15, 0x72F5,
    0xB4FC, 0xCD9E, 0xC55E, 0xC55E, 0xC55E, 0xC55E, 0xC55E, 0xC57E, 0xC57E, 0xCD9E, 0xBD3D, 0xB4FC,
    0xC59D, 0xD5FE, 0xCE1F, 0xA47B, 0x7312, 0x7310, 0x72F0, 0x72D0, 0x5A2D, 0xE6FA, 0xFFDE, 0xFFDE,
    0xFFDE, 0xFFDE, 0xFFDE, 0xFFDE, 0xFFDE, 0xFFDE, 0xFFDE, 0xFFDE, 0xFFDE, 0xFFDE, 0xFFDE, 0xFFDE,
    0xFFDE, 0xB574, 0x51C8, 0x49A9, 0x51CA, 0x72B0, 0x8BB5, 0x9C78, 0xAC9A, 0xACBC, 0xB4BC, 0xB4BC,
    0xEF3F, 0xFFDE, 0xFFDE, 0xFFDE, 0xFFDE, 0xFFDE, 0xFFDE, 0xFFDE, 0xFFDE, 0xFFDE, 0xFFDE, 0xFFDE,
    0xC53D, 0xA41C, 0xA45C, 0xA47C, 0xAC9D, 0xAC9D, 0xAC9C, 0x8B79, 0x72B6, 0x72D5, 0x6AD3, 0x524E,
    0x39A7, 0x5AA8, 0xBE54, 0xD738, 0xD6F7, 0xD6F7, 0xD6F7, 0xCED7, 0xCED7, 0xCED7, 0xB6D7, 0x8613,
    0x8633, 0x8E54, 0x9676, 0x9E78, 0xB6DB, 0xAE9B, 0xAE9B, 0xAE9C, 0xB6BC, 0xCEDC, 0xD75D, 0xDF5C,
    0xFFDE, 0xFFDE, 0xEF9E, 0xDF7D, 0xD75D, 0xD77D, 0xCF1C, 0xC73C, 0xC75C, 0xBF3B, 0xBF3B, 0xBF1A,
    0xBF1A, 0xBF1B, 0xBF3B, 0xBF5B, 0xBF5B, 0xCF7C, 0x8CD2, 0x3986, 0x5228, 0x5208, 0x49C7, 0x7B6D,
    0xFFDE, 0xFFDE, 0xFFDE, 0xFFDE, 0xFFDE, 0xFFDE, 0xFFDE, 0xFFDE, 0xFFDE, 0xFFDE, 0xFFDE, 0xFFDE,
    0xFFDE, 0xFFDE, 0xFFDE, 0xFFDE, 0xFFDE, 0xFFDE, 0x9435, 0x62B1, 0x6AF1, 0x6AB0, 0x6270, 0x8355,
    0xC55D, 0xCDBE, 0xC57E, 0xC57E, 0xC57E, 0xC57E, 0xC57E, 0xC57E, 0xCD9E, 0xCD9E, 0xC59E, 0xC59E,
    0xCDDE, 0xCDBD, 0xC59F, 0x9418, 0x6AAF, 0x6ACC, 0x626C, 0x8370, 0x9C52, 0xFFDE, 0xFFDE, 0xFFDE,
    0xFFDE, 0xFFDE, 0xFFDE, 0xFFDE, 0xFFDE, 0xFFDE, 0xFFDE, 0xFFDE, 0xFFDE, 0xFFDE, 0xFFDE, 0xFFDE,
    0xFFDE, 0xDE98, 0x93EE, 0x838D, 0x8BEF, 0x624C, 0x6A8E, 0x624E, 0x7B14, 0xAC7B, 0xB4DC, 0xB4DC,
    0xC57D, 0xE69E, 0xE6BF, 0xE69E, 0xFFDE, 0xFFDE, 0xFFDE, 0xF75F, 0xD65E, 0xDE7E, 0xE6BE, 0xD61E,
    0xB4BD, 0xAC5D, 0xA47C, 0x9C1B, 0x93DB, 0x93DB, 0x93FA, 0x93D9, 0x9C39, 0x9C97, 0xA4B6, 0x8C12,
    0x4A08, 0x5227, 0x9CF0, 0xC676, 0xEF38, 0xE6D6, 0xEED7, 0xEE97, 0xE696, 0xDE55, 0xBED6, 0x8612,
    0x8613, 0x8E13, 0x8E54, 0x8E16, 0x9E59, 0xAEBC, 0xAE9C, 0xA69C, 0xA67C, 0x8DD9, 0x8DD9, 0x9619,
    0xDF7E, 0xD75E, 0xCF3D, 0xC73D, 0xBEFD, 0xBEFC, 0xC71C, 0xB6FB, 0xB6FA, 0xAED9, 0xAEF8, 0xAE98,
    0xBEFA, 0xBF1A, 0xAED7, 0xB718, 0xBF5A, 0xD79C, 0x8CD1, 0x4186, 0x5228, 0x5228, 0x49E7, 0x7B6D,
    0xFFDE, 0xFFDE, 0xFFDE, 0xFFDE, 0xFFDE, 0xFFDE, 0xFFDE, 0xFFDE, 0xFFDE, 0xFFDE, 0xFFDE, 0xFFDE,
    0xFFDE, 0xFFDE, 0xFFDE, 0xFFDE, 0xFFDE, 0xFFDE, 0x8390, 0x49CA, 0x520A, 0x520A, 0x49CB, 0x9C37,
    0xCDBE, 0xC59E, 0xC59E, 0xC59E, 0xC59E, 0xC59E, 0xC59E, 0xCD9E, 0xCD9E, 0xCDBE, 0xCDBE, 0xD5FE,
    0xD5FE, 0xB4DC, 0xA47D, 0x7315, 0x5A4C, 0x628A, 0x51E8, 0xACD2, 0xFFDE, 0xFFDE, 0xFFDE, 0xFFDE,
    0xFFDE, 0xFFDE, 0xFFDE, 0xFFDE, 0xFFDE, 0xFFDE, 0xFFDE, 0xFFDE, 0xFFDE, 0xFFDE, 0xFFDE, 0xFFDE,
    0xFFDE, 0xFFDE, 0xFFDE, 0xFFDE, 0xFFDE, 0x59E8, 0x624B, 0x51CA, 0x6230, 0xA43B, 0xB4FD, 0xB4BC,
    0xBCFC, 0xBCFD, 0xBCFD, 0xB49C, 0xDE9E, 0xFFDE, 0xFFDE, 0xDE7E, 0xA41C, 0xAC7D, 0xAC7C, 0xA47C,
    0xAC9D, 0xAC9D, 0xAC9C, 0x93DB, 0x7AF9, 0x7B19, 0x7B18, 0xA499, 0xFFDE, 0xFFDE, 0xFFDE, 0xFFDE,
    0x834C, 0x4986, 0x6289, 0x940E, 0xFF79, 0xF6D7, 0xFED7, 0xFEB7, 0xFED7, 0xF6B5, 0xBEB5, 0x7DF1,
    0x7E12, 0x8612, 0x85F2, 0x8614, 0x9E99, 0xAE9C, 0xAE9C, 0xAE9C, 0x9E7B, 0x85B9, 0x7DB9, 0x7578,
    0xCF5F, 0xCF5E, 0xC71D, 0xC73E, 0xBF1D, 0xBEFD, 0xC71D, 0x9E77, 0x9676, 0x9675, 0x9E75, 0xA677,
    0xCF5A, 0xBEF8, 0x9652, 0x9E93, 0xB6F6, 0xCF7A, 0x8CB0, 0x41A6, 0x5A49, 0x5A28, 0x5207, 0x7B6D,
    0xFFDE, 0xFFDE, 0xFFDE, 0xFFDE, 0xFFDE, 0xFFDE, 0xFFDE, 0xFFDE, 0xFFDE, 0xFFDE, 0xFFDE, 0xFFDE,
    0xFFDE, 0xFFDE, 0xFFDE, 0xFFDE, 0xFFDE, 0xFFDE, 0x7B6F, 0x41A7, 0x4A08, 0x5228, 0x5209, 0x9C78,
    0xCDBE, 0xCDBE, 0xCDBE, 0xCDBE, 0xCDBE, 0xCD9E, 0xC59E, 0xCD9E, 0xCD9E, 0xCDBE, 0xCDBE, 0xCDDE,
    0xD5FE, 0xAC9C, 0xA45D, 0x7B14, 0x626B, 0x628A, 0x51E8, 0xA492, 0xFFDE, 0xFFDE, 0xFFDE, 0xFFDE,
    0xFFDE, 0xFFDE, 0xFFDE, 0xFFDE, 0xFFDE, 0xFFDE, 0xFFDE, 0xFFDE, 0xFFDE, 0xFFDE, 0xFFDE, 0xFFDE,
    0xFFDE, 0xFFDE, 0xFFDE, 0xFFDE, 0xFFDE, 0x5A08, 0x626A, 0x5209, 0x6290, 0x9C5B, 0xB49C, 0xAC9C,
    0xBCFC, 0xB4FD, 0xBD1D, 0xBD1D, 0xE6BE, 0xFFDE, 0xFFDE, 0xE6DE, 0xAC9D, 0xB4DD, 0xB4DD, 0xB4BD,
    0xB4BD, 0xB4BD, 0xACBD, 0x9C3B, 0x8339, 0x835A, 0x7AF8, 0x9C17, 0xEF3A, 0xFFDE, 0xFFDE, 0xEF3A,
    0x8B8C, 0x49A6, 0x626A, 0x93AD, 0xFF59, 0xF6F8, 0xF697, 0xF656, 0xF6D6, 0xF6D6, 0xBE94, 0x75D0,
    0x7E11, 0x7DF2, 0x7DB1, 0x7DB3, 0x9E79, 0xA67C, 0xA67C, 0xAE7C, 0x9E3B, 0x85B9, 0x85B9, 0x85B9,
    0xC73E, 0xCF5E, 0xC71E, 0xC71D, 0xBEFD, 0xBF1D, 0xC71C, 0x9695, 0x96B4, 0x9694, 0x9653, 0xA675,
    0xC759, 0xB6D6, 0x9E71, 0x9E72, 0xA672, 0xC716, 0x8C6F, 0x49C7, 0x5A49, 0x5A48, 0x5228, 0x7B8D,
    0xFFDE, 0xFFDE, 0xFFDE, 0xFFDE, 0xFFDE, 0xFFDE, 0xFFDE, 0xFFDE, 0xFFDE, 0xFFDE, 0xFFDE, 0xFFDE,
    0xFFDE, 0xFFDE, 0xFFDE, 0xFFDE, 0xFFDE, 0xFFDE, 0x7B6E, 0x41A7, 0x4A08, 0x5228, 0x5209, 0x9457,
    0xD5FE, 0xCDBE, 0xCDFE, 0xCDFF, 0xCDDF, 0xCDBE, 0xCD9E, 0xCD9E, 0xCD9E, 0xCD9E, 0xCD9E, 0xD5FE,
    0xCDDE, 0xAC9C, 0xA47E, 0x7B34, 0x5A4A, 0x6269, 0x51E7, 0xA471, 0xFFDE, 0xFFDE, 0xFFDE, 0xFFDE,
    0xFFDE, 0xFFDE, 0xFFDE, 0xFFDE, 0xFFDE, 0xFFDE, 0xFFDE, 0xFFDE, 0xFFDE, 0xFFDE, 0xFFDE, 0xFFDE,
    0xFFDE, 0xFFDE, 0xFFDE, 0xFFDE, 0xFFDE, 0x59E7, 0x624A, 0x51E8, 0x628F, 0x9C3B, 0xB4BC, 0xACBB,
    0xAC9B, 0xACBC, 0xB4DD, 0xB4FD, 0xDEBE, 0xFFDE, 0xFFDE, 0xDEBE, 0xAC9C, 0xB4DD, 0xB4DD, 0xACBD,
    0xB4DD, 0xB4BD, 0xACDC, 0xA45B, 0x8379, 0x8359, 0x8B98, 0xBD59, 0xFFDE, 0xFFDE, 0xFFDE, 0xEF3B,
    0x8B8D, 0x51E7, 0x6AAA, 0x93CD, 0xFF39, 0xF739, 0xF6D8, 0xF697, 0xEE55, 0xEE54, 0xB694, 0x75D0,
    0x75F1, 0x75D1, 0x75B1, 0x7DD3, 0x9639, 0xA65B, 0xA67C, 0xA67C, 0x9E3B, 0x85B9, 0x85B9, 0x8599,
    0xC73E, 0xCF3E, 0xC71E, 0xBF1D, 0xBEFD, 0xBF1C, 0xBF3C, 0x8E74, 0x96B4, 0x9693, 0x9653, 0x9E74,
    0xBF38, 0xAEB5, 0x9E71, 0x9E71, 0x9E52, 0xB6B4, 0x844E, 0x49E7, 0x5A49, 0x5A48, 0x5228, 0x838D,
    0xFFDE, 0xFFDE, 0xFFDE, 0xFFDE, 0xFFDE, 0xFFDE, 0xFFDE, 0xFFDE, 0xFFDE, 0xFFDE, 0xFFDE, 0xFFDE,
    0xFFDE, 0xFFDE, 0xFFDE, 0xFFDE, 0xFFDE, 0xFFDE, 0x734D, 0x4186, 0x49E8, 0x51E8, 0x51E9, 0x7B53,
    0x8B79, 0x8358, 0x8358, 0x7B38, 0x8B99, 0xBD3E, 0xD5DF, 0xCDBE, 0xCDBE, 0xCDBE, 0xCDBE, 0xD61E,
    0xCD9D, 0xA45B, 0xA45C, 0x72F2, 0x5A28, 0x5A48, 0x49A5, 0xA490, 0xFFDE, 0xFFDE, 0xFFDE, 0xFFDE,
    0xFFDE, 0xFFDE, 0xFFDE, 0xFFDE, 0xFFDE, 0xFFDE, 0xFFDE, 0xFFDE, 0xFFDE, 0xFFDE, 0xFFDE, 0xFFDE,
    0xFFDE, 0xFFDE, 0xFFDE, 0xFFDE, 0xFFDE, 0x59E7, 0x6228, 0x51C8, 0x6270, 0x7B37, 0x7AF7, 0x72F7,
    0x8378, 0xA47B, 0xB4DC, 0xACBC, 0xAC9C, 0xAC7C, 0xAC9C, 0xAC9C, 0xB4DD, 0xB4DD, 0xB4FD, 0xA45C,
    0x8B7A, 0x8379, 0x8B9A, 0x8B9A, 0x8B99, 0x7B17, 0xB559, 0xFFDE, 0xFFDE, 0xFFDE, 0xFFDE, 0xFFDE,
    0x93CE, 0x59E7, 0x6A8A, 0x9B8D, 0xFED8, 0xF719, 0xFFDE, 0xFF5B, 0xE656, 0xDE55, 0xB674, 0x6DB0,
    0x6DB0, 0x75B0, 0x7570, 0x85B3, 0x9639, 0xA65C, 0xA65C, 0xA67C, 0x963B, 0x85B9, 0x85B9, 0x7D99,
    0xC73E, 0xC73E, 0xC71D, 0xBF1D, 0xBF1C, 0xC73C, 0xBF5B, 0x9673, 0x9E93, 0x9E93, 0x9EB3, 0x9E73,
    0x9E73, 0xA672, 0x9E31, 0xA651, 0xA5F1, 0xA5F1, 0x83ED, 0x51E8, 0x6269, 0x5A69, 0x5A48, 0x7BAE,
    0xFFDE, 0xFFDE, 0xFFDE, 0xFFDE, 0xFFDE, 0xFFDE, 0xFFDE, 0xFFDE, 0xFFDE, 0xFFDE, 0xFFDE, 0xFFDE,
    0xFFDE, 0xFFDE, 0xDED9, 0xDEB9, 0xDED9, 0xDE99, 0x72EB, 0x51C7, 0x5A28, 0x5A28, 0x5A2A, 0x7B53,
    0x7B18, 0x8338, 0x8378, 0x8378, 0x8B99, 0xB4DD, 0xCDBE, 0xC59E, 0xCD9E, 0xCD7E, 0xC57E, 0xCDBE,
    0xBCFC, 0x9C1B, 0x93FB, 0x6AD0, 0x51E7, 0x5A27, 0x4985, 0x93EE, 0xE6DA, 0xEF1A, 0xF75A, 0xFF7A,
    0xFFDE, 0xFFDE, 0xFFDE, 0xFFDE, 0xFFDE, 0xFFDE, 0xFFDE, 0xFFDE, 0xFFDE, 0xFFDE, 0xFFDE, 0xFFDE,
    0xFFDE, 0xFFDE, 0xFFDE, 0xFFDE, 0xFFDE, 0x59C6, 0x6248, 0x51C8, 0x624F, 0x72B6, 0x7296, 0x72D7,
    0x7AF8, 0x9C1A, 0xAC9C, 0xAC9C, 0xB4BC, 0xB4BD, 0xB4DD, 0xB4DD, 0xB4BD, 0xB4BD, 0xB4DC, 0x9C3B,
    0x8B7A, 0x8B9A, 0x8BBA, 0xA45A, 0xA479, 0x9C37, 0xCE1A, 0xFFDE, 0xFFDE, 0xFFDE, 0xFFDE, 0xFFDE,
    0x93CE, 0x59E7, 0x6AAA, 0x9B8D, 0xFED9, 0xF719, 0xFF3A, 0xF73A, 0xD656, 0xCE75, 0xB695, 0x6DB0,
    0x6D90, 0x7590, 0x7D71, 0x8594, 0x9E1A, 0xA65C, 0xA65C, 0xA67C, 0x9E3B, 0x85B9, 0x85B9, 0x8599,
    0xC73E, 0xC73E, 0xC73E, 0xC71D, 0xBEFC, 0xBF1A, 0xBF38, 0x9E73, 0x9E93, 0x9E93, 0xA693, 0xA673,
    0xA693, 0xAE73, 0xB634, 0xBE34, 0xC614, 0xCE55, 0x942F, 0x51E7, 0x6269, 0x5A69, 0x5A48, 0x7B8E,
    0xFFDE, 0xFFDE, 0xFFDE, 0xFFDE, 0xFFDE, 0xFFDE, 0xFFDE, 0xFFDE, 0xFFDE, 0xFFDE, 0xFFDE, 0xFFDE,
    0xFFDE, 0xBDB5, 0x5228, 0x5207, 0x5A69, 0x5228, 0x7B2B, 0xA42E, 0x9BED, 0x93CD, 0x9C10, 0x8BD5,
    0x7B17, 0x7B37, 0x8358, 0x8358, 0x8378, 0xA49C, 0xBD3D, 0xBD1D, 0xB4FD, 0xBD1D, 0xAC9C, 0x93F9,
    0x8B58, 0x8B79, 0x7318, 0x626E, 0x5A07, 0x5207, 0x51E7, 0x5207, 0x72EA, 0xA42E, 0xCD50, 0xDDF2,
    0xF717, 0xFFDE, 0xFFDE, 0xFFDE, 0xFFDE, 0xFFDE, 0xFFDE, 0xFFDE, 0xFFDE, 0xFFDE, 0xFFDE, 0xFFDE,
    0xFFDE, 0xEED8, 0xCD51, 0xCD51, 0xE654, 0x6227, 0x6248, 0x51E9, 0x7332, 0x8BB8, 0x72D7, 0x72D7,
    0x7B18, 0x9C1A, 0xAC7C, 0xA47C, 0xAC9C, 0xAC7C, 0xAC9C, 0xAC9C, 0xAC9C, 0xACBC, 0xACDC, 0x9C3B,
    0x839A, 0x8BBA, 0x9C5A, 0xE6BD, 0xFFDE, 0xFFDE, 0xFFDE, 0xFFDE, 0xFFDE, 0xFFDE, 0xFFDE, 0xF75D,
    0x93CE, 0x5A08, 0x6AAA, 0x9BAE, 0xFED9, 0xF6F9, 0xF6D9, 0xE6F9, 0xC6B6, 0xBED6, 0xAEB4, 0x7DF1,
    0x7E12, 0x85F4, 0x8DD5, 0x9619, 0x9E1B, 0xA65C, 0xA67C, 0xA67C, 0x9E3B, 0x8DB9, 0x85B9, 0x85B9,
    0xC73E, 0xC73E, 0xC73E, 0xC73E, 0xBEDA, 0xAE75, 0xAE93, 0xA693, 0xA6B3, 0xA694, 0xA6B3, 0xA694,
    0xB6D4, 0xBEB5, 0xE699, 0xEE99, 0xF6DA, 0xFFDE, 0xACB2, 0x49C7, 0x6269, 0x5A69, 0x5A28, 0x7B8E,
    0xFFDE, 0xFFDE, 0xFFDE, 0xFFDE, 0xFFDE, 0xFFDE, 0xFFDE, 0xFFDE, 0xFFDE, 0xFFDE, 0xFFDE, 0xFFDE,
    0xFFDE, 0xB554, 0x49A6, 0x51E7, 0x5A28, 0x51E7, 0xA44F, 0xCD72, 0xCD31, 0xCD30, 0xCD52, 0x9C14,
    0x7B17, 0x7B17, 0x7B37, 0x7B37, 0x8378, 0xAC9C, 0xB4FD, 0xB4DD, 0xB4BC, 0xB4DD, 0x9C3B, 0x8338,
    0x7AF8, 0x8339, 0x72F8, 0x626E, 0x51E7, 0x51E6, 0x5207, 0x51E7, 0x49C6, 0x93AC, 0xCD2F, 0xCD2E,
    0xEE74, 0xFF9A, 0xFFDE, 0xFFDE, 0xFFDE, 0xFFDE, 0xFFDE, 0xFFDE, 0xFFDE, 0xFFDE, 0xFFDE, 0xFFDE,
    0xFFDE, 0xDE34, 0xC4CF, 0xAC2D, 0xA40C, 0x6A89, 0x59E8, 0x59EA, 0x9C76, 0xB53B, 0x8378, 0x6A77,
    0x72B7, 0x93BA, 0xA45B, 0xA45B, 0xA47C, 0xAC7C, 0xAC7C, 0xAC7C, 0xAC9C, 0xACBC, 0xAC9C, 0x93DB,
    0x7B39, 0x835A, 0xA4BA, 0xFFDE, 0xFFDE, 0xFFDE, 0xFFDE, 0xFFDE, 0xFFDE, 0xFFDE, 0xFFDE, 0xF75D,
    0x93CE, 0x5A28, 0x6AAA, 0x9BCE, 0xFED9, 0xF6F9, 0xE698, 0xC6B7, 0xB6D6, 0xAED6, 0xA694, 0x7DF1,
    0x8633, 0x8E56, 0x9E59, 0x9E5B, 0x9E3C, 0xA65C, 0xA67C, 0xA67C, 0x9E3B, 0x85B9, 0x85B9, 0x85B9,
    0xC75E, 0xC73E, 0xC71E, 0xCF3E, 0xC6D9, 0xAE32, 0xAE72, 0xA693, 0xA6B4, 0xA6D4, 0xA6D4, 0xAED5,
    0xB6D6, 0xC696, 0xF69B, 0xFEDC, 0xFF1C, 0xFFDE, 0xB4B2, 0x49E7, 0x6269, 0x5A49, 0x5A28, 0x7B8E,
    0xFFDE, 0xFFDE, 0xFFDE, 0xFFDE, 0xFFDE, 0xFFDE, 0xFFDE, 0xFFDE, 0xFFDE, 0xFFDE, 0xFFDE, 0xFFDE,
    0xFFDE, 0xB595, 0x5228, 0x5A28, 0x6269, 0x6269, 0xAC4F, 0xC511, 0xC4F0, 0xC4D0, 0xC4F1, 0x93F4,
    0x7317, 0x7B17, 0x7B17, 0x7B17, 0x8B99, 0xAC9C, 0xACDC, 0xAC9C, 0xAC7C, 0xAC7C, 0x9BFB, 0x8339,
    0x7AF8, 0x7B18, 0x72F8, 0x5A6F, 0x5A28, 0x6247, 0x5207, 0x51E7, 0x5A28, 0x9C0D, 0xD591, 0xD56F,
    0xEE94, 0xFF9A, 0xFFDE, 0xFFDE, 0xFFDE, 0xFFDE, 0xFFDE, 0xFFDE, 0xFFDE, 0xFFDE, 0xFFDE, 0xFFDE,
    0xFFDE, 0xEE55, 0xD5B2, 0xA42E, 0x832A, 0x6A68, 0x7AEB, 0xACF3, 0xD63A, 0xC5DA, 0x93F7, 0x7316,
    0x7B37, 0x8B79, 0x9BFA, 0x9C1B, 0x9C3B, 0xA43B, 0xA43C, 0xA43C, 0xA45B, 0xA45B, 0xA45B, 0x93BA,
    0x8B99, 0x93D9, 0xBD7A, 0xFFDE, 0xFFDE, 0xFFDE, 0xFFDE, 0xFFDE, 0xFFDE, 0xFFDE, 0xFFDE, 0xEF5C,
    0x93CE, 0x5A28, 0x6ACA, 0x93EE, 0xFEF9, 0xF6F9, 0xDED8, 0xBED7, 0xAEF6, 0xAEF6, 0xA6B4, 0x75AF,
    0x6D70, 0x85B4, 0x9639, 0x9E5C, 0x9E3C, 0xA65C, 0xA65C, 0xA67C, 0x9E3B, 0x8599, 0x85B9, 0x85B9,
    0xC73E, 0xCF3E, 0xCF3E, 0xCF3E, 0xCEFA, 0xBE34, 0xB653, 0xAE93, 0xA6B4, 0xA693, 0xAED5, 0xBEF7,
    0xC6D7, 0xC657, 0xF67B, 0xFEBC, 0xFEDC, 0xFF5D, 0xBCB3, 0x49E7, 0x6269, 0x6249, 0x5A28, 0x838E,
    0xFFDE, 0xFFDE, 0xFFDE, 0xFFDE, 0xFFDE, 0xFFDE, 0xFFDE, 0xFFDE, 0xFFDE, 0xFFDE, 0xFFDE, 0xFFDE,
    0xFFDE, 0xB595, 0x5228, 0x5A08, 0x6269, 0x6249, 0xAC4F, 0xCD31, 0xC4F0, 0xC4F0, 0xC512, 0x93F4,
    0x7317, 0x7B17, 0x7B17, 0x7AF7, 0x8358, 0x8BB9, 0x93D9, 0x8BBA, 0x8B99, 0x8B79, 0x8359, 0x82F8,
    0x7AF8, 0x7AF8, 0x72D7, 0x62B0, 0x942E, 0x9C4D, 0x6268, 0x49C7, 0x5208, 0x8BAD, 0xCD30, 0xCD2F,
    0xEE74, 0xFF9A, 0xFFDE, 0xFFDE, 0xFFDE, 0xFFDE, 0xFFDE, 0xFFDE, 0xFFDE, 0xFFDE, 0xFFDE, 0xFFDE,
    0xFFDE, 0xEE55, 0xBCCF, 0x7ACA, 0x6268, 0x5A07, 0xB512, 0xFFDE, 0xFFDE, 0xFFDE, 0xEF3D, 0xE6DC,
    0xA478, 0x72D7, 0x8359, 0x8359, 0x8379, 0x8379, 0x8B79, 0x8379, 0x8379, 0x8B99, 0x8358, 0x9419,
    0xD65C, 0xF75C, 0xF75D, 0xFFDE, 0xFFDE, 0xFFDE, 0xFFDE, 0xFFDE, 0xFFDE, 0xFFDE, 0xFFDE, 0xEF3C,
    0x93AD, 0x5A48, 0x6ACA, 0x93EF, 0xF6D9, 0xEEF9, 0xD6B7, 0xB6D7, 0xAF16, 0xA6F6, 0x9ED5, 0x6D6F,
    0x6D4F, 0x7D72, 0x9619, 0x9E5C, 0x9E3C, 0x9E5C, 0xA65C, 0xA67C, 0x963B, 0x8599, 0x85BA, 0x85B9,
    0xC75E, 0xCF3D, 0xCF3D, 0xD71E, 0xD6DB, 0xD678, 0xC655, 0xAE73, 0xAEB4, 0xB674, 0xCEB6, 0xE6D8,
    0xDEB8, 0xCE57, 0xF6BA, 0xFEBB, 0xFEFC, 0xFF5D, 0xB493, 0x49C7, 0x6269, 0x5A49, 0x5A28, 0x838E,
    0xFFDE, 0xFFDE, 0xFFDE, 0xFFDE, 0xFFDE, 0xFFDE, 0xFFDE, 0xFFDE, 0xFFDE, 0xFFDE, 0xFFDE, 0xFFDE,
    0xFFDE, 0xB595, 0x5228, 0x5A28, 0x6269, 0x6249, 0xAC6F, 0xCD31, 0xC4F0, 0xC4F0, 0xC511, 0x9415,
    0x72F6, 0x72F7, 0x7AF7, 0x7AF7, 0x72D7, 0x72D7, 0x72F7, 0x72D7, 0x72D7, 0x72D7, 0x7AF7, 0x7AF7,
    0x7AF7, 0x7AF8, 0x6AD7, 0x6AD1, 0xC592, 0xDE54, 0x732B, 0x49A7, 0x5208, 0x836C, 0xCD30, 0xD54F,
    0xEE95, 0xFF9A, 0xFFDE, 0xFFDE, 0xFFDE, 0xFFDE, 0xFFDE, 0xFFDE, 0xFFDE, 0xFFDE, 0xFFDE, 0xFFDE,
    0xF77A, 0xEE95, 0xB48F, 0x6A69, 0x6248, 0x51E7, 0xB533, 0xFFDE, 0xFFDE, 0xFFDE, 0xFFDE, 0xFFDE,
    0xA478, 0x72D8, 0x8359, 0x7B38, 0x7B58, 0x7B58, 0x8358, 0x8378, 0x8378, 0x8379, 0x72F8, 0x9419,
    0xEF3C, 0xFFDE, 0xFFDE, 0xFFDE, 0xFFDE, 0xFFDE, 0xFFDE, 0xFFDE, 0xFFDE, 0xFFDE, 0xFFDE, 0xEF5C,
    0x8B8D, 0x5A28, 0x6ACA, 0x93EE, 0xFED9, 0xEEF8, 0xC6D6, 0xAEF6, 0xA716, 0xA716, 0x9EB5, 0x7570,
    0x7D91, 0x8554, 0x95FA, 0x9E5C, 0x9E3C, 0x9E5C, 0x9E5C, 0x9E7C, 0x963C, 0x8599, 0x85BA, 0x7DB9,
    0xCF5E, 0xD73D, 0xD73D, 0xDF1D, 0xDEDC, 0xE6FB, 0xE71A, 0xBE54, 0xCED6, 0xE6D7, 0xEEB7, 0xFED8,
    0xF6D8, 0xD677, 0xEE9A, 0xFEDB, 0xFEFC, 0xFF5D, 0xB4B2, 0x49E7, 0x6269, 0x5A49, 0x5A28, 0x838E,
    0xFFDE, 0xFFDE, 0xFFDE, 0xFFDE, 0xFFDE, 0xFFDE, 0xFFDE, 0xFFDE, 0xFFDE, 0xFFDE, 0xFFDE, 0xFFDE,
    0xFFDE, 0xB595, 0x5A28, 0x5A28, 0x6269, 0x6249, 0xAC4F, 0xC510, 0xC4F0, 0xC4F0, 0xC4F1, 0x9C33,
    0x7316, 0x72F6, 0x72D6, 0x72D6, 0x72D6, 0x72D6, 0x72D7, 0x72D7, 0x72F7, 0x72D7, 0x72D7, 0x72D7,
    0x72F6, 0x7AF7, 0x6295, 0x6AB0, 0xC554, 0xEEB6, 0x8B8C, 0x4986, 0x5207, 0x730A, 0xBCF0, 0xD571,
    0xEED7, 0xFF9A, 0xF77A, 0xFFDE, 0xFFDE, 0xFFDE, 0xFFDE, 0xFFDE, 0xFFDE, 0xFFDE, 0xFFDE, 0xFFDE,
    0xF738, 0xFF16, 0xC531, 0x6227, 0x49C6, 0x49A6, 0xAD13, 0xFFDE, 0xFFDE, 0xFFDE, 0xFFDE, 0xFFDE,
    0x8BF7, 0x72F7, 0x8358, 0x7B38, 0x7B58, 0x8358, 0x8358, 0x8358, 0x8358, 0x8378, 0x72F8, 0x8BB7,
    0xE6DC, 0xFFDE, 0xFFDE, 0xFFDE, 0xFFDE, 0xFFDE, 0xFFDE, 0xFFDE, 0xFFDE, 0xFFDE, 0xFFDE, 0xEEFB,
    0x836C, 0x5207, 0x62AA, 0x8BCE, 0xEED8, 0xDED6, 0xBEB4, 0xA716, 0xA717, 0x9EF7, 0xA6D8, 0x8DD7,
    0x8DB8, 0x95FA, 0x95FB, 0x9E1C, 0x961C, 0x9E3C, 0x9E5C, 0xA67D, 0x963C, 0x8599, 0x8599, 0x7DB9,
    0xD75E, 0xDF5E, 0xDF3D, 0xDF1D, 0xDEBB, 0xDEBB, 0xE6FB, 0xCE97, 0xE6F8, 0xFF18, 0xF6B7, 0xFE97,
    0xFED8, 0xDEB7, 0xDE99, 0xF6FB, 0xFEFB, 0xFFDE, 0xAC92, 0x49C7, 0x6269, 0x5A69, 0x5A28, 0x838E,
    0xFFDE, 0xFFDE, 0xFFDE, 0xFFDE, 0xFFDE, 0xFFDE, 0xFFDE, 0xFFDE, 0xFFDE, 0xFFDE, 0xFFDE, 0xFFDE,
    0xFFDE, 0xBD96, 0x5A28, 0x6228, 0x6269, 0x6A49, 0xAC4E, 0xC4D0, 0xBCAF, 0xBCB0, 0xBCAF, 0xBCAF,
    0xBCAF, 0xBC8F, 0xBC6F, 0xBC6F, 0xB450, 0xA3EF, 0xA3CF, 0xA3EF, 0xA3EF, 0xA410, 0x8B4E, 0x830E,
    0x8B2E, 0x82AB, 0xFFDE, 0xFFDE, 0xFFDE, 0xFFDE, 0xFFDE, 0xFFDE, 0xFFDE, 0xFFDE, 0xD657, 0x5A48,
    0x4986, 0x5A28, 0x5A07, 0x5A07, 0x59E7, 0x59E7, 0x5A07, 0x5A07, 0x59E7, 0x5A07, 0x51E7, 0x51E7,
    0x51E7, 0x51C7, 0x3945, 0xA4B1, 0xFFDE, 0xFFDE, 0xFFDE, 0xFFDE, 0xFFDE, 0xFFDE, 0xFFDE, 0xFFDE,
    0xFFDE, 0xFFDE, 0xFFDE, 0xFFDE, 0xFFDE, 0xFFDE, 0xFFDE, 0xFFDE, 0xFFDE, 0xFFDE, 0xFFDE, 0xFFDE,
    0xFFDE, 0xFFDE, 0xFFDE, 0xFFDE, 0xFFDE, 0xFFDE, 0xFFDE, 0xBDB6, 0x4209, 0x5AAB, 0x4209, 0x634E,
    0xFFDE, 0xFFDE, 0xFFDE, 0xDFBE, 0xCF5B, 0xB6B8, 0x9E97, 0x9ED9, 0xA6FB, 0xA6FC, 0xAEDD, 0x8DDC,
    0x8DDD, 0x95FD, 0x95FD, 0x95FD, 0x961D, 0x9E3D, 0x9E1B, 0x95FA, 0x8598, 0x7D16, 0x8578, 0x7D77,
    0xD73D, 0xE75D, 0xE73D, 0xE71C, 0xD69A, 0xD6DA, 0xD71A, 0xB6F8, 0xD718, 0xF6F7, 0xF6D7, 0xF6B7,
    0xF6D7, 0xE6D7, 0xCEF7, 0xD717, 0xDF17, 0xEF38, 0x9C70, 0x49C7, 0x6269, 0x5A69, 0x5228, 0x83AE,
    0xFFDE, 0xFFDE, 0xFFDE, 0xFFDE, 0xFFDE, 0xFFDE, 0xFFDE, 0xFFDE, 0xFFDE, 0xFFDE, 0xFFDE, 0xFFDE,
    0xFFDE, 0xBD96, 0x5A28, 0x5A28, 0x6249, 0x6249, 0xAC2E, 0xC4CF, 0xBCAF, 0xBCAF, 0xBC8F, 0xBC8F,
    0xBC8F, 0xB46F, 0xB46F, 0xB46E, 0xB46E, 0xAC0D, 0xA3ED, 0xAC0D, 0xAC0D, 0xAC2E, 0x936C, 0x832B,
    0x8B6C, 0x8309, 0xFFDE, 0xFFDE, 0xFFDE, 0xFFDE, 0xFFDE, 0xFFDE, 0xFFDE, 0xFFDE, 0xDE78, 0x72EA,
    0x6269, 0x72EA, 0x72CA, 0x72CA, 0x72CA, 0x6ACA, 0x6AAA, 0x6AAA, 0x6AAA, 0x6AAA, 0x6A8A, 0x6289,
    0x6289, 0x6289, 0x51C7, 0xA491, 0xFFDE, 0xFFDE, 0xFFDE, 0xFFDE, 0xFFDE, 0xFFDE, 0xFFDE, 0xFFDE,
    0xFFDE, 0xFFDE, 0xFFDE, 0xFFDE, 0xFFDE, 0xFFDE, 0xFFDE, 0xFFDE, 0xFFDE, 0xFFDE, 0xFFDE, 0xFFDE,
    0xFFDE, 0xFFDE, 0xFFDE, 0xFFDE, 0xFFDE, 0xFFDE, 0xFFDE, 0xC5F7, 0x5AEC, 0x6B4E, 0x5ACC, 0x7C31,
    0xEF9E, 0xFFDE, 0xEFDF, 0xBF5E, 0xBF3E, 0xB71E, 0xAEFE, 0xAEFE, 0xAEFE, 0xAEFE, 0xAEDE, 0x8DFD,
    0x8DDD, 0x95FD, 0x95FD, 0x961D, 0x95FD, 0x9E5E, 0x95D9, 0x84F4, 0x8D56, 0x8556, 0x8597, 0x8576,
    0xE71C, 0xF75D, 0xEF3C, 0xEF3C, 0xD6DA, 0xCF1A, 0xBF18, 0xAF17, 0xCF38, 0xF717, 0xF6D7, 0xF6B7,
    0xF6D7, 0xE6D7, 0xCF36, 0xC716, 0xC6F5, 0xD716, 0x946F, 0x49C7, 0x6269, 0x5A69, 0x5228, 0x83AE,
    0xFFDE, 0xFFDE, 0xFFDE, 0xFFDE, 0xFFDE, 0xFFDE, 0xFFDE, 0xFFDE, 0xFFDE, 0xFFDE, 0xFFDE, 0xFFDE,
    0xFFDE, 0xBD95, 0x5A28, 0x5A08, 0x6249, 0x6228, 0xAC2E, 0xC4AF, 0xBC8F, 0xBC8F, 0xBC8F, 0xBC8F,
    0xBC6F, 0xBC6F, 0xBC6F, 0xB46F, 0xB46F, 0xAC0E, 0xA3ED, 0xAC0E, 0xAC0E, 0xAC2E, 0x8B6C, 0x832B,
    0x8B8C, 0x830A, 0xFFDE, 0xFFDE, 0xFFDE, 0xFFDE, 0xFFDE, 0xFFDE, 0xFFDE, 0xFFDE, 0xDE99, 0x72EA,
    0x5A28, 0x72CA, 0x6AA9, 0x6A89, 0x6A89, 0x6A89, 0x6A89, 0x6A89, 0x6289, 0x6269, 0x6269, 0x6269,
    0x6269, 0x6269, 0x51C6, 0xACD1, 0xFFDE, 0xFFDE, 0xFFDE, 0xFFDE, 0xFFDE, 0xFFDE, 0xFFDE, 0xFFDE,
    0xFFDE, 0xFFDE, 0xFFDE, 0xFFDE, 0xFFDE, 0xFFDE, 0xFFDE, 0xFFDE, 0xFFDE, 0xFFDE, 0xFFDE, 0xFFDE,
    0xFFDE, 0xFFDE, 0xFFDE, 0xFFDE, 0xFFDE, 0xFFDE, 0xFFDE, 0xBDF7, 0x52AB, 0x632D, 0x52CB, 0x7BF0,
    0xEF9E, 0xFFDE, 0xEFDF, 0xB71E, 0xB71E, 0xB6FE, 0xB6FE, 0xAEDE, 0xAEDE, 0xAEDE, 0xAEBE, 0x8DDD,
    0x95FD, 0x95FD, 0x95FD, 0x961D, 0x961D, 0x9E5E, 0x9DD9, 0x8D34, 0x95B6, 0x8D75, 0x8575, 0x8595,
    0xEF1A, 0xEF1A, 0xE71A, 0xE75B, 0xD71A, 0xC719, 0xB6F8, 0xAF17, 0xC718, 0xEF17, 0xF6D7, 0xF6B7,
    0xF6D7, 0xDED6, 0xC735, 0xC715, 0xC715, 0xD756, 0x946F, 0x49C7, 0x5A49, 0x5A68, 0x5228, 0x83AE,
    0xFFDE, 0xFFDE, 0xFFDE, 0xFFDE, 0xFFDE, 0xFFDE, 0xFFDE, 0xFFDE, 0xFFDE, 0xFFDE, 0xFFDE, 0xFFDE,
    0xFFDE, 0xB575, 0x5A08, 0x5A08, 0x5A28, 0x5A08, 0xA40E, 0xBCAF, 0xBC6E, 0xBC8F, 0xBC8F, 0xBC8F,
    0xBC6F, 0xBC6F, 0xBC6F, 0xBC6F, 0xBC6F, 0xAC2E, 0xA3ED, 0xAC0E, 0xAC0E, 0xAC2E, 0x938C, 0x8B2B,
    0x938C, 0x832B, 0xFFDE, 0xFFDE, 0xFFDE, 0xFFDE, 0xFFDE, 0xFFDE, 0xFFDE, 0xFFDE, 0xDE99, 0x72EA,
    0x6248, 0x72CA, 0x6A89, 0x6AAA, 0x6AA9, 0x6AA9, 0x6A89, 0x6A89, 0x6289, 0x6269, 0x6269, 0x6269,
    0x5A48, 0x6248, 0x49A6, 0xACD1, 0xFFDE, 0xFFDE, 0xFFDE, 0xFFDE, 0xFFDE, 0xFFDE, 0xFFDE, 0xFFDE,
    0xFFDE, 0xFFDE, 0xFFDE, 0xFFDE, 0xFFDE, 0xFFDE, 0xFFDE, 0xFFDE, 0xFFDE, 0xFFDE, 0xFFDE, 0xFFDE,
    0xFFDE, 0xFFDE, 0xFFDE, 0xFFDE, 0xFFDE, 0xFFDE, 0xFFDE, 0xBDF7, 0x52AB, 0x632D, 0x52AB, 0x7BF0,
    0xEF9E, 0xFFDE, 0xEFDF, 0xAF1E, 0xB6FE, 0xAEFE, 0xAEFE, 0xAEDE, 0xAEDE, 0xAEDE, 0xAEBE, 0x8DDD,
    0x95FD, 0x961D, 0x961D, 0x9E1D, 0x9E1D, 0xA65E, 0x9DFA, 0x8D54, 0x9595, 0x8D75, 0x8575, 0x8D74,
    0xD6B8, 0xCEB8, 0xCED8, 0xCF19, 0xCF19, 0xC739, 0xBF18, 0xAF17, 0xC738, 0xEF38, 0xF6D7, 0xF6B7,
    0xF6D7, 0xDED6, 0xC735, 0xC715, 0xC734, 0xD756, 0x8C6E, 0x49A7, 0x5A49, 0x5A48, 0x5207, 0x83AE,
    0xFFDE, 0xFFDE, 0xFFDE, 0xFFDE, 0xFFDE, 0xFFDE, 0xFFDE, 0xFFDE, 0xFFDE, 0xFFDE, 0xFFDE, 0xFFDE,
    0xFFDE, 0xB575, 0x5208, 0x5207, 0x5A28, 0x5A08, 0xA3ED, 0xBC8F, 0xBC6E, 0xBC6E, 0xBC6E, 0xBC6F,
    0xBC8F, 0xBC8F, 0xBC8F, 0xB48F, 0xB48F, 0xAC2E, 0xA3ED, 0xAC2E, 0xAC2E, 0xAC4E, 0x938C, 0x8B4B,
    0x938C, 0x834B, 0xFFDE, 0xFFDE, 0xFFDE, 0xFFDE, 0xFFDE, 0xFFDE, 0xFFDE, 0xFFDE, 0xDEB9, 0x72CA,
    0x51E7, 0x6A89, 0x6269, 0x6269, 0x6269, 0x6269, 0x6248, 0x6248, 0x5A28, 0x5A28, 0x5A08, 0x5A08,
    0x5A07, 0x5A07, 0x4145, 0xA4B1, 0xFFDE, 0xFFDE, 0xFFDE, 0xFFDE, 0xFFDE, 0xFFDE, 0xFFDE, 0xFFDE,
    0xFFDE, 0xFFDE, 0xFFDE, 0xFFDE, 0xFFDE, 0xFFDE, 0xFFDE, 0xFFDE, 0xFFDE, 0xFFDE, 0xFFDE, 0xFFDE,
    0xFFDE, 0xFFDE, 0xFFDE, 0xFFDE, 0xFFDE, 0xFFDE, 0xFFDE, 0xBDD7, 0x52AB, 0x630D, 0x52AB, 0x73D0,
    0xEF7E, 0xFFDE, 0xE7BF, 0xAEFF, 0xB6FF, 0xAEFE, 0xAEFE, 0xAEDE, 0xAEDE, 0xAEDE, 0xAEBE, 0x8DFD,
    0x961D, 0x9E1D, 0x9E1D, 0x9E3D, 0x9E3E, 0xA65E, 0x9E1B, 0x8D56, 0x8D75, 0x8D75, 0x8D75, 0x8534,
    0xCED8, 0xCEF9, 0xC6F9, 0xC6F9, 0xC719, 0xC719, 0xBF18, 0xAF17, 0xBF17, 0xE737, 0xF6F7, 0xF6B7,
    0xF6D7, 0xD6F6, 0xBF15, 0xBF14, 0xBF34, 0xCF35, 0x844E, 0x49A7, 0x5A28, 0x5A28, 0x5207, 0x83AE,
    0xFFDE, 0xFFDE, 0xFFDE, 0xFFDE, 0xFFDE, 0xFFDE, 0xFFDE, 0xFFDE, 0xFFDE, 0xFFDE, 0xFFDE, 0xFFDE,
    0xFFDE, 0xB575, 0x5208, 0x51E7, 0x5A08, 0x5A07, 0xA3ED, 0xBC8E, 0xB46E, 0xBC6E, 0xBC6E, 0xBC6E,
    0xBC8F, 0xBC8F, 0xBC8F, 0xBC8F, 0xBC8F, 0xAC4E, 0xAC2E, 0xAC2E, 0xAC4E, 0xAC4F, 0x938C, 0x8B4B,
    0x938C, 0x8B6B, 0xFFDE, 0xFFDE, 0xFFDE, 0xFFDE, 0xFFDE, 0xFFDE, 0xFFDE, 0xFFDE, 0xEF3B, 0xA470,
    0x836D, 0x8BCE, 0x8BAE, 0x8BCE, 0x8BCE, 0x8BCE, 0x8BCE, 0x8BCE, 0x8BCE, 0x8BCE, 0x8BCE, 0x8BCE,
    0x8BCE, 0x8BEE, 0x8B8D, 0xCDF6, 0xFFDE, 0xFFDE, 0xFFDE, 0xFFDE, 0xFFDE, 0xFFDE, 0xFFDE, 0xFFDE,
    0xFFDE, 0xFFDE, 0xFFDE, 0xFFDE, 0xFFDE, 0xFFDE, 0xFFDE, 0xFFDE, 0xFFDE, 0xFFDE, 0xFFDE, 0xFFDE,
    0xFFDE, 0xFFDE, 0xFFDE, 0xFFDE, 0xFFDE, 0xFFDE, 0xFFDE, 0xBDD7, 0x528B, 0x630C, 0x528B, 0x73B0,
    0xE77E, 0xFFDE, 0xEFBF, 0xAEFF, 0xB6FF, 0xAEFE, 0xAEFE, 0xB6FE, 0xB6FE, 0xB6FE, 0xB6BE, 0x95FD,
    0x963D, 0x9E3D, 0x9E3D, 0xA63D, 0xA65E, 0xA65E, 0xA65D, 0xA61A, 0x8D96, 0x8575, 0x8575, 0x8555,
    0xC6F9, 0xC6F9, 0xC6F9, 0xC719, 0xC719, 0xBF19, 0xBF18, 0xAF17, 0xB737, 0xDF78, 0xEF17, 0xEED7,
    0xEEF6, 0xCEF5, 0xBF35, 0xBF14, 0xBF14, 0xC735, 0x844E, 0x49A6, 0x5A28, 0x5228, 0x4A07, 0x7BAE,
    0xFFDE, 0xFFDE, 0xFFDE, 0xFFDE, 0xFFDE, 0xFFDE, 0xFFDE, 0xFFDE, 0xFFDE, 0xFFDE, 0xFFDE, 0xFFDE,
    0xFFDE, 0xB554, 0x51E7, 0x51E7, 0x5A08, 0x51E7, 0xA3CD, 0xBC6E, 0xB46E, 0xBC6E, 0xBC6E, 0xBC6E,
    0xBC8F, 0xBC8F, 0xBC8F, 0xBC8F, 0xBC8F, 0xB48F, 0xAC4E, 0xAC4E, 0xAC4E, 0xAC6F, 0x938C, 0x8B4B,
    0x8B6B, 0x938C, 0xFFDE, 0xFFDE, 0xFFDE, 0xFFDE, 0xFFDE, 0xFFDE, 0xFFDE, 0xFFDE, 0xFFDE, 0xFFDE,
    0xFFDE, 0xFFDE, 0xFFDE, 0xFFDE, 0xFFDE, 0xFFDE, 0xFFDE, 0xFFDE, 0xFFDE, 0xFFDE, 0xFFDE, 0xFFDE,
    0xFFDE, 0xFFDE, 0xFFDE, 0xFFDE, 0xFFDE, 0xFFDE, 0xFFDE, 0xFFDE, 0xFFDE, 0xFFDE, 0xFFDE, 0xFFDE,
    0xFFDE, 0xFFDE, 0xFFDE, 0xFFDE, 0xFFDE, 0xFFDE, 0xFFDE, 0xFFDE, 0xFFDE, 0xFFDE, 0xFFDE, 0xFFDE,
    0xFFDE, 0xFFDE, 0xFFDE, 0xFFDE, 0xFFDE, 0xFFDE, 0xFFDE, 0xBDB6, 0x526A, 0x5AEC, 0x526A, 0x73AF,
    0xE77E, 0xFFDE, 0xEFBF, 0xAEFE, 0xAEFF, 0xAEFE, 0xAEFE, 0xB6FF, 0xB6FF, 0xB6FE, 0xAE9E, 0x961D,
    0x9E3D, 0x9E5D, 0xA65D, 0xA65D, 0xA65E, 0xA65E, 0xAE7E, 0xAE9D, 0x95D8, 0x7D35, 0x8576, 0x8556,
    0xC6F9, 0xC6F9, 0xC6F9, 0xC719, 0xBF19, 0xBF19, 0xB6F8, 0xAF17, 0xAF37, 0xCF57, 0xDEF7, 0xDEB6,
    0xDED5, 0xC6F5, 0xBF14, 0xB6F4, 0xB6F4, 0xC6F5, 0x842E, 0x4186, 0x5A28, 0x5228, 0x49E7, 0x83AE,
    0xFFDE, 0xFFDE, 0xFFDE, 0xFFDE, 0xFFDE, 0xFFDE, 0xFFDE, 0xFFDE, 0xFFDE, 0xFFDE, 0xFFDE, 0xFFDE,
    0xFFDE, 0xB575, 0x51E7, 0x51E7, 0x5A08, 0x51C7, 0x7AEA, 0x938C, 0x8B4B, 0x8B6B, 0x8B4B, 0xA3ED,
    0xBCAF, 0xBCB0, 0xBCB0, 0xBCB0, 0xBCB0, 0xC4D0, 0xB46F, 0xAC2E, 0xAC4F, 0xAC4F, 0x938C, 0x8B4B,
    0x8B4B, 0x8B8C, 0xFFDE, 0xFFDE, 0xFFDE, 0xFFDE, 0xFFDE, 0xFFDE, 0xFFDE, 0xFFDE, 0xFFDE, 0xFFDE,
    0xFFDE, 0xFFDE, 0xFFDE, 0xFFDE, 0xFFDE, 0xFFDE, 0xFFDE, 0xFFDE, 0xFFDE, 0xFFDE, 0xFFDE, 0xFFDE,
    0xFFDE, 0xFFDE, 0xFFDE, 0xFFDE, 0xFFDE, 0xFFDE, 0xFFDE, 0xFFDE, 0xFFDE, 0xFFDE, 0xFFDE, 0xFFDE,
    0xFFDE, 0xFFDE, 0xFFDE, 0xFFDE, 0xFFDE, 0xFFDE, 0xFFDE, 0xFFDE, 0xFFDE, 0xFFDE, 0xFFDE, 0xFFDE,
    0xFFDE, 0xFFDE, 0xFFDE, 0xFFDE, 0xFFDE, 0xFFDE, 0xFFDE, 0xB575, 0x4A29, 0x5ACB, 0x4A4A, 0x738F,
    0xE77D, 0xFFDE, 0xFFDE, 0xEFBF, 0xEFBF, 0xFFDE, 0xFFDE, 0xFFDE, 0xFFDE, 0xFFDE, 0xFFDE, 0xBEFE,
    0xA63D, 0xAE7E, 0xAE7E, 0xAE7E, 0xAE7E, 0xAE5E, 0xAE7E, 0xAE7E, 0x95B9, 0x7D36, 0x7D57, 0x7D57,
    0xC6F9, 0xBEF9, 0xBEF9, 0xBEF9, 0xB6F8, 0xB6F8, 0xB717, 0xAEF7, 0xCF79, 0xEFBC, 0xFFDE, 0xFFDE,
    0xFFDE, 0xFFDE, 0xFFDE, 0xFFDE, 0xEF9B, 0xFFDE, 0x946F, 0x4186, 0x5A28, 0x5208, 0x49E7, 0x83AE,
    0xFFDE, 0xFFDE, 0xFFDE, 0xFFDE, 0xFFDE, 0xFFDE, 0xFFDE, 0xFFDE, 0xFFDE, 0xFFDE, 0xFFDE, 0xFFDE,
    0xFFDE, 0xB575, 0x51E7, 0x51E7, 0x5A08, 0x51E7, 0x5A07, 0x6A68, 0x7289, 0x72A9, 0x7289, 0x8B6C,
    0xBCB0, 0xBCB0, 0xBCB0, 0xBCD0, 0xC4B0, 0xC4D0, 0xB46F, 0xAC4E, 0xAC4E, 0xAC4E, 0x8B6B, 0x832A,
    0x832A, 0x938C, 0xFFDE, 0xFFDE, 0xFFDE, 0xFFDE, 0xFFDE, 0xFFDE, 0xFFDE, 0xFFDE, 0xFFDE, 0xFFDE,
    0xFFDE, 0xFFDE, 0xFFDE, 0xFFDE, 0xFFDE, 0xFFDE, 0xFFDE, 0xFFDE, 0xFFDE, 0xFFDE, 0xFFDE, 0xFFDE,
    0xFFDE, 0xFFDE, 0xFFDE, 0xFFDE, 0xFFDE, 0xFFDE, 0xFFDE, 0xFFDE, 0xFFDE, 0xFFDE, 0xFFDE, 0xFFDE,
    0xFFDE, 0xFFDE, 0xFFDE, 0xFFDE, 0xFFDE, 0xFFDE, 0xFFDE, 0xFFDE, 0xFFDE, 0xFFDE, 0xFFDE, 0xFFDE,
    0xFFDE, 0xFFDE, 0xFFDE, 0xFFDE, 0xFFDE, 0xFFDE, 0xFFDE, 0xB574, 0x4A29, 0x5AAB, 0x4A49, 0x738F,
    0xE77E, 0xFFDE, 0xFFDE, 0xFFDE, 0xFFDE, 0xFFDE, 0xFFDE, 0xFFDE, 0xFFDE, 0xFFDE, 0xFFDE, 0xDF5E,
    0xB69D, 0xB69E, 0xAE7E, 0xAE7E, 0xAE7E, 0xAE7E, 0xAE7E, 0xAE7D, 0x95B9, 0x7D36, 0x7D77, 0x7D57,
    0xBEF9, 0xBEF9, 0xBEF8, 0xB6F8, 0xB6F8, 0xB6F8, 0xAF17, 0xD779, 0xFFDE, 0xFFDE, 0xFFDE, 0xFFDE,
    0xFFDE, 0xFFDE, 0xFFDE, 0xFFDE, 0xFFDE, 0xFFDE, 0x9470, 0x4186, 0x5228, 0x5228, 0x49E7, 0x83AE,
    0xFFDE, 0xFFDE, 0xFFDE, 0xFFDE, 0xFFDE, 0xFFDE, 0xFFDE, 0xFFDE, 0xFFDE, 0xFFDE, 0xFFDE, 0xFFDE,
    0xFFDE, 0xB554, 0x51C7, 0x51C6, 0x51E7, 0x51C6, 0x59E7, 0x6A89, 0x72AA, 0x7AEA, 0x830A, 0x93CD,
    0xBCB0, 0xBCB0, 0xC4D0, 0xBCD0, 0xC4D0, 0xC4D0, 0xB46F, 0xAC2E, 0xAC4E, 0xAC4E, 0x938C, 0x832A,
    0x830A, 0x8B4B, 0xFFDE, 0xFFDE, 0xFFDE, 0xFFDE, 0xFFDE, 0xFFDE, 0xFFDE, 0xFFDE, 0xFFDE, 0xFFDE,
    0xFFDE, 0xFFDE, 0xFFDE, 0xFFDE, 0xFFDE, 0xFFDE, 0xFFDE, 0xFFDE, 0xFFDE, 0xFFDE, 0xFFDE, 0xFFDE,
    0xFFDE, 0xFFDE, 0xFFDE, 0xFFDE, 0xFFDE, 0xFFDE, 0xFFDE, 0xFFDE, 0xFFDE, 0xFFDE, 0xFFDE, 0xFFDE,
    0xFFDE, 0xFFDE, 0xFFDE, 0xFFDE, 0xFFDE, 0xFFDE, 0xFFDE, 0xFFDE, 0xFFDE, 0xFFDE, 0xFFDE, 0xFFDE,
    0xFFDE, 0xFFDE, 0xFFDE, 0xFFDE, 0xFFDE, 0xFFDE, 0xFFDE, 0xB575, 0x4209, 0x5AAA, 0x4A29, 0x738F,
    0xE77E, 0xFFDE, 0xFFDE, 0xFFDE, 0xFFDE, 0xFFDE, 0xFFDE, 0xFFDE, 0xFFDE, 0xFFDE, 0xFFDE, 0xFFDE,
    0xDF5E, 0xDF5E, 0xBEBE, 0xA67E, 0xAE9E, 0xAE7E, 0xAE9E, 0xAE7D, 0x8DB9, 0x7D37, 0x7D57, 0x7D57,
    0xBEF9, 0xBEF8, 0xB6F8, 0xB6F8, 0xB6F8, 0xAF17, 0xAEF7, 0xFFDE, 0xFFDE, 0xFFDE, 0xFFDE, 0xFFDE,
    0xFFDE, 0xFFDE, 0xFFDE, 0xFFDE, 0xFFDE, 0xFFDE, 0xA4B2, 0x3945, 0x5228, 0x5208, 0x41A6, 0x7BAE,
    0xFFDE, 0xFFDE, 0xFFDE, 0xFFDE, 0xFFDE, 0xFFDE, 0xFFDE, 0xFFDE, 0xFFDE, 0xFFDE, 0xFFDE, 0xFFDE,
    0xFFDE, 0xBDB5, 0x5A49, 0x5A28, 0x6289, 0x6AAA, 0x730B, 0x8BAE, 0x8BAD, 0x7AEA, 0x72C9, 0x72EA,
    0xC4B0, 0xBCD0, 0xBCD0, 0xBCB0, 0xBCB0, 0xBCB0, 0xB44E, 0xAC0D, 0xAC2E, 0x9BED, 0x830A, 0x7AC9,
    0x7AEA, 0x7AEA, 0xFFDE, 0xFFDE, 0xFFDE, 0xFFDE, 0xFFDE, 0xFFDE, 0xFFDE, 0xFFDE, 0xFFDE, 0xFFDE,
    0xFFDE, 0xFFDE, 0xFFDE, 0xFFDE, 0xFFDE, 0xFFDE, 0xFFDE, 0xFFDE, 0xFFDE, 0xFFDE, 0xFFDE, 0xFFDE,
    0xFFDE, 0xFFDE, 0xFFDE, 0xFFDE, 0xFFDE, 0xFFDE, 0xFFDE, 0xFFDE, 0xFFDE, 0xFFDE, 0xFFDE, 0xFFDE,
    0xFFDE, 0xFFDE, 0xFFDE, 0xFFDE, 0xFFDE, 0xFFDE, 0xFFDE, 0xFFDE, 0xFFDE, 0xFFDE, 0xFFDE, 0xFFDE,
    0xFFDE, 0xFFDE, 0xFFDE, 0xFFDE, 0xFFDE, 0xFFDE, 0xFFDE, 0xAD54, 0x4A28, 0x5A8A, 0x5228, 0x736D,
    0xE71C, 0xFFDE, 0xFFDE, 0xFFDE, 0xFFDE, 0xFFDE, 0xFFDE, 0xFFDE, 0xFFDE, 0xFFDE, 0xFFDE, 0xFFDE,
    0xEF7D, 0xEF5D, 0xC69C, 0xA63C, 0xA65D, 0xAE5D, 0xAE7D, 0xA61C, 0x8578, 0x7D58, 0x7D58, 0x7D78,
    0xB6B8, 0xB6B7, 0xB697, 0xAEB7, 0xAE97, 0xAEB7, 0xB6D7, 0xDF3A, 0xE73A, 0xE73A, 0xE73B, 0xE71B,
    0xE71B, 0xE71B, 0xE6FB, 0xE71B, 0xEF3B, 0xEF3C, 0x9CB1, 0x49E7, 0x5A69, 0x5A8A, 0x5249, 0x8C30,
    0xFFDE, 0xFFDE, 0xFFDE, 0xFFDE, 0xFFDE, 0xFFDE, 0xFFDE, 0xFFDE, 0xFFDE, 0xFFDE, 0xFFDE, 0xFFDE,
    0xFFDE, 0xFFDE, 0xEF5B, 0xEF5B, 0xFFDE, 0xFFDE, 0xFFDE, 0xFFDE, 0xEF5C, 0x6AEA, 0x4186, 0x49A7,
    0xB46E, 0xBC8F, 0xBC6F, 0xB46F, 0xB46E, 0xB44E, 0xAC2E, 0xAC0D, 0xA40D, 0x6A89, 0x51C6, 0x5A27,
    0x6228, 0x6228, 0xFFDE, 0xFFDE, 0xFFDE, 0xFFDE, 0xFFDE, 0xFFDE, 0xFFDE, 0xFFDE, 0xFFDE, 0xFFDE,
    0xFFDE, 0xFFDE, 0xFFDE, 0xFFDE, 0xFFDE, 0xFFDE, 0xFFDE, 0xFFDE, 0xFFDE, 0xFFDE, 0xFFDE, 0xFFDE,
    0xFFDE, 0xFFDE, 0xFFDE, 0xFFDE, 0xFFDE, 0xFFDE, 0xFFDE, 0xFFDE, 0xFFDE, 0xFFDE, 0xFFDE, 0xFFDE,
    0xFFDE, 0xFFDE, 0xFFDE, 0xFFDE, 0xFFDE, 0xFFDE, 0xFFDE, 0xFFDE, 0xFFDE, 0xFFDE, 0xFFDE, 0xFFDE,
    0xFFDE, 0xFFDE, 0xFFDE, 0xFFDE, 0xFFDE, 0xFFDE, 0xFFDE, 0x9C91, 0x3965, 0x5228, 0x5208, 0x5228,
    0x62AA, 0x62AA, 0x62AA, 0x62AA, 0x62AA, 0x62AA, 0x62AA, 0x62AB, 0x62AB, 0x62AB, 0x62CB, 0x62EB,
    0x62EC, 0x62CC, 0x6B4F, 0xB63A, 0xE7BF, 0xEF7E, 0xE77F, 0xBEBD, 0x8DFA, 0x8DFA, 0x85DA, 0x85DA,
    0xE77C, 0xE77C, 0xDF7C, 0xDF7C, 0xE77C, 0xE79C, 0xE77C, 0x5248, 0x5A89, 0x5A48, 0x5A48, 0x5208,
    0x5228, 0x5207, 0x5207, 0x5207, 0x5207, 0x49E7, 0x8C0F, 0xFFDE, 0xE71A, 0xEF5B, 0xFFDE, 0xFFDE,
    0xFFDE, 0xFFDE, 0xFFDE, 0xFFDE, 0xFFDE, 0xFFDE, 0xFFDE, 0xFFDE, 0xFFDE, 0xFFDE, 0xFFDE, 0xFFDE,
    0xFFDE, 0xFFDE, 0xFFDE, 0xFFDE, 0xFFDE, 0xFFDE, 0xFFDE, 0xFFDE, 0xFFDE, 0x62CA, 0x41C6, 0x51E7,
    0xB44E, 0xBC6E, 0xB46F, 0xB46E, 0xB46E, 0xB44E, 0xB44E, 0xB44E, 0x9BCC, 0x5A07, 0x49A6, 0x5A07,
    0x5A07, 0x5A28, 0xFFDE, 0xFFDE, 0xFFDE, 0xFFDE, 0xFFDE, 0xFFDE, 0xFFDE, 0xFFDE, 0xFFDE, 0xFFDE,
    0xFFDE, 0xFFDE, 0xFFDE, 0xFFDE, 0xFFDE, 0xFFDE, 0xFFDE, 0xFFDE, 0xFFDE, 0xFFDE, 0xFFDE, 0xFFDE,
    0xFFDE, 0xFFDE, 0xFFDE, 0xFFDE, 0xFFDE, 0xFFDE, 0xFFDE, 0xFFDE, 0xFFDE, 0xFFDE, 0xFFDE, 0xFFDE,
    0xFFDE, 0xFFDE, 0xFFDE, 0xFFDE, 0xFFDE, 0xFFDE, 0xFFDE, 0xFFDE, 0xFFDE, 0xFFDE, 0xFFDE, 0xFFDE,
    0xFFDE, 0xFFDE, 0xFFDE, 0xFFDE, 0xFFDE, 0xFFDE, 0xFFDE, 0x9450, 0x3125, 0x49E7, 0x5208, 0x5208,
    0x5207, 0x5207, 0x5208, 0x5208, 0x5228, 0x5228, 0x5A28, 0x5A48, 0x5A49, 0x5A49, 0x5A69, 0x5249,
    0x5249, 0x49E8, 0x5A8C, 0xD6DC, 0xFFDE, 0xFFDE, 0xFFDE, 0xD71D, 0x963B, 0x8E1C, 0x8DFB, 0x85FB,
    0xFFDE, 0xFFDE, 0xFFDE, 0xFFDE, 0xFFDE, 0xFFDE, 0xFFDE, 0x3145, 0x5208, 0x49C7, 0x49C7, 0x49C6,
    0x49C6, 0x49C6, 0x49C6, 0x49C6, 0x41A6, 0x3945, 0x83EF, 0xFFDE, 0xFFDE, 0xFFDE, 0xFFDE, 0xFFDE,
    0xFFDE, 0xFFDE, 0xFFDE, 0xFFDE, 0xFFDE, 0xFFDE, 0xFFDE, 0xFFDE, 0xFFDE, 0xFFDE, 0xFFDE, 0xFFDE,
    0xFFDE, 0xFFDE, 0xFFDE, 0xFFDE, 0xFFDE, 0xFFDE, 0xFFDE, 0xFFDE, 0xFFDE, 0x62CA, 0x3965, 0x5A08,
    0x830B, 0x8B2B, 0x936B, 0x936C, 0x936C, 0x936C, 0x8B4B, 0x830A, 0x72A9, 0x5A07, 0x51C6, 0x5207,
    0x51E7, 0x5A27, 0xFFDE, 0xFFDE, 0xFFDE, 0xFFDE, 0xFFDE, 0xFFDE, 0xFFDE, 0xFFDE, 0xFFDE, 0xFFDE,
    0xFFDE, 0xFFDE, 0xFFDE, 0xFFDE, 0xFFDE, 0xFFDE, 0xFFDE, 0xFFDE, 0xFFDE, 0xFFDE, 0xFFDE, 0xFFDE,
    0xFFDE, 0xFFDE, 0xFFDE, 0xFFDE, 0xFFDE, 0xFFDE, 0xFFDE, 0xFFDE, 0xFFDE, 0xFFDE, 0xFFDE, 0xFFDE,
    0xFFDE, 0xFFDE, 0xFFDE, 0xFFDE, 0xFFDE, 0xFFDE, 0xFFDE, 0xFFDE, 0xFFDE, 0xFFDE, 0xFFDE, 0xFFDE,
    0xFFDE, 0xFFDE, 0xFFDE, 0xFFDE, 0xFFDE, 0xFFDE, 0xFFDE, 0x9C71, 0x3945, 0x5208, 0x5208, 0x5208,
    0x5A28, 0x5A28, 0x5A28, 0x5A28, 0x5A28, 0x5A48, 0x5A48, 0x5A49, 0x5A49, 0x5A49, 0x5A69, 0x5A69,
    0x5A89, 0x5208, 0x6B2D, 0xFFDE, 0xFFDE, 0xFFDE, 0xFFDE, 0xD71D, 0x9E3B, 0x961C, 0x8E1B, 0x85FB,
    0xFFDE, 0xFFDE, 0xFFDE, 0xFFDE, 0xFFDE, 0xFFDE, 0xFFDE, 0x3965, 0x5208, 0x49C7, 0x49C7, 0x49C7,
    0x49C7, 0x49E7, 0x49E7, 0x49E7, 0x49E7, 0x41A6, 0x8C0F, 0xFFDE, 0xFFDE, 0xFFDE, 0xFFDE, 0xFFDE,
    0xFFDE, 0xFFDE, 0xFFDE, 0xFFDE, 0xFFDE, 0xFFDE, 0xFFDE, 0xFFDE, 0xFFDE, 0xFFDE, 0xFFDE, 0xFFDE,
    0xFFDE, 0xFFDE, 0xFFDE, 0xFFDE, 0xFFDE, 0xFFDE, 0xFFDE, 0xFFDE, 0xFFDE, 0xA4D2, 0x6AEB, 0x5A49,
    0x6228, 0x6A48, 0x6A48, 0x6248, 0x6248, 0x6228, 0x6228, 0x5A07, 0x5A07, 0x5A07, 0x51E7, 0x5207,
    0x5207, 0x5A28, 0xFFDE, 0xFFDE, 0xFFDE, 0xFFDE, 0xFFDE, 0xFFDE, 0xFFDE, 0xFFDE, 0xFFDE, 0xFFDE,
    0xFFDE, 0xFFDE, 0xFFDE, 0xFFDE, 0xFFDE, 0xFFDE, 0xFFDE, 0xFFDE, 0xFFDE, 0xFFDE, 0xFFDE, 0xFFDE,
    0xFFDE, 0xFFDE, 0xFFDE, 0xFFDE, 0xFFDE, 0xFFDE, 0xFFDE, 0xFFDE, 0xFFDE, 0xFFDE, 0xFFDE, 0xFFDE,
    0xFFDE, 0xFFDE, 0xFFDE, 0xFFDE, 0xFFDE, 0xFFDE, 0xFFDE, 0xFFDE, 0xFFDE, 0xFFDE, 0xFFDE, 0xFFDE,
    0xFFDE, 0xFFDE, 0xFFDE, 0xFFDE, 0xFFDE, 0xFFDE, 0xFFDE, 0x9C71, 0x3965, 0x5228, 0x5A28, 0x5A28,
    0x5A48, 0x5A48, 0x5A48, 0x5A48, 0x5A48, 0x5A48, 0x5A49, 0x5A49, 0x5A49, 0x5A69, 0x5A69, 0x5A69,
    0x5A69, 0x5228, 0x736E, 0xFFDE, 0xFFDE, 0xFFDE, 0xFFDE, 0xD6FC, 0x963B, 0x8E1B, 0x8E1B, 0x85FB,
    0xFFDE, 0xFFDE, 0xFFDE, 0xFFDE, 0xFFDE, 0xFFDE, 0xFFDE, 0x4185, 0x5228, 0x51E7, 0x51E7, 0x51E7,
    0x51E7, 0x5207, 0x51E7, 0x5207, 0x51E7, 0x49C6, 0x9C71, 0xFFDE, 0xFFDE, 0xFFDE, 0xFFDE, 0xFFDE,
    0xFFDE, 0xFFDE, 0xFFDE, 0xFFDE, 0xFFDE, 0xFFDE, 0xFFDE, 0xFFDE, 0xFFDE, 0xFFDE, 0xFFDE, 0xFFDE,
    0xFFDE, 0xFFDE, 0xFFDE, 0xFFDE, 0xFFDE, 0xFFDE, 0xFFDE, 0xFFDE, 0xFFDE, 0xFFDE, 0xFFDE, 0x83AD,
    0x6248, 0x6248, 0x6248, 0x6248, 0x6248, 0x6248, 0x6228, 0x5A28, 0x5A28, 0x5A28, 0x5A28, 0x51E7,
    0x51E7, 0x5A07, 0xFFDE, 0xFFDE, 0xFFDE, 0xFFDE, 0xFFDE, 0xFFDE, 0xFFDE, 0xFFDE, 0xFFDE, 0xFFDE,
    0xFFDE, 0xFFDE, 0xFFDE, 0xFFDE, 0xFFDE, 0xFFDE, 0xFFDE, 0xFFDE, 0xFFDE, 0xFFDE, 0xFFDE, 0xFFDE,
    0xFFDE, 0xFFDE, 0xFFDE, 0xFFDE, 0xFFDE, 0xFFDE, 0xFFDE, 0xFFDE, 0xFFDE, 0xFFDE, 0xFFDE, 0xFFDE,
    0xFFDE, 0xFFDE, 0xFFDE, 0xFFDE, 0xFFDE, 0xFFDE, 0xFFDE, 0xFFDE, 0xFFDE, 0xFFDE, 0xFFDE, 0xFFDE,
    0xFFDE, 0xFFDE, 0xFFDE, 0xFFDE, 0xFFDE, 0xFFDE, 0xE6B9, 0x8BCE, 0x49C7, 0x5A48, 0x6268, 0x5A48,
    0x6248, 0x5A49, 0x5A49, 0x5A69, 0x6269, 0x6269, 0x6269, 0x5A69, 0x5A69, 0x5A49, 0x5A49, 0x5A48,
    0x5A48, 0x49E7, 0x732C, 0xDEFB, 0xDEFB, 0xE71C, 0xE71B, 0xD69A, 0xA596, 0x8CF5, 0x84F5, 0x8CD5,
    0xD6BA, 0xD6B9, 0xDEDA, 0xDEFA, 0xDEDA, 0xDEFB, 0xDEDA, 0x5A48, 0x6ACA, 0x6AAA, 0x6AAA, 0x62AA,
    0x62AA, 0x6ACA, 0x6AEB, 0x6AEB, 0x6AEB, 0x6AEB, 0xB534, 0xFFDE, 0xFFDE, 0xFFDE, 0xFFDE, 0xFFDE,
    0xFFDE, 0xFFDE, 0xFFDE, 0xFFDE, 0xFFDE, 0xFFDE, 0xFFDE, 0xFFDE, 0xFFDE, 0xFFDE, 0xFFDE, 0xFFDE,
    0xFFDE, 0xFFDE, 0xFFDE, 0xFFDE, 0xFFDE, 0xFFDE, 0xFFDE, 0xFFDE, 0xFFDE, 0xFFDE, 0xFFDE, 0x7B6C,
    0x51E7, 0x51E7, 0x51E7, 0x51C7, 0x51C7, 0x51C7, 0x51C7, 0x51C7, 0x51C7, 0x51C7, 0x51E7, 0x7B2C,
    0x6AAA, 0x5207, 0x730B, 0x5206, 0xA4B1, 0xFFDE, 0xFFDE, 0xFFDE, 0xFFDE, 0xFFDE, 0xFFDE, 0xFFDE,
    0xFFDE, 0xFFDE, 0xFFDE, 0xFFDE, 0xFFDE, 0xFFDE, 0xFFDE, 0xFFDE, 0xFFDE, 0xFFDE, 0xFFDE, 0xFFDE,
    0xFFDE, 0xFFDE, 0xFFDE, 0xFFDE, 0xFFDE, 0xFFDE, 0xFFDE, 0xFFDE, 0xFFDE, 0xFFDE, 0xFFDE, 0xFFDE,
    0xFFDE, 0xFFDE, 0xFFDE, 0xFFDE, 0xFFDE, 0xFFDE, 0xFFDE, 0xFFDE, 0xFFDE, 0xFFDE, 0xFFDE, 0xFFDE,
    0xFFDE, 0xFFDE, 0xFFDE, 0xFFDE, 0xFFDE, 0xE71B, 0x730A, 0x4186, 0x6269, 0x72CB, 0xD659, 0xEF3C,
    0xDEDA, 0xE6DB, 0xE6FB, 0xEF3C, 0xEF3C, 0xEF3C, 0xEF3C, 0xEF3C, 0xE73B, 0xE71B, 0xE71B, 0xE71B,
    0xEF3B, 0xE71B, 0x9430, 0x49A7, 0x5A6A, 0x5228, 0x5208, 0x51E7, 0x51E7, 0x51C7, 0x51C7, 0x49C7,
    0x51E7, 0x51E8, 0x5208, 0x5228, 0x5A28, 0x5208, 0x5228, 0xFFDE, 0xEF5C, 0xFFDE, 0xFFDE, 0xFFDE,
    0xFFDE, 0xFFDE, 0xFFDE, 0xFFDE, 0xFFDE, 0xFFDE, 0xFFDE, 0xFFDE, 0xFFDE, 0xFFDE, 0xFFDE, 0xFFDE,
    0xFFDE, 0xFFDE, 0xFFDE, 0xFFDE, 0xFFDE, 0xFFDE, 0xFFDE, 0xFFDE, 0xFFDE, 0xFFDE, 0xFFDE, 0xFFDE,
    0xFFDE, 0xFFDE, 0xFFDE, 0xFFDE, 0xFFDE, 0xFFDE, 0xFFDE, 0xFFDE, 0xFFDE, 0xFFDE, 0xFFDE, 0x8C30,
    0x628A, 0x62CA, 0x6ACA, 0x6AEB, 0x6AEB, 0x6AEB, 0x6B0B, 0x6B0C, 0x734C, 0x732B, 0xA4F3, 0xFFDE,
    0x940F, 0x49C7, 0x6289, 0x4985, 0x9C4F, 0xFFDE, 0xFFDE, 0xFFDE, 0xFFDE, 0xFFDE, 0xFFDE, 0xFFDE,
    0xFFDE, 0xFFDE, 0xFFDE, 0xFFDE, 0xFFDE, 0xFFDE, 0xFFDE, 0xFFDE, 0xFFDE, 0xFFDE, 0xFFDE, 0xFFDE,
    0xFFDE, 0xFFDE, 0xFFDE, 0xFFDE, 0xFFDE, 0xFFDE, 0xFFDE, 0xFFDE, 0xFFDE, 0xFFDE, 0xFFDE, 0xFFDE,
    0xFFDE, 0xFFDE, 0xFFDE, 0xFFDE, 0xFFDE, 0xFFDE, 0xFFDE, 0xFFDE, 0xFFDE, 0xFFDE, 0xFFDE, 0xFFDE,
    0xFFDE, 0xFFDE, 0xFFDE, 0xFFDE, 0xFFDE, 0xDEB9, 0x6248, 0x4166, 0x6269, 0x730B, 0xF75D, 0xFFDE,
    0xFFDE, 0xFFDE, 0xFFDE, 0xFFDE, 0xFFDE, 0xFFDE, 0xFFDE, 0xFFDE, 0xFFDE, 0xFFDE, 0xFFDE, 0xFFDE,
    0xFFDE, 0xFFDE, 0x9430, 0x3945, 0x5A48, 0x51E7, 0x51E7, 0x51E7, 0x51E7, 0x51E7, 0x51E7, 0x51E7,
    0x51C7, 0x51E8, 0x51E8, 0x5A08, 0x5A08, 0x51C7, 0x51C7, 0xFFDE, 0xFFDE, 0xFFDE, 0xFFDE, 0xFFDE,
    0xFFDE, 0xFFDE, 0xFFDE, 0xFFDE, 0xFFDE, 0xFFDE, 0xFFDE, 0xFFDE, 0xFFDE, 0xFFDE, 0xFFDE, 0xFFDE,
    0xFFDE, 0xFFDE, 0xFFDE, 0xFFDE, 0xFFDE, 0xFFDE, 0xFFDE, 0xFFDE, 0xFFDE, 0xFFDE, 0xFFDE, 0xFFDE,
    0xFFDE, 0xFFDE, 0xFFDE, 0xFFDE, 0xFFDE, 0xFFDE, 0xFFDE, 0xFFDE, 0xFFDE, 0xFFDE, 0xFFDE, 0xFFDE,
    0xFFDE, 0xFFDE, 0xFFDE, 0xFFDE, 0xFFDE, 0xFFDE, 0xFFDE, 0xFFDE, 0xFFDE, 0xFFDE, 0xFFDE, 0xFFDE,
    0x8BCE, 0x51E7, 0x62AA, 0x49A6, 0xA470, 0xFFDE, 0xFFDE, 0xFFDE, 0xFFDE, 0xFFDE, 0xFFDE, 0xFFDE,
    0xFFDE, 0xFFDE, 0xFFDE, 0xFFDE, 0xFFDE, 0xFFDE, 0xFFDE, 0xFFDE, 0xFFDE, 0xFFDE, 0xFFDE, 0xFFDE,
    0xFFDE, 0xFFDE, 0xFFDE, 0xFFDE, 0xFFDE, 0xFFDE, 0xFFDE, 0xFFDE, 0xFFDE, 0xFFDE, 0xFFDE, 0xFFDE,
    0xFFDE, 0xFFDE, 0xFFDE, 0xFFDE, 0xFFDE, 0xFFDE, 0xFFDE, 0xFFDE, 0xFFDE, 0xFFDE, 0xFFDE, 0xFFDE,
    0xFFDE, 0xFFDE, 0xFFDE, 0xFFDE, 0xFFDE, 0xDE98, 0x5A48, 0x4186, 0x5A49, 0x72EB, 0xEF3C, 0xFFDE,
    0xFFDE, 0xFFDE, 0xFFDE, 0xFFDE, 0xFFDE, 0xFFDE, 0xFFDE, 0xFFDE, 0xFFDE, 0xFFDE, 0xFFDE, 0xFFDE,
    0xFFDE, 0xFFDE, 0x8BEE, 0x3945, 0x5A28, 0x51E7, 0x51E7, 0x51E7, 0x51E7, 0x51E7, 0x51E7, 0x51E7,
    0x51E7, 0x51E7, 0x5A08, 0x5A08, 0x5A28, 0x59E8, 0x51E8, 0xFFDE, 0xFFDE, 0xFFDE, 0xFFDE, 0xFFDE,
    0xFFDE, 0xFFDE, 0xFFDE, 0xFFDE, 0xFFDE, 0xFFDE, 0xFFDE, 0xFFDE, 0xFFDE, 0xFFDE, 0xFFDE, 0xFFDE,
    0xFFDE, 0xFFDE, 0xFFDE, 0xFFDE, 0xFFDE, 0xFFDE, 0xFFDE, 0xFFDE, 0xFFDE, 0xFFDE, 0xFFDE, 0xFFDE,
    0xFFDE, 0xFFDE, 0xFFDE, 0xFFDE, 0xFFDE, 0xFFDE, 0xFFDE, 0xFFDE, 0xFFDE, 0xFFDE, 0xFFDE, 0xFFDE,
    0xFFDE, 0xFFDE, 0xFFDE, 0xFFDE, 0xFFDE, 0xFFDE, 0xFFDE, 0xFFDE, 0xFFDE, 0xFFDE, 0xFFDE, 0xFFDE,
    0x83CE, 0x51E7, 0x6289, 0x49A6, 0x9C4F, 0xFFDE, 0xFFDE, 0xFFDE, 0xFFDE, 0xFFDE, 0xFFDE, 0xFFDE,
    0xFFDE, 0xFFDE, 0xFFDE, 0xFFDE, 0xFFDE, 0xFFDE, 0xFFDE, 0xFFDE, 0xFFDE, 0xFFDE, 0xFFDE, 0xFFDE,
    0xDED9, 0xB533, 0xAD13, 0xB553, 0xB553, 0xB574, 0xB574, 0xBD74, 0xBD94, 0xBD94, 0xBD94, 0xBD95,
    0xBD74, 0xBD74, 0xE6D9, 0xFFDE, 0xFFDE, 0xFFDE, 0xFFDE, 0xFFDE, 0xFFDE, 0xFFDE, 0xFFDE, 0xFFDE,
    0xFFDE, 0xFFDE, 0xFFDE, 0xFFDE, 0xFFDE, 0xDE98, 0x5A48, 0x4186, 0x5A28, 0x6ACA, 0xEF3C, 0xFFDE,
    0xFFDE, 0xFFDE, 0xFFDE, 0xFFDE, 0xFFDE, 0xFFDE, 0xFFDE, 0xFFDE, 0xFFDE, 0xFFDE, 0xFFDE, 0xFFDE,
    0xFFDE, 0xFFDE, 0x83EE, 0x4165, 0x6269, 0x5A28, 0x5A28, 0x5A28, 0x5A28, 0x5228, 0x5208, 0x5208,
    0x5207, 0x5A08, 0x5A08, 0x5A08, 0x5A28, 0x5A08, 0x51E8, 0xFFDE, 0xFFDE, 0xFFDE, 0xFFDE, 0xFFDE,
    0xFFDE, 0xFFDE, 0xFFDE, 0xFFDE, 0xFFDE, 0xFFDE, 0xFFDE, 0xFFDE, 0xFFDE, 0xFFDE, 0xFFDE, 0xFFDE,
    0xFFDE, 0xFFDE, 0xFFDE, 0xFFDE, 0xFFDE, 0xFFDE, 0xFFDE, 0xFFDE, 0xFFDE, 0xFFDE, 0xFFDE, 0xFFDE,
    0xFFDE, 0xFFDE, 0xFFDE, 0xFFDE, 0xFFDE, 0xFFDE, 0xFFDE, 0xFFDE, 0xFFDE, 0xFFDE, 0xFFDE, 0xFFDE,
    0xFFDE, 0xFFDE, 0xFFDE, 0xFFDE, 0xFFDE, 0xFFDE, 0xFFDE, 0xFFDE, 0xFFDE, 0xFFDE, 0xFFDE, 0xFFDE,
    0x83AE, 0x49C7, 0x6289, 0x49A5, 0x9C2E, 0xFFDE, 0xFFDE, 0xFFDE, 0xFFDE, 0xFFDE, 0xFFDE, 0xFFDE,
    0xFFDE, 0xFFDE, 0xFFDE, 0xFFDE, 0xFFDE, 0xFFDE, 0xFFDE, 0xFFDE, 0xFFDE, 0xFFDE, 0xFFDE, 0xFFDE,
    0xBD95, 0x49C7, 0x41A7, 0x5207, 0x51E7, 0x5207, 0x5207, 0x5207, 0x5207, 0x5A08, 0x5A28, 0x5A07,
    0x49C6, 0x51C6, 0xBD10, 0xFF99, 0xF6F6, 0xF6D6, 0xF6F7, 0xFFDE, 0xFFDE, 0xFFDE, 0xFFDE, 0xFFDE,
    0xFFDE, 0xFFDE, 0xF759, 0xF739, 0xFFDE, 0xD657, 0x5A07, 0x4186, 0x5A28, 0x6ACA, 0xEF1B, 0xFFDE,
    0xFFDE, 0xFFDE, 0xFFDE, 0xFFDE, 0xFFDE, 0xFFDE, 0xFFDE, 0xFFDE, 0xFFDE, 0xFFDE, 0xFFDE, 0xFFDE,
    0xFFDE, 0xFFDE, 0x7B8D, 0x28C3, 0x49C6, 0x4185, 0x4185, 0x4165, 0x4165, 0x4165, 0x4165, 0x4145,
    0x3945, 0x4145, 0x4145, 0x4145, 0x4165, 0x4145, 0x3924, 0xFFDE, 0xFFDE, 0xFFDE, 0xFFDE, 0xFFDE,
    0xFFDE, 0xFFDE, 0xFFDE, 0xFFDE, 0xFFDE, 0xFFDE, 0xFFDE, 0xFFDE, 0xFFDE, 0xFFDE, 0xFFDE, 0xFFDE,
    0xFFDE, 0xFFDE, 0xFFDE, 0xFFDE, 0xFFDE, 0xFFDE, 0xFFDE, 0xFFDE, 0xFFDE, 0xFFDE, 0xFFDE, 0xFFDE,
    0xFFDE, 0xFFDE, 0xFFDE, 0xFFDE, 0xFFDE, 0xFFDE, 0xFFDE, 0xFFDE, 0xFFDE, 0xFFDE, 0xFFDE, 0xFFDE,
    0xFFDE, 0xFFDE, 0xFFDE, 0xFFDE, 0xFFDE, 0xFFDE, 0xFFDE, 0xFFDE, 0xFFDE, 0xFFDE, 0xFFDE, 0xFFDE,
    0x83AE, 0x49C6, 0x5A68, 0x4985, 0x93ED, 0xFFDE, 0xFFDE, 0xFFDE, 0xFFDE, 0xFFDE, 0xFFDE, 0xFFDE,
    0xFFDE, 0xFFDE, 0xFFDE, 0xFFDE, 0xFFDE, 0xFFDE, 0xFFDE, 0xFFDE, 0xFFDE, 0xFFDE, 0xFFDE, 0xFFDE,
    0xC5B5, 0x51E7, 0x51E7, 0x5A48, 0x5A28, 0x5A28, 0x5A28, 0x5A28, 0x5A28, 0x5A28, 0x5A28, 0x5A28,
    0x51E7, 0x5A07, 0xBD11, 0xFF77, 0xF6B5, 0xFED6, 0xFEF6, 0xFFDE, 0xFFDE, 0xFFDE, 0xFFDE, 0xFFDE,
    0xFFDE, 0xFFDE, 0xF6B6, 0xF6B6, 0xFF78, 0xD614, 0x5A07, 0x49A6, 0x5A28, 0x6ACA, 0xEF1B, 0xFFDE,
    0xFFDE, 0xFFDE, 0xFFDE, 0xFFDE, 0xFFDE, 0xFFDE, 0xFFDE, 0xFFDE, 0xFFDE, 0xFFDE, 0xFFDE, 0xFFDE,
    0xFFDE, 0xFFDE, 0xB554, 0x7B8D, 0x9430, 0x9410, 0x9410, 0x9410, 0x9430, 0x9430, 0x9430, 0x9C30,
    0x9430, 0x9C30, 0x9C30, 0x9C50, 0x9C50, 0x9C30, 0x9C30, 0xFFDE, 0xFFDE, 0xFFDE, 0xFFDE, 0xFFDE,
    0xFFDE, 0xFFDE, 0xFFDE, 0xFFDE, 0xFFDE, 0xFFDE, 0xFFDE, 0xFFDE, 0xFFDE, 0xFFDE, 0xFFDE, 0xFFDE,
    0xFFDE, 0xFFDE, 0xFFDE, 0xFFDE, 0xFFDE, 0xFFDE, 0xFFDE, 0xFFDE, 0xFFDE, 0xFFDE, 0xFFDE, 0xFFDE,
    0xFFDE, 0xFFDE, 0xFFDE, 0xFFDE, 0xFFDE, 0xFFDE, 0xFFDE, 0xFFDE, 0xFFDE, 0xFFDE, 0xFFDE, 0xFFDE,
    0xFFDE, 0xFFDE, 0xFFDE, 0xFFDE, 0xFFDE, 0xFFDE, 0xFFDE, 0xFFDE, 0xFFDE, 0xFFDE, 0xFFDE, 0xFFDE,
    0x83AE, 0x49A6, 0x5A28, 0x4985, 0x8B6C, 0xDE35, 0xE696, 0xEE76, 0xEEB7, 0xF739, 0xFFDE, 0xFFDE,
    0xFFDE, 0xFFDE, 0xFFDE, 0xFFDE, 0xFFDE, 0xFFDE, 0xFFDE, 0xFFDE, 0xFFDE, 0xFFDE, 0xF77A, 0xFFDE,
    0xBD32, 0x5A08, 0x5A28, 0x6269, 0x5A48, 0x5A48, 0x5A48, 0x5A48, 0x5A48, 0x5A48, 0x5A49, 0x5A48,
    0x5208, 0x5A28, 0xBD11, 0xFF57, 0xF6B5, 0xFEF6, 0xFF17, 0xF739, 0xFFDE, 0xFFDE, 0xFFDE, 0xFFDE,
    0xFFDE, 0xFFDE, 0xF6D6, 0xF6B5, 0xFF37, 0xD5D3, 0x5A07, 0x49A7, 0x5A28, 0x6ACA, 0xE71B, 0xFFDE,
    0xFFDE, 0xFFDE, 0xFFDE, 0xFFDE, 0xFFDE, 0xFFDE, 0xFFDE, 0xFFDE, 0xFFDE, 0xFFDE, 0xFFDE, 0xFFDE,
    0xFFDE, 0xFFDE, 0xFFDE, 0xFFDE, 0xFFDE, 0xFFDE, 0xFFDE, 0xFFDE, 0xFFDE, 0xFFDE, 0xFFDE, 0xFFDE,
    0xFFDE, 0xFFDE, 0xFFDE, 0xFFDE, 0xFFDE, 0xFFDE, 0xFFDE, 0xFFDE, 0xFFDE, 0xFFDE, 0xFFDE, 0xFFDE,
    0xFFDE, 0xFFDE, 0xFFDE, 0xFFDE, 0xFFDE, 0xFFDE, 0xFFDE, 0xFFDE, 0xFFDE, 0xFFDE, 0xFFDE, 0xFFDE,
    0xFFDE, 0xFFDE, 0xFFDE, 0xFFDE, 0xFFDE, 0xFFDE, 0xFFDE, 0xFFDE, 0xFFDE, 0xFFDE, 0xFFDE, 0xFFDE,
    0xFFDE, 0xFFDE, 0xFFDE, 0xFFDE, 0xFFDE, 0xFFDE, 0xFFDE, 0xFFDE, 0xFFDE, 0xFFDE, 0xFFDE, 0xFFDE,
    0xFFDE, 0xFFDE, 0xFFDE, 0xFFDE, 0xFFDE, 0xFFDE, 0xFFDE, 0xFFDE, 0xFFDE, 0xFFDE, 0xFFDE, 0xFFDE,
    0x83AE, 0x41A6, 0x5A28, 0x4986, 0x832B, 0xD592, 0xDDB2, 0xD571, 0xDDB2, 0xEE54, 0xFF9A, 0xFFDE,
    0xFFDE, 0xFFDE, 0xFFDE, 0xFFDE, 0xFFDE, 0xFFDE, 0xFFDE, 0xFFDE, 0xFFDE, 0xFF59, 0xF6D7, 0xFF58,
    0xBD10, 0x5A08, 0x5228, 0x6269, 0x5A48, 0x51C6, 0x51C6, 0x49C6, 0x51C7, 0x5A28, 0x5A48, 0x5A28,
    0x5207, 0x5A07, 0xBCF0, 0xFF57, 0xF6D5, 0xF6D6, 0xF6D6, 0xF717, 0xFF7A, 0xFFDE, 0xFFDE, 0xFFDE,
    0xFFDE, 0xFF79, 0xF6D6, 0xF6B5, 0xFF37, 0xD5F4, 0x6228, 0x49C7, 0x5A28, 0x6AEB, 0xEF3B, 0xFFDE,
    0xFFDE, 0xFFDE, 0xFFDE, 0xFFDE, 0xFFDE, 0xFFDE, 0xFFDE, 0xFFDE, 0xFFDE, 0xFFDE, 0xFFDE, 0xFFDE,
    0xFFDE, 0xFFDE, 0xFFDE, 0xFFDE, 0xFFDE, 0xFFDE, 0xFFDE, 0xFFDE, 0xFFDE, 0xFFDE, 0xFFDE, 0xFFDE,
    0xFFDE, 0xFFDE, 0xFFDE, 0xFFDE, 0xFFDE, 0xFFDE, 0xFFDE, 0xFFDE, 0xFFDE, 0xFFDE, 0xFFDE, 0xFFDE,
    0xFFDE, 0xFFDE, 0xFFDE, 0xFFDE, 0xFFDE, 0xFFDE, 0xFFDE, 0xFFDE, 0xFFDE, 0xFFDE, 0xFFDE, 0xFFDE,
    0xFFDE, 0xFFDE, 0xFFDE, 0xFFDE, 0xFFDE, 0xFFDE, 0xFFDE, 0xFFDE, 0xFFDE, 0xFFDE, 0xFFDE, 0xFFDE,
    0xFFDE, 0xFFDE, 0xFFDE, 0xFFDE, 0xFFDE, 0xFFDE, 0xFFDE, 0xFFDE, 0xFFDE, 0xFFDE, 0xFFDE, 0xFFDE,
    0xFFDE, 0xFFDE, 0xFFDE, 0xFFDE, 0xFFDE, 0xFFDE, 0xFFDE, 0xFFDE, 0xFFDE, 0xFFDE, 0xFFDE, 0xFFDE,
    0x83CE, 0x49A6, 0x5A28, 0x49A6, 0x832B, 0xD592, 0xD592, 0xD571, 0xDD91, 0xE634, 0xFF7A, 0xFFDE,
    0xFF7A, 0xFFDE, 0xFFDE, 0xFFDE, 0xFFDE, 0xFFDE, 0xFFDE, 0xFFDE, 0xFFDE, 0xFF18, 0xF6B6, 0xFF37,
    0xC511, 0x5A28, 0x5228, 0x6269, 0x5A49, 0x9C50, 0x9C71, 0xA4B2, 0x8BCE, 0x6289, 0x5A28, 0x5A48,
    0x5207, 0x5A07, 0xB4CF, 0xFF16, 0xF6D5, 0xF6F6, 0xF6D6, 0xF6F8, 0xF77A, 0xFFDE, 0xFFDE, 0xFFDE,
    0xFFDE, 0xF718, 0xF6B6, 0xEE95, 0xFF17, 0xD5F4, 0x6248, 0x49C7, 0x5A49, 0x730B, 0xEF3C, 0xFFDE,
    0xFFDE, 0xFFDE, 0xFFDE, 0xFFDE, 0xFFDE, 0xFFDE, 0xFFDE, 0xFFDE, 0xFFDE, 0xFFDE, 0xFFDE, 0xFFDE,
    0xFFDE, 0xFFDE, 0xFFDE, 0xFFDE, 0xFFDE, 0xFFDE, 0xFFDE, 0xFFDE, 0xFFDE, 0xFFDE, 0xFFDE, 0xFFDE,
    0xFFDE, 0xFFDE, 0xFFDE, 0xFFDE, 0xFFDE, 0xFFDE, 0xFFDE, 0xFFDE, 0xFFDE, 0xFFDE, 0xFFDE, 0xFFDE,
    0xFFDE, 0xFFDE, 0xFFDE, 0xFFDE, 0xFFDE, 0xFFDE, 0xFFDE, 0xFFDE, 0xFFDE, 0xFFDE, 0xFFDE, 0xFFDE,
    0xFFDE, 0xFFDE, 0xFFDE, 0xFFDE, 0xFFDE, 0xFFDE, 0xFFDE, 0xFFDE, 0xFFDE, 0xFFDE, 0xFFDE, 0xFFDE,
    0xFFDE, 0xFFDE, 0xFFDE, 0xFFDE, 0xFFDE, 0xFFDE, 0xFFDE, 0xFFDE, 0xFFDE, 0xFFDE, 0xFFDE, 0xFFDE,
    0xFFDE, 0xFFDE, 0xFFDE, 0xFFDE, 0xFFDE, 0xFFDE, 0xFFDE, 0xFFDE, 0xFFDE, 0xFFDE, 0xFFDE, 0xFFDE,
    0x8C0F, 0x49C7, 0x5A28, 0x49A6, 0x7AEA, 0xD572, 0xDDD2, 0xD571, 0xDDD2, 0xE613, 0xF75A, 0xFFDE,
    0xF73A, 0xF75B, 0xFFDE, 0xFFDE, 0xFFDE, 0xFFDE, 0xFFDE, 0xFFDE, 0xFF7A, 0xFF18, 0xF6F6, 0xFF98,
    0xC552, 0x5A28, 0x5A69, 0x5A69, 0x734C, 0xFFDE, 0xFFDE, 0xFFDE, 0xE71B, 0x83CE, 0x5208, 0x628A,
    0x5A28, 0x5207, 0xBD10, 0xFFD8, 0xFF36, 0xFF37, 0xFF58, 0xFF7A, 0xFFDE, 0xFFDE, 0xFF5A, 0xFF7A,
    0xFFBA, 0xFF99, 0xFF38, 0xFF17, 0xFFBA, 0xDE76, 0x6289, 0x5208, 0x628A, 0x732C, 0xEF5C, 0xFFDE,
    0xFFDE, 0xFFDE, 0xFFDE, 0xFFDE, 0xFFDE, 0xFFDE, 0xFFDE, 0xFFDE, 0xFFDE, 0xFFDE, 0xFFDE, 0xFFDE,
    0xFFDE, 0xFFDE, 0xFFDE, 0xFFDE, 0xFFDE, 0xFFDE, 0xFFDE, 0xFFDE, 0xFFDE, 0xFFDE, 0xFFDE, 0xFFDE,
    0xFFDE, 0xFFDE, 0xFFDE, 0xFFDE, 0xFFDE, 0xFFDE, 0xFFDE, 0xFFDE, 0xFFDE, 0xFFDE, 0xFFDE, 0xFFDE,
    0xFFDE, 0xFFDE, 0xFFDE, 0xFFDE, 0xFFDE, 0xFFDE, 0xFFDE, 0xFFDE, 0xFFDE, 0xFFDE, 0xFFDE, 0xFFDE,
    0xFFDE, 0xFFDE, 0xFFDE, 0xFFDE, 0xFFDE, 0xFFDE, 0xFFDE, 0xFFDE, 0xFFDE, 0xFFDE, 0xFFDE, 0xFFDE,
    0xFFDE, 0xFFDE, 0xFFDE, 0xFFDE, 0xFFDE, 0xFFDE, 0xFFDE, 0xFFDE, 0xFFDE, 0xFFDE, 0xFFDE, 0xFFDE,
    0xFFDE, 0xFFDE, 0xFFDE, 0xFFDE, 0xFFDE, 0xFFDE, 0xFFDE, 0xFFDE, 0xFFDE, 0xFFDE, 0xFFDE, 0xFFDE,
    0x7B8D, 0x3104, 0x51E7, 0x4185, 0x6AA9, 0xCD51, 0xD591, 0xC510, 0xC550, 0xDDF3, 0xFFDE, 0xFFDE,
    0xFFDE, 0xFFDE, 0xFFDE, 0xFFDE, 0xFFDE, 0xFFDE, 0xFFDE, 0xFFDE, 0xFFDE, 0xE655, 0xE635, 0xF6F7,
    0xB4D0, 0x49C7, 0x49E7, 0x3145, 0x732C, 0xFFDE, 0xFFDE, 0xFFDE, 0xFFDE, 0x7B8D, 0x3124, 0x49C6,
    0x5207, 0x5A08, 0x93ED, 0xC551, 0xA42D, 0xA40D, 0xCD92, 0xF738, 0xF739, 0xF6F8, 0xEEB6, 0xEE96,
    0xEED7, 0xF6D7, 0xDE14, 0xD5D3, 0xDE55, 0xB4F1, 0x4186, 0x3945, 0x49C7, 0x62AA, 0xFFDE, 0xFFDE,
    0xFFDE, 0xFFDE, 0xFFDE, 0xFFDE, 0xFFDE, 0xFFDE, 0xFFDE, 0xFFDE, 0xFFDE, 0xFFDE, 0xFFDE, 0xFFDE,
    0xFFDE, 0xFFDE, 0xFFDE, 0xFFDE, 0xFFDE, 0xFFDE, 0xFFDE, 0xFFDE, 0xFFDE, 0xFFDE, 0xFFDE, 0xFFDE,
    0xFFDE, 0xFFDE, 0xFFDE, 0xFFDE, 0xFFDE, 0xFFDE, 0xFFDE, 0xFFDE, 0xFFDE, 0xFFDE, 0xFFDE, 0xFFDE,
    0xFFDE, 0xFFDE, 0xFFDE, 0xFFDE, 0xFFDE, 0xFFDE, 0xFFDE, 0xFFDE, 0xFFDE, 0xFFDE, 0xFFDE, 0xFFDE,
    0xFFDE, 0xFFDE, 0xFFDE, 0xFFDE, 0xFFDE, 0xFFDE, 0xFFDE, 0xFFDE, 0xFFDE, 0xFFDE, 0xFFDE, 0xFFDE,
    0xFFDE, 0xFFDE, 0xFFDE, 0xFFDE, 0xFFDE, 0xFFDE, 0xFFDE, 0xFFDE, 0xFFDE, 0xFFDE, 0xFFDE, 0xFFDE,
    0xFFDE, 0xFFDE, 0xFFDE, 0xFFDE, 0xFFDE, 0xFFDE, 0xFFDE, 0xFFDE, 0xFFDE, 0xFFDE, 0xFFDE, 0xFFDE,
    0xD678, 0xBD95, 0xCE17, 0xD678, 0xD617, 0x8B6C, 0x6248, 0x6A89, 0x6A89, 0x7AEA, 0x8BCD, 0x942E,
    0x940E, 0x940E, 0x9C4F, 0x9C70, 0xA490, 0xA490, 0xA490, 0xA4B0, 0xA490, 0x836C, 0x7AEA, 0x7B2B,
    0x6248, 0x5A49, 0x8C50, 0x8C2F, 0xAD54, 0xFFDE, 0xFFDE, 0xFFDE, 0xFFDE, 0xC5F6, 0xA4D2, 0xB574,
    0x6AEB, 0x51E8, 0x6249, 0x6228, 0x5A07, 0x5A28, 0x6A89, 0x7B0A, 0x7B0A, 0x7AEA, 0x7AEA, 0x7AEA,
    0x7AEA, 0x7AEA, 0x72A9, 0x7289, 0x6A68, 0x6A89, 0x9430, 0xB574, 0xB574, 0xBDD6, 0xFFDE, 0xFFDE,
    0xFFDE, 0xFFDE, 0xFFDE, 0xFFDE, 0xFFDE, 0xFFDE, 0xFFDE, 0xFFDE, 0xFFDE, 0xFFDE, 0xFFDE, 0xFFDE,
    0xFFDE, 0xFFDE, 0xFFDE, 0xFFDE, 0xFFDE, 0xFFDE, 0xFFDE, 0xFFDE, 0xFFDE, 0xFFDE, 0xFFDE, 0xFFDE,
    0xFFDE, 0xFFDE, 0xFFDE, 0xFFDE, 0xFFDE, 0xFFDE, 0xFFDE, 0xFFDE, 0xFFDE, 0xFFDE, 0xFFDE, 0xFFDE,
    0xFFDE, 0xFFDE, 0xFFDE, 0xFFDE, 0xFFDE, 0xFFDE, 0xFFDE, 0xFFDE, 0xFFDE, 0xFFDE, 0xFFDE, 0xFFDE,
    0xFFDE, 0xFFDE, 0xFFDE, 0xFFDE, 0xFFDE, 0xFFDE, 0xFFDE, 0xFFDE, 0xFFDE, 0xFFDE, 0xFFDE, 0xFFDE,
    0xFFDE, 0xFFDE, 0xFFDE, 0xFFDE, 0xFFDE, 0xFFDE, 0xFFDE, 0xFFDE, 0xFFDE, 0xFFDE, 0xFFDE, 0xFFDE,
    0xFFDE, 0xFFDE, 0xFFDE, 0xFFDE, 0xFFDE, 0xFFDE, 0xFFDE, 0xFFDE, 0xFFDE, 0xFFDE, 0xFFDE, 0xFFDE,
    0xFFDE, 0xFFDE, 0xFFDE, 0xFFDE, 0xF75C, 0x72EA, 0x4986, 0x5A07, 0x51E7, 0x51C7, 0x51C6, 0x51C6,
    0x51C6, 0x51E7, 0x51E7, 0x59E7, 0x5A07, 0x5A07, 0x5A07, 0x5A08, 0x5A08, 0x5A08, 0x5A07, 0x5A28,
    0x4185, 0x838D, 0xEF3C, 0xFFDE, 0xFFDE, 0xFFDE, 0xFFDE, 0xFFDE, 0xFFDE, 0xFFDE, 0xFFDE, 0xFFDE,
    0x942F, 0x49A7, 0x6249, 0x5A08, 0x5A28, 0x6228, 0x5A28, 0x5A07, 0x5A07, 0x5A28, 0x6228, 0x6228,
    0x6228, 0x6228, 0x6248, 0x6249, 0x51A6, 0x7B4C, 0xFFDE, 0xFFDE, 0xFFDE, 0xFFDE, 0xFFDE, 0xFFDE,
    0xFFDE, 0xFFDE, 0xFFDE, 0xFFDE, 0xFFDE, 0xFFDE, 0xFFDE, 0xFFDE, 0xFFDE, 0xFFDE, 0xFFDE, 0xFFDE,
    0xFFDE, 0xFFDE, 0xFFDE, 0xFFDE, 0xFFDE, 0xFFDE, 0xFFDE, 0xFFDE, 0xFFDE, 0xFFDE, 0xFFDE, 0xFFDE,
    0xFFDE, 0xFFDE, 0xFFDE, 0xFFDE, 0xFFDE, 0xFFDE, 0xFFDE, 0xFFDE, 0xFFDE, 0xFFDE, 0xFFDE, 0xFFDE,
    0xFFDE, 0xFFDE, 0xFFDE, 0xFFDE, 0xFFDE, 0xFFDE, 0xFFDE, 0xFFDE, 0xFFDE, 0xFFDE, 0xFFDE, 0xFFDE,
    0xFFDE, 0xFFDE, 0xFFDE, 0xFFDE, 0xFFDE, 0xFFDE, 0xFFDE, 0xFFDE, 0xFFDE, 0xFFDE, 0xFFDE, 0xFFDE,
    0xFFDE, 0xFFDE, 0xFFDE, 0xFFDE, 0xFFDE, 0xFFDE, 0xFFDE, 0xFFDE, 0xFFDE, 0xFFDE, 0xFFDE, 0xFFDE,
    0xFFDE, 0xFFDE, 0xFFDE, 0xFFDE, 0xFFDE, 0xFFDE, 0xFFDE, 0xFFDE, 0xFFDE, 0xFFDE, 0xFFDE, 0xFFDE,
    0xFFDE, 0xFFDE, 0xFFDE, 0xFFDE, 0xEF1B, 0x730B, 0x51C6, 0x6228, 0x5A28, 0x5A08, 0x5A08, 0x5A08,
    0x5A28, 0x5A28, 0x6248, 0x6248, 0x6249, 0x6249, 0x6249, 0x6249, 0x6249, 0x6269, 0x6269, 0x6AA9,
    0x49A5, 0x83AD, 0xFFDE, 0xFFDE, 0xFFDE, 0xFFDE, 0xFFDE, 0xFFDE, 0xFFDE, 0xFFDE, 0xFFDE, 0xFFDE,
    0x944F, 0x49A6, 0x6269, 0x6249, 0x6249, 0x6249, 0x6269, 0x6269, 0x6289, 0x6A89, 0x6A89, 0x6A89,
    0x6A89, 0x6A89, 0x6A89, 0x6AAA, 0x51E7, 0x838D, 0xFFDE, 0xFFDE, 0xFFDE, 0xFFDE, 0xFFDE, 0xFFDE,
    0xFFDE, 0xFFDE, 0xFFDE, 0xFFDE, 0xFFDE, 0xFFDE, 0xFFDE, 0xFFDE, 0xFFDE, 0xFFDE, 0xFFDE, 0xFFDE,
    0xFFDE, 0xFFDE, 0xFFDE, 0xFFDE, 0xFFDE, 0xFFDE, 0xFFDE, 0xFFDE, 0xFFDE, 0xFFDE, 0xFFDE, 0xFFDE,
    0xFFDE, 0xFFDE, 0xFFDE, 0xFFDE, 0xFFDE, 0xFFDE, 0xFFDE, 0xFFDE, 0xFFDE, 0xFFDE, 0xFFDE, 0xFFDE,
    0xFFDE, 0xFFDE, 0xFFDE, 0xFFDE, 0xFFDE, 0xFFDE, 0xFFDE, 0xFFDE, 0xFFDE, 0xFFDE, 0xFFDE, 0xFFDE,
    0xFFDE, 0xFFDE, 0xFFDE, 0xFFDE, 0xFFDE, 0xFFDE, 0xFFDE, 0xFFDE, 0xFFDE, 0xFFDE, 0xFFDE, 0xFFDE,
    0xFFDE, 0xFFDE, 0xFFDE, 0xFFDE, 0xFFDE, 0xFFDE, 0xFFDE, 0xFFDE, 0xFFDE, 0xFFDE, 0xFFDE, 0xFFDE,
    0xFFDE, 0xFFDE, 0xFFDE, 0xFFDE, 0xFFDE, 0xFFDE, 0xFFDE, 0xFFDE, 0xFFDE, 0xFFDE, 0xFFDE, 0xFFDE,
    0xFFDE, 0xFFDE, 0xFFDE, 0xFFDE, 0xE71B, 0x7B0B, 0x59E7, 0x6269, 0x6248, 0x6249, 0x6269, 0x6269,
    0x6A69, 0x6A89, 0x6A89, 0x72AA, 0x72AA, 0x72CA, 0x72CA, 0x72CA, 0x72CA, 0x72CA, 0x6AAA, 0x72EB,
    0x5A07, 0x83AD, 0xEF5C, 0xFFDE, 0xFFDE, 0xFFDE, 0xFFDE, 0xFFDE, 0xFFDE, 0xFFDE, 0xFFDE, 0xFFDE,
    0x9C50, 0x49C7, 0x6A8A, 0x6269, 0x6269, 0x6269, 0x6A89, 0x6A89, 0x6A89, 0x6A89, 0x6A89, 0x6A89,
    0x6A89, 0x6A89, 0x6289, 0x6AA9, 0x51E7, 0x7B6C, 0xFFDE, 0xFFDE, 0xFFDE, 0xFFDE, 0xFFDE, 0xFFDE,
    0xFFDE, 0xFFDE, 0xFFDE, 0xFFDE, 0xFFDE, 0xFFDE, 0xFFDE, 0xFFDE, 0xFFDE, 0xFFDE, 0xFFDE, 0xFFDE,
    0xFFDE, 0xFFDE, 0xFFDE, 0xFFDE, 0xFFDE, 0xFFDE, 0xFFDE, 0xFFDE, 0xFFDE, 0xFFDE, 0xFFDE, 0xFFDE,
    0xFFDE, 0xFFDE, 0xFFDE, 0xFFDE, 0xFFDE, 0xFFDE, 0xFFDE, 0xFFDE, 0xFFDE, 0xFFDE, 0xFFDE, 0xFFDE,
    0xFFDE, 0xFFDE, 0xFFDE, 0xFFDE, 0xFFDE, 0xFFDE, 0xFFDE, 0xFFDE, 0xFFDE, 0xFFDE, 0xFFDE, 0xFFDE,
    0xFFDE, 0xFFDE, 0xFFDE, 0xFFDE, 0xFFDE, 0xFFDE, 0xFFDE, 0xFFDE, 0xFFDE, 0xFFDE, 0xFFDE, 0xFFDE,
    0xFFDE, 0xFFDE, 0xFFDE, 0xFFDE, 0xFFDE, 0xFFDE, 0xFFDE, 0xFFDE, 0xFFDE, 0xFFDE, 0xFFDE, 0xFFDE,
    0xFFDE, 0xFFDE, 0xFFDE, 0xFFDE, 0xFFDE, 0xFFDE, 0xFFDE, 0xFFDE, 0xFFDE, 0xFFDE, 0xFFDE, 0xFFDE,
    0xFFDE, 0xFFDE, 0xFFDE, 0xFFDE, 0xE6FA, 0x6269, 0x3904, 0x5186, 0x4965, 0x4965, 0x4965, 0x4965,
    0x4966, 0x4986, 0x4986, 0x51A6, 0x51C7, 0x51C7, 0x51C7, 0x51C7, 0x51C7, 0x59C7, 0x51C6, 0x5A08,
    0x38E3, 0x6AEA, 0xEF5C, 0xFFDE, 0xFFDE, 0xFFDE, 0xFFDE, 0xFFDE, 0xFFDE, 0xFFDE, 0xFFDE, 0xFFDE,
    0x942F, 0x3104, 0x49C6, 0x4986, 0x49A6, 0x49A6, 0x49A6, 0x49A6, 0x51A6, 0x51A6, 0x51A6, 0x51C6,
    0x51C6, 0x51C6, 0x51A6, 0x51C6, 0x3903, 0x72EA, 0xFFDE, 0xFFDE, 0xFFDE, 0xFFDE, 0xFFDE, 0xFFDE,
    0xFFDE, 0xFFDE, 0xFFDE, 0xFFDE, 0xFFDE, 0xFFDE, 0xFFDE, 0xFFDE, 0xFFDE, 0xFFDE, 0xFFDE, 0xFFDE,
    0xFFDE, 0xFFDE, 0xFFDE, 0xFFDE, 0xFFDE, 0xFFDE, 0xFFDE, 0xFFDE, 0xFFDE, 0xFFDE, 0xFFDE, 0xFFDE,
    0xFFDE, 0xFFDE, 0xFFDE, 0xFFDE, 0xFFDE, 0xFFDE, 0xFFDE, 0xFFDE, 0xFFDE, 0xFFDE, 0xFFDE, 0xFFDE,
    0xFFDE, 0xFFDE, 0xFFDE, 0xFFDE, 0xFFDE, 0xFFDE, 0xFFDE, 0xFFDE, 0xFFDE, 0xFFDE, 0xFFDE, 0xFFDE,
    0xFFDE, 0xFFDE, 0xFFDE, 0xFFDE, 0xFFDE, 0xFFDE, 0xFFDE, 0xFFDE, 0xFFDE, 0xFFDE, 0xFFDE, 0xFFDE,
    0xFFDE, 0xFFDE, 0xFFDE, 0xFFDE, 0xFFDE, 0xFFDE, 0xFFDE, 0xFFDE, 0xFFDE, 0xFFDE, 0xFFDE, 0xFFDE,
    0xFFDE, 0xFFDE, 0xFFDE, 0xFFDE, 0xFFDE, 0xFFDE, 0xFFDE, 0xFFDE, 0xFFDE, 0xFFDE, 0xFFDE, 0xFFDE,
    0xFFDE, 0xFFDE, 0xFFDE, 0xFFDE, 0xEF5C, 0x9C71, 0x838D, 0x8BCE, 0x8BCE, 0x8BCE, 0x83CE, 0x83CE,
    0x8BCE, 0x8BEE, 0x8BEF, 0x942F, 0x9430, 0x9450, 0x9450, 0x9450, 0x9450, 0x9C50, 0x9C70, 0x9C91,
    0x940F, 0xB554, 0xFFDE, 0xFFDE, 0xFFDE, 0xFFDE, 0xFFDE, 0xFFDE, 0xFFDE, 0xFFDE, 0xFFDE, 0xFFDE,
    0xCE37, 0xA4B1, 0xACF2, 0xA4D2, 0xACF2, 0xACF2, 0xACF2, 0xACF2, 0xACF2, 0xACF2, 0xACF2, 0xACF2,
    0xACF2, 0xACF2, 0xACF2, 0xACF2, 0xA491, 0xBD95, 0xFFDE, 0xFFDE, 0xFFDE, 0xFFDE, 0xFFDE, 0xFFDE,
    0xFFDE, 0xFFDE, 0xFFDE, 0xFFDE, 0xFFDE, 0xFFDE, 0xFFDE, 0xFFDE, 0xFFDE, 0xFFDE, 0xFFDE, 0xFFDE,
    0xFFDE, 0xFFDE, 0xFFDE, 0xFFDE, 0xFFDE, 0xFFDE, 0xFFDE, 0xFFDE, 0xFFDE, 0xFFDE, 0xFFDE, 0xFFDE,
    0xFFDE, 0xFFDE, 0xFFDE, 0xFFDE, 0xFFDE, 0xFFDE, 0xFFDE, 0xFFDE, 0xFFDE, 0xFFDE, 0xFFDE, 0xFFDE,
    0xFFDE, 0xFFDE, 0xFFDE, 0xFFDE, 0xFFDE, 0xFFDE, 0xFFDE, 0xFFDE, 0xFFDE, 0xFFDE, 0xFFDE, 0xFFDE,
    0xFFDE, 0xFFDE, 0xFFDE, 0xFFDE, 0xFFDE, 0xFFDE, 0xFFDE, 0xFFDE, 0xFFDE, 0xFFDE, 0xFFDE, 0xFFDE,
    0xFFDE, 0xFFDE, 0xFFDE, 0xFFDE, 0xFFDE, 0xFFDE, 0xFFDE, 0xFFDE, 0xFFDE, 0xFFDE, 0xFFDE, 0xFFDE,
    0xFFDE, 0xFFDE, 0xFFDE, 0xFFDE, 0xFFDE, 0xFFDE, 0xFFDE, 0xFFDE, 0xFFDE, 0xFFDE, 0xFFDE, 0xFFDE,
    0xFFDE, 0xFFDE, 0xFFDE, 0xFFDE, 0xFFDE, 0xFFDE, 0xEF5C, 0xEF5C, 0xEF5C, 0xEF5C, 0xEF5C, 0xEF5C,
    0xFFDE, 0xFFDE, 0xFFDE, 0xFFDE, 0xFFDE, 0xFFDE, 0xFFDE, 0xFFDE, 0xFFDE, 0xFFDE, 0xFFDE, 0xFFDE,
    0xFFDE, 0xFFDE, 0xFFDE, 0xFFDE, 0xFFDE, 0xFFDE, 0xFFDE, 0xFFDE, 0xFFDE, 0xFFDE, 0xFFDE, 0xFFDE,
    0xFFDE, 0xFFDE, 0xFFDE, 0xFFDE, 0xFFDE, 0xFFDE, 0xFFDE, 0xFFDE, 0xFFDE, 0xFFDE, 0xFFDE, 0xFFDE,
    0xFFDE, 0xFFDE, 0xFFDE, 0xFFDE, 0xFFDE, 0xFFDE, 0xFFDE, 0xFFDE, 0xFFDE, 0xFFDE, 0xFFDE, 0xFFDE,
    0xFFDE, 0xFFDE, 0xFFDE, 0xFFDE, 0xFFDE, 0xFFDE, 0xFFDE, 0xFFDE, 0xFFDE, 0xFFDE, 0xFFDE, 0xFFDE,
    0xFFDE, 0xFFDE, 0xFFDE, 0xFFDE, 0xFFDE, 0xFFDE, 0xFFDE, 0xFFDE, 0xFFDE, 0xFFDE, 0xFFDE, 0xFFDE,
    0xFFDE, 0xFFDE, 0xFFDE, 0xFFDE, 0xFFDE, 0xFFDE, 0xFFDE, 0xFFDE, 0xFFDE, 0xFFDE, 0xFFDE, 0xFFDE,
    0xFFDE, 0xFFDE, 0xFFDE, 0xFFDE, 0xFFDE, 0xFFDE, 0xFFDE, 0xFFDE, 0xFFDE, 0xFFDE, 0xFFDE, 0xFFDE,
};

static const uint16_t puppy_excited[20736] = {
    0xFFDE, 0xFFDE, 0xFFDE, 0xFFDE, 0xFFDE, 0xFFDE, 0xFFDE, 0xFFDE, 0xFFDE, 0xFFDE, 0xFFDE, 0xFF76,
    0xFE68, 0xFEAC, 0xFE6C, 0xFE8B, 0xFE8C, 0xFE6B, 0xFE6A, 0xFED0, 0xFFDE, 0xFFDE, 0xFFDE, 0xFFDE,
    0xFFDE, 0xFFDE, 0xFFDE, 0xFFDE, 0xFFDE, 0xFFDE, 0xFFDE, 0xFFDE, 0xFFDE, 0xFFDE, 0xFFDE, 0xFFDE,
    0xFFDE, 0xFFDE, 0xFFDE, 0xFFDE, 0xFFDE, 0xFFDE, 0xFFDE, 0xFFDE, 0xFFDE, 0xFFDE, 0xFFDE, 0xFFDE,
    0xFFDE, 0xFFDE, 0xFFDE, 0xFFDE, 0xFFDE, 0xFFDE, 0xFFDE, 0xFFDE, 0xFFDE, 0xFFDE, 0xFFDE, 0xFFDE,
    0xFFDE, 0xFFDE, 0xFFDE, 0xFFDE, 0xFFDE, 0xFFDE, 0xFFDE, 0xFFDE, 0xFFDE, 0xFFDE, 0xFFDE, 0xFFDE,
    0xFFDE, 0xFFDE, 0xFFDE, 0x940F, 0x4165, 0x51E7, 0x49C6, 0x49A6, 0x49A6, 0x49A6, 0x49A6, 0x4985,
    0x4985, 0x4986, 0x49A6, 0x49A6, 0x49A6, 0x49A6, 0x49C6, 0x49C6, 0x49C6, 0x4144, 0xBD95, 0xFFDE,
    0xFFDE, 0xFFDE, 0xFFDE, 0xFFDE, 0xFFDE, 0xFFDE, 0xFFDE, 0xFFDE, 0xFFDE, 0xFFDE, 0xFFDE, 0xFFDE,
    0xFFDE, 0xFFDE, 0xFFDE, 0xFFDE, 0xFFDE, 0xFFDE, 0xFFDE, 0xFFDE, 0xFFDE, 0xFFDE, 0xFFDE, 0xFFDE,
    0xFFDE, 0xFFDE, 0xFF33, 0xFE6A, 0xFE8B, 0xFECD, 0xFE8D, 0xFEAD, 0xFE8D, 0xFE6C, 0xFE4A, 0xFE0A,
    0xF62E, 0xFFDE, 0xFFDE, 0xFFDE, 0xFFDE, 0xFFDE, 0xFFDE, 0xFFDE, 0xFFDE, 0xFFDE, 0xFFDE, 0xFFDE,
    0xFFDE, 0xFFDE, 0xFFDE, 0xFFDE, 0xFFDE, 0xFFDE, 0xFFDE, 0xFFDE, 0xFFDE, 0xFFDE, 0xFFDE, 0xFF56,
    0xFE49, 0xFE8C, 0xFE6C, 0xFE8C, 0xFE8C, 0xFE8D, 0xFE8C, 0xFED0, 0xFFDE, 0xFFDE, 0xFFDE, 0xFFDE,
    0xFFDE, 0xFFDE, 0xFFDE, 0xFFDE, 0xFFDE, 0xFFDE, 0xFFDE, 0xFFDE, 0xFFDE, 0xFFDE, 0xFFDE, 0xFFDE,
    0xFFDE, 0xFFDE, 0xFFDE, 0xFFDE, 0xFFDE, 0xFFDE, 0xFFDE, 0xFFDE, 0xFFDE, 0xFFDE, 0xFFDE, 0xFFDE,
    0xFFDE, 0xFFDE, 0xFFDE, 0xFFDE, 0xFFDE, 0xFFDE, 0xFFDE, 0xFFDE, 0xFFDE, 0xFFDE, 0xFFDE, 0xFFDE,
    0xFFDE, 0xFFDE, 0xFFDE, 0xFFDE, 0xFFDE, 0xFFDE, 0xFFDE, 0xFFDE, 0xFFDE, 0xFFDE, 0xFFDE, 0xFFDE,
    0xFFDE, 0xFFDE, 0xFFDE, 0x940F, 0x51C7, 0x5A28, 0x5A08, 0x5A07, 0x5A07, 0x51E7, 0x51E7, 0x51E7,
    0x51E7, 0x51E7, 0x51E7, 0x51E7, 0x5A07, 0x5A08, 0x5A07, 0x5A28, 0x5A28, 0x49A6, 0xB554, 0xFFDE,
    0xFFDE, 0xFFDE, 0xFFDE, 0xFFDE, 0xFFDE, 0xFFDE, 0xFFDE, 0xFFDE, 0xFFDE, 0xFFDE, 0xFFDE, 0xFFDE,
    0xFFDE, 0xFFDE, 0xFFDE, 0xFFDE, 0xFFDE, 0xFFDE, 0xFFDE, 0xFFDE, 0xFFDE, 0xFFDE, 0xFFDE, 0xFFB9,
    0xFF78, 0xFF78, 0xFECF, 0xFE8B, 0xFE8C, 0xFE8C, 0xFE8D, 0xFEAD, 0xFEAD, 0xFE8C, 0xFEF2, 0xFF79,
    0xFFDE, 0xFFDE, 0xFFDE, 0xFFDE, 0xFFDE, 0xFFDE, 0xFFDE, 0xFFDE, 0xFFDE, 0xFFDE, 0xFFDE, 0xFFDE,
    0xFFDE, 0xFFDE, 0xFFDE, 0xFFDE, 0xFFDE, 0xFFDE, 0xFFDE, 0xFFDE, 0xFFDE, 0xFFDE, 0xFFDE, 0xFF76,
    0xFE49, 0xFE8C, 0xFE8D, 0xFE8D, 0xFE8D, 0xFEAD, 0xFE8C, 0xFEAF, 0xFFDE, 0xFFDE, 0xFFDE, 0xFFDE,
    0xFFDE, 0xFFDE, 0xFFDE, 0xFFDE, 0xFFDE, 0xFFDE, 0xFFDE, 0xFFDE, 0xFFDE, 0xFFDE, 0xFFDE, 0xFFDE,
    0xFFDE, 0xFFDE, 0xFFDE, 0xFFDE, 0xFFDE, 0xFFDE, 0xFFDE, 0xFFDE, 0xFFDE, 0xFFDE, 0xFFDE, 0xFFDE,
    0xFFDE, 0xFFDE, 0xFFDE, 0xFFDE, 0xFFDE, 0xFFDE, 0xFFDE, 0xFFDE, 0xFFDE, 0xFFDE, 0xFFDE, 0xFFDE,
    0xFFDE, 0xFFDE, 0xFFDE, 0xFFDE, 0xFFDE, 0xFFDE, 0xFFDE, 0xFFDE, 0xFFDE, 0xFFDE, 0xFFDE, 0xFFDE,
    0xFFDE, 0xFFDE, 0xFFDE, 0x8BCE, 0x5A28, 0x6269, 0x6248, 0x6248, 0x6228, 0x5A28, 0x5A28, 0x5A28,
    0x5A28, 0x5A28, 0x5A48, 0x5A48, 0x6248, 0x6249, 0x6269, 0x6269, 0x6269, 0x49C6, 0xAD13, 0xFFDE,
    0xFFDE, 0xFFDE, 0xFFDE, 0xFFDE, 0xFFDE, 0xFFDE, 0xFFDE, 0xFFDE, 0xFFDE, 0xFFDE, 0xFFDE, 0xFFDE,
    0xFFDE, 0xFFDE, 0xFFDE, 0xFFDE, 0xFFDE, 0xFFDE, 0xFFDE, 0xFFDE, 0xFFDE, 0xFFDE, 0xFF13, 0xFEAC,
    0xFE8B, 0xFE8C, 0xFE8B, 0xFE8B, 0xFE6B, 0xFE6B, 0xFE8C, 0xFEAD, 0xFE8E, 0xFECD, 0xFF99, 0xFFDE,
    0xFFDE, 0xFFDE, 0xFFDE, 0xFFDE, 0xFFDE, 0xFFDE, 0xFFDE, 0xFFDE, 0xFFDE, 0xFFDE, 0xFFDE, 0xFFDE,
    0xFFDE, 0xFFDE, 0xFFDE, 0xFFDE, 0xFFDE, 0xFFDE, 0xFFDE, 0xFFDE, 0xFFDE, 0xFFDE, 0xFFDE, 0xFF77,
    0xFE69, 0xFE8C, 0xFE8D, 0xFE8D, 0xFE8D, 0xFEAD, 0xFE8D, 0xFEAE, 0xFF34, 0xFF78, 0xFF56, 0xFF57,
    0xFFDE, 0xFFDE, 0xFFDE, 0xFFDE, 0xFFDE, 0xFFDE, 0xFFDE, 0xFFDE, 0xFFDE, 0xFFDE, 0xFFDE, 0xFFDE,
    0xFFDE, 0xFFDE, 0xFFDE, 0xFFDE, 0xFFDE, 0xFFDE, 0xFFDE, 0xFFDE, 0xFFDE, 0xFFDE, 0xFFDE, 0xFFDE,
    0xFFDE, 0xFFDE, 0xFFDE, 0xFFDE, 0xFFDE, 0xFFDE, 0xFFDE, 0xFFDE, 0xFFDE, 0xFFDE, 0xFFDE, 0xFFDE,
    0xFFDE, 0xFFDE, 0xFFDE, 0xFFDE, 0xFFDE, 0xFFDE, 0xFFDE, 0xFFDE, 0xFFDE, 0xFFDE, 0xFFDE, 0xFFDE,
    0xFFDE, 0xFFDE, 0xFFDE, 0x83AE, 0x4125, 0x49A6, 0x4985, 0x4985, 0x4965, 0x4965, 0x4965, 0x4965,
    0x4165, 0x4965, 0x4985, 0x4985, 0x4985, 0x4986, 0x49A6, 0x49C6, 0x49A6, 0x4124, 0xACF2, 0xFFDE,
    0xFFDE, 0xFFDE, 0xFFDE, 0xFFDE, 0xFFDE, 0xFFDE, 0xFFDE, 0xFFDE, 0xFFDE, 0xFFDE, 0xFFDE, 0xFFDE,
    0xFFDE, 0xFFDE, 0xFFDE, 0xFFDE, 0xFFDE, 0xFFDE, 0xFFDE, 0xFFDE, 0xFFDE, 0xFFDE, 0xFEF0, 0xFE68,
    0xFE69, 0xFE8B, 0xFE8B, 0xFE8B, 0xFE6A, 0xFE29, 0xFE08, 0xFE29, 0xFE29, 0xFE07, 0xFF35, 0xFFDE,
    0xFFDE, 0xFFDE, 0xFFDE, 0xFFDE, 0xFFDE, 0xFFDE, 0xFFDE, 0xFFDE, 0xFFDE, 0xFFDE, 0xFFDE, 0xFFDE,
    0xFFDE, 0xFFDE, 0xFFDE, 0xFFDE, 0xFFDE, 0xFFDE, 0xFFDE, 0xFFDE, 0xFFDE, 0xFFDE, 0xFFDE, 0xFF77,
    0xFE6A, 0xFEAD, 0xFE8D, 0xFEAD, 0xFEAD, 0xFEAD, 0xFEAD, 0xFECE, 0xFEAE, 0xFE8F, 0xFE8C, 0xFEAD,
    0xFFBA, 0xFFDE, 0xFFDE, 0xFFDE, 0xFFDE, 0xFFDE, 0xFFDE, 0xFFDE, 0xFFDE, 0xFFDE, 0xFFDE, 0xFFDE,
    0xFFDE, 0xFFDE, 0xFFDE, 0xFFDE, 0xFFDE, 0xFFDE, 0xFFDE, 0xFFDE, 0xFFDE, 0xFFDE, 0xFFDE, 0xFFDE,
    0xFFDE, 0xFFDE, 0xFFDE, 0xFFDE, 0xFFDE, 0xFFDE, 0xFFDE, 0xFFDE, 0xFFDE, 0xFFDE, 0xFFDE, 0xFFDE,
    0xFFDE, 0xFFDE, 0xFFDE, 0xFFDE, 0xFFDE, 0xFFDE, 0xEF3B, 0xD658, 0xD658, 0xD658, 0xCE58, 0xCE38,
    0xCE38, 0xD658, 0xCE37, 0x9430, 0x7B0C, 0x7B2C, 0x7B2C, 0x7B2C, 0x7B2C, 0x7B2B, 0x7B2C, 0x7B2C,
    0x7B2C, 0x7B2C, 0x7B2C, 0x7B2C, 0x7B2C, 0x7B4C, 0x7B4C, 0x7B4C, 0x7B4C, 0x51E7, 0x7B6C, 0xBD95,
    0xBDD6, 0xBDD6, 0xDEDA, 0xFFDE, 0xFFDE, 0xFFDE, 0xFFDE, 0xFFDE, 0xFFDE, 0xFFDE, 0xFFDE, 0xFFDE,
    0xFFDE, 0xFFDE, 0xFFDE, 0xFFDE, 0xFFDE, 0xFFDE, 0xFFDE, 0xFFDE, 0xFFDE, 0xFFDE, 0xFF11, 0xFE8A,
    0xFE8C, 0xFEAC, 0xFE8C, 0xFE8C, 0xFE49, 0xFE2A, 0xFE4B, 0xFE6C, 0xFEAE, 0xFEAE, 0xFF77, 0xFFDE,
    0xFFDE, 0xFFDE, 0xFFDE, 0xFFDE, 0xFFDE, 0xFFDE, 0xFFDE, 0xFFDE, 0xFFDE, 0xFFDE, 0xFFDE, 0xFFDE,
    0xFFDE, 0xFFDE, 0xFFDE, 0xFFDE, 0xFFDE, 0xFFDE, 0xFFDE, 0xFFDE, 0xFFDE, 0xFFDE, 0xFFDE, 0xFF77,
    0xFE8A, 0xFEAC, 0xFE8D, 0xFE8C, 0xFEAC, 0xFE8C, 0xFE8C, 0xFE6B, 0xFE4B, 0xFE4C, 0xFECE, 0xFECE,
    0xFF79, 0xFFDE, 0xFFDE, 0xFFDE, 0xFFDE, 0xFFDE, 0xFFDE, 0xFFDE, 0xFFDE, 0xFFDE, 0xFFDE, 0xFFDE,
    0xFFDE, 0xFFDE, 0xFFDE, 0xFFDE, 0xFFDE, 0xFFDE, 0xFFDE, 0xFFDE, 0xFFDE, 0xFFDE, 0xFFDE, 0xFFDE,
    0xFFDE, 0xFFDE, 0xFFDE, 0xFFDE, 0xFFDE, 0xFFDE, 0xFFDE, 0xFFDE, 0xFFDE, 0xFFDE, 0xFFDE, 0xFFDE,
    0xFFDE, 0xFFDE, 0xFFDE, 0xFFDE, 0xFFDE, 0xFFDE, 0xA4B2, 0x6269, 0x6AEB, 0x6ACA, 0x6ACA, 0x6AAA,
    0x6AAA, 0x6AAA, 0x5A48, 0xACF2, 0xEF1B, 0xE6FA, 0xE6FA, 0xE6FA, 0xE6FA, 0xE6FA, 0xE6FA, 0xE6FA,
    0xE6FA, 0xE6FA, 0xE6FB, 0xE6FB, 0xE6FB, 0xE6FB, 0xE6FB, 0xE71B, 0xE71B, 0x83AE, 0x49C7, 0x5A48,
    0x5A69, 0x5207, 0x9C90, 0xFFDE, 0xFFDE, 0xFFDE, 0xFFDE, 0xFFDE, 0xFFDE, 0xFFDE, 0xFFDE, 0xFFDE,
    0xFFDE, 0xFFDE, 0xFFDE, 0xFFDE, 0xFFDE, 0xFFDE, 0xFFDE, 0xFFDE, 0xFFDE, 0xFFDE, 0xFEF0, 0xFE6A,
    0xFE8B, 0xFE8B, 0xFE8B, 0xFE6B, 0xFE6B, 0xFF55, 0xFF99, 0xFFBA, 0xFFDE, 0xFFDE, 0xFFDE, 0xFFDE,
    0xFFDE, 0xFFDE, 0xFFDE, 0xFFDE, 0xFFDE, 0xFFDE, 0xFFDE, 0xFFDE, 0xFFDE, 0xFFDE, 0xFFDE, 0xFFDE,
    0xFFDE, 0xFFDE, 0xFFDE, 0xFFDE, 0xFFDE, 0xFFDE, 0xFFDE, 0xFFDE, 0xFFDE, 0xFFDE, 0xFFDE, 0xFF77,
    0xFE49, 0xFE6A, 0xFE6C, 0xFE6B, 0xFE6A, 0xFE4A, 0xFE09, 0xF5A7, 0xF566, 0xFE0B, 0xFEEF, 0xFECE,
    0xFF56, 0xFFDE, 0xFFDE, 0xFFDE, 0xFFDE, 0xFFDE, 0xFFDE, 0xFFDE, 0xFFDE, 0xFFDE, 0xFFDE, 0xFFDE,
    0xFFDE, 0xFFDE, 0xFFDE, 0xFFDE, 0xFFDE, 0xFFDE, 0xFFDE, 0xFFDE, 0xFFDE, 0xFFDE, 0xFFDE, 0xFFDE,
    0xFFDE, 0xFFDE, 0xFFDE, 0xFFDE, 0xFFDE, 0xFFDE, 0xFFDE, 0xFFDE, 0xFFDE, 0xFFDE, 0xFFDE, 0xFFDE,
    0xFFDE, 0xFFDE, 0xFFDE, 0xFFDE, 0xFFDE, 0xFFDE, 0x93EF, 0x49A6, 0x5A28, 0x5A08, 0x5A08, 0x5A08,
    0x5207, 0x5207, 0x4185, 0xB533, 0xFFDE, 0xFFDE, 0xFFDE, 0xFFDE, 0xFFDE, 0xFFDE, 0xFFDE, 0xFFDE,
    0xFFDE, 0xFFDE, 0xFFDE, 0xFFDE, 0xFFDE, 0xFFDE, 0xFFDE, 0xFFDE, 0xFFDE, 0x93EF, 0x49C6, 0x5207,
    0x5228, 0x4986, 0x940F, 0xFFDE, 0xFFDE, 0xFFDE, 0xFFDE, 0xFFDE, 0xFFDE, 0xFFDE, 0xFFDE, 0xFFDE,
    0xFFDE, 0xFFDE, 0xFFDE, 0xFFDE, 0xFFDE, 0xFFDE, 0xFFDE, 0xFFDE, 0xFFDE, 0xFFDE, 0xFF10, 0xFE8A,
    0xFEAB, 0xFE8B, 0xFEAC, 0xFE6A, 0xFE8C, 0xFFDE, 0xFFDE, 0xFFDE, 0xFFDE, 0xFFDE, 0xFFDE, 0xFFDE,
    0xFFDE, 0xFFDE, 0xFFDE, 0xFFDE, 0xFFDE, 0xFFDE, 0xFFDE, 0xFFDE, 0xFFDE, 0xFFDE, 0xFFDE, 0xFFDE,
    0xFFDE, 0xFFDE, 0xFFDE, 0xFFDE, 0xFFDE, 0xFFDE, 0xFFDE, 0xFFDE, 0xFFDE, 0xFFDE, 0xFFDE, 0xFFDE,
    0xFF34, 0xFF55, 0xFF57, 0xFF77, 0xFED0, 0xFE2A, 0xFDE8, 0xF5A7, 0xF587, 0xFE2B, 0xFECE, 0xFEAD,
    0xFF10, 0xFF97, 0xFF97, 0xFF75, 0xFF33, 0xFFB8, 0xFFDE, 0xFFDE, 0xFFDE, 0xFFDE, 0xFFDE, 0xFFDE,
    0xFFDE, 0xFFDE, 0xFFDE, 0xFFDE, 0xFFDE, 0xFFDE, 0xFFDE, 0xFFDE, 0xFFDE, 0xFFDE, 0xFFDE, 0xFFDE,
    0xFFDE, 0xFFDE, 0xFFDE, 0xFFDE, 0xFFDE, 0xFFDE, 0xFFDE, 0xFFDE, 0xFFDE, 0xFFDE, 0xFFDE, 0xFFDE,
    0xFFDE, 0xFFDE, 0xFFDE, 0xFFDE, 0xFFDE, 0xFFDE, 0x9430, 0x5A28, 0x6A8A, 0x6A89, 0x6A8A, 0x6A8A,
    0x6A8A, 0x6A8A, 0x5A28, 0xB533, 0xFFDE, 0xFFDE, 0xFFDE, 0xFFDE, 0xFFDE, 0xFFDE, 0xFFDE, 0xFFDE,
    0xFFDE, 0xFFDE, 0xFFDE, 0xFFDE, 0xFFDE, 0xFFDE, 0xFFDE, 0xFFDE, 0xFFDE, 0x838D, 0x49E7, 0x5A28,
    0x5A49, 0x51E7, 0x940F, 0xFFDE, 0xFFDE, 0xFFDE, 0xFFDE, 0xFFDE, 0xFFDE, 0xFFDE, 0xFFDE, 0xFFDE,
    0xFFDE, 0xFFDE, 0xFFDE, 0xFFDE, 0xFFDE, 0xFFDE, 0xFFDE, 0xFFDE, 0xFFDE, 0xFFDE, 0xFEEF, 0xFE47,
    0xFE68, 0xFE69, 0xFE49, 0xFE47, 0xFE28, 0xFF78, 0xFFDE, 0xFFDE, 0xFFDE, 0xFFDE, 0xFFDE, 0xFFDE,
    0xFFDE, 0xFFDE, 0xFFDE, 0xFFDE, 0xFFDE, 0xFFDE, 0xFFDE, 0xFFDE, 0xFFDE, 0xFFDE, 0xFFDE, 0xFFDE,
    0xFFDE, 0xFFDE, 0xFFDE, 0xFFDE, 0xFFDE, 0xFFDE, 0xFFDE, 0xFFDE, 0xFFDE, 0xFFDE, 0xFFDE, 0xFFDE,
    0xFFDE, 0xFFDE, 0xFFDE, 0xFFDE, 0xFF35, 0xFE09, 0xFE6B, 0xFE6B, 0xFE8B, 0xFE8C, 0xFEAD, 0xFEAD,
    0xFECD, 0xFECD, 0xFECD, 0xFE6A, 0xFE47, 0xFF54, 0xFFDE, 0xFFDE, 0xFFDE, 0xFFDE, 0xFFDE, 0xFFDE,
    0xFFDE, 0xFFDE, 0xFFDE, 0xFFDE, 0xFFDE, 0xFFDE, 0xFFDE, 0xFFDE, 0xFFDE, 0xFFDE, 0xFFDE, 0xFFDE,
    0xFFDE, 0xFFDE, 0xFFDE, 0xFFDE, 0xFFDE, 0xFFDE, 0xFFDE, 0xFFDE, 0xFFDE, 0xFFDE, 0xFFDE, 0xFFDE,
    0xFFDE, 0xFFDE, 0xFFDE, 0xFFDE, 0xFFDE, 0xFFDE, 0x9C50, 0x51E7, 0x6269, 0x6248, 0x6248, 0x6228,
    0x5A28, 0x5A08, 0x49A6, 0xB533, 0xFFDE, 0xFFDE, 0xFFDE, 0xFFDE, 0xFFDE, 0xFFDE, 0xFFDE, 0xFFDE,
    0xFFDE, 0xFFDE, 0xFFDE, 0xFFDE, 0xFFDE, 0xFFDE, 0xFFDE, 0xFFDE, 0xFFDE, 0x838D, 0x49C6, 0x5207,
    0x5A28, 0x49A6, 0x8BCE, 0xFFDE, 0xFFDE, 0xFFDE, 0xFFDE, 0xFFDE, 0xFFDE, 0xFFDE, 0xFFDE, 0xFFDE,
    0xFFDE, 0xFFDE, 0xFFDE, 0xFFDE, 0xFFDE, 0xFFDE, 0xFFDE, 0xFFDE, 0xFFDE, 0xFFDE, 0xFF12, 0xFE8B,
    0xFEAD, 0xFEAD, 0xFEAE, 0xFECD, 0xFECF, 0xFF9A, 0xFFDE, 0xFFDE, 0xFFDE, 0xFFDE, 0xFFDE, 0xFFDE,
    0xFFDE, 0xFFDE, 0xFFDE, 0xFFDE, 0xFFDE, 0xFFDE, 0xFFDE, 0xFFDE, 0xFFDE, 0xFFDE, 0xFFDE, 0xFFDE,
    0xFFDE, 0xFFDE, 0xFFDE, 0xFFDE, 0xFFDE, 0xFFDE, 0xFFDE, 0xFFDE, 0xFFDE, 0xFFDE, 0xFFDE, 0xFFDE,
    0xFFDE, 0xFFDE, 0xFFDE, 0xFFDE, 0xFEF4, 0xFDE6, 0xFE6A, 0xFE8B, 0xFE8B, 0xFE6C, 0xFE8C, 0xFEAD,
    0xFEAC, 0xFE8B, 0xFE8B, 0xFE6A, 0xFE69, 0xFF55, 0xFFDE, 0xFFDE, 0xFFDE, 0xFFDE, 0xFFDE, 0xFFDE,
    0xFFDE, 0xFFDE, 0xFFDE, 0xFFDE, 0xFFDE, 0xFFDE, 0xFFDE, 0xFFDE, 0xFFDE, 0xFFDE, 0xFFDE, 0xFFDE,
    0xFFDE, 0xE71A, 0xE6FA, 0xE71A, 0xE71A, 0xE71A, 0xE6FA, 0xE6FA, 0xE6FA, 0xE6FA, 0xE71A, 0xE71A,
    0xE73B, 0xE73B, 0xE71B, 0xE71B, 0xE73B, 0xEF3B, 0x8BEF, 0x51E7, 0x5A28, 0x5A07, 0x5A08, 0x5A28,
    0x6228, 0x6228, 0x59C7, 0xC5B5, 0xFFDE, 0xFFDE, 0xFFDE, 0xFFDE, 0xFFDE, 0xFFDE, 0xFFDE, 0xFFDE,
    0xFFDE, 0xFFDE, 0xFFDE, 0xFFDE, 0xFFDE, 0xFFDE, 0xFFDE, 0xFFDE, 0xFFDE, 0x7B6D, 0x49A6, 0x51E7,
    0x5A28, 0x49A6, 0x8BCE, 0xFFDE, 0xFFDE, 0xFFDE, 0xFFDE, 0xFFDE, 0xFFDE, 0xFFDE, 0xFFDE, 0xFFDE,
    0xFFDE, 0xFFDE, 0xFFDE, 0xFFDE, 0xFFDE, 0xFFDE, 0xFFDE, 0xFFDE, 0xFFDE, 0xFFDE, 0xFFDE, 0xFF9A,
    0xFFDE, 0xFFDE, 0xFFDE, 0xFFDE, 0xFFDE, 0xFFDE, 0xFFDE, 0xFFDE, 0xFFDE, 0xFFDE, 0xFFDE, 0xFFDE,
    0xFFDE, 0xFFDE, 0xFFDE, 0xFFDE, 0xFFDE, 0xFFDE, 0xFFDE, 0xFFDE, 0xFFDE, 0xFFDE, 0xFFDE, 0xFFDE,
    0xFFDE, 0xFFDE, 0xFFDE, 0xFFDE, 0xFFDE, 0xFFDE, 0xFFDE, 0xFFDE, 0xFFDE, 0xFFDE, 0xFFDE, 0xFFDE,
    0xFFDE, 0xFFDE, 0xFFDE, 0xFFDE, 0xFF78, 0xFE8D, 0xFE8C, 0xFE6B, 0xFE6A, 0xFE6B, 0xFE6B, 0xFE8B,
    0xFE09, 0xFDE7, 0xFE08, 0xFE08, 0xFE29, 0xFF55, 0xFFDE, 0xFFDE, 0xFFDE, 0xFFDE, 0xFFDE, 0xFFDE,
    0xFFDE, 0xFFDE, 0xFFDE, 0xFFDE, 0xFFDE, 0xFFDE, 0xFFDE, 0xFFDE, 0xFFDE, 0xFFDE, 0xFFDE, 0xFFDE,
    0xFFDE, 0x83CD, 0x72EB, 0x732B, 0x732B, 0x730B, 0x730B, 0x732B, 0x732B, 0x732B, 0x732B, 0x732C,
    0x7B4C, 0x734C, 0x732C, 0x732C, 0x732B, 0x7B4B, 0x5A28, 0x72EB, 0xB554, 0xBD74, 0xBD95, 0xBD95,
    0xC5D5, 0xC5D6, 0xC5B5, 0xEF1A, 0xFFDE, 0xFFDE, 0xFFDE, 0xFFDE, 0xFFDE, 0xFFDE, 0xFFDE, 0xFFDE,
    0xFFDE, 0xFFDE, 0xFFDE, 0xFFDE, 0xFFDE, 0xFFDE, 0xFFDE, 0xFFDE, 0xFFDE, 0x7B6D, 0x49A6, 0x51E7,
    0x5207, 0x49A6, 0x6ACA, 0xAD33, 0xAD33, 0xAD13, 0xAD33, 0xAD33, 0xAD33, 0xB533, 0xB554, 0xB554,
    0xB574, 0xBD74, 0xBD94, 0xBD94, 0xB574, 0xFFDE, 0xFFDE, 0xFFDE, 0xFFDE, 0xFFDE, 0xFFDE, 0xFFDE,
    0xFFDE, 0xFFDE, 0xFFDE, 0xFFDE, 0xFFDE, 0xFFDE, 0xFFDE, 0xFFDE, 0xFFDE, 0xFFDE, 0xFFDE, 0xFFDE,
    0xFFDE, 0xFFDE, 0xFFDE, 0xFFDE, 0xFFDE, 0xFFDE, 0xFFDE, 0xFFDE, 0xFFDE, 0xFFDE, 0xFFDE, 0xFFDE,
    0xFFDE, 0xFFDE, 0xFFDE, 0xFFDE, 0xFFDE, 0xFFDE, 0xFFDE, 0xFFDE, 0xFFDE, 0xFFDE, 0xFFDE, 0xFFDE,
    0xFFDE, 0xFFDE, 0xFFDE, 0xFFDE, 0xFFDE, 0xFFDE, 0xFF77, 0xFEAD, 0xFE4A, 0xFE6B, 0xFE8B, 0xFE8B,
    0xFDA7, 0xFD65, 0xFDA6, 0xFDA5, 0xFDE7, 0xFF35, 0xFFDE, 0xFFDE, 0xFFDE, 0xFFDE, 0xFFDE, 0xFFDE,
    0xFFDE, 0xFFDE, 0xFFDE, 0xFFDE, 0xFFDE, 0xFFDE, 0xFFDE, 0xFFDE, 0xFFDE, 0xFFDE, 0xFFDE, 0xFFDE,
    0xEF5C, 0x5A28, 0x3924, 0x4165, 0x4165, 0x4165, 0x4165, 0x4165, 0x4166, 0x4166, 0x4165, 0x4165,
    0x4165, 0x4165, 0x4165, 0x4165, 0x4165, 0x4165, 0x4165, 0x8BAE, 0xFFDE, 0xFFDE, 0xFFDE, 0xFFDE,
    0xFFDE, 0xFFDE, 0xFFDE, 0xFFDE, 0xFFDE, 0xFFDE, 0xFFDE, 0xFFDE, 0xFFDE, 0xFFDE, 0xFFDE, 0xFFDE,
    0xFFDE, 0xFFDE, 0xFFDE, 0xFFDE, 0xFFDE, 0xFFDE, 0xFFDE, 0xFFDE, 0xFFDE, 0x7B4C, 0x49A6, 0x51E7,
    0x51E7, 0x49C7, 0x49C6, 0x49A6, 0x49A6, 0x4186, 0x49A6, 0x49A6, 0x49A6, 0x49A6, 0x49A6, 0x49C6,
    0x51C6, 0x51E6, 0x51E7, 0x51E7, 0x4185, 0xFFDE, 0xFFDE, 0xFFDE, 0xFFDE, 0xFFDE, 0xFFDE, 0xFFDE,
    0xFFDE, 0xFFDE, 0xFFDE, 0xFFDE, 0xFFDE, 0xFFDE, 0xFFDE, 0xFFDE, 0xFFDE, 0xFFDE, 0xFFDE, 0xFFDE,
    0xFFDE, 0xFFDE, 0xFFDE, 0xFFDE, 0xFFDE, 0xFFDE, 0xFFDE, 0xFFDE, 0xFFDE, 0xFFDE, 0xFFDE, 0xFFDE,
    0xFFDE, 0xFFDE, 0xFFDE, 0xFFDE, 0xFFDE, 0xFFDE, 0xFFDE, 0xFFDE, 0xFFDE, 0xFFDE, 0xFFDE, 0xFFDE,
    0xFFDE, 0xFFDE, 0xFFDE, 0xFFDE, 0xFFDE, 0xFFDE, 0xFFDE, 0xFECF, 0xFE28, 0xFE6B, 0xFE4B, 0xFE4A,
    0xFDA6, 0xFD65, 0xFDA6, 0xFD85, 0xFDC6, 0xFF56, 0xFFDE, 0xFFDE, 0xFFDE, 0xFFDE, 0xFFDE, 0xFFDE,
    0xFFDE, 0xFFDE, 0xFFDE, 0xFFDE, 0xFFDE, 0xFFDE, 0xFFDE, 0xFFDE, 0xFFDE, 0xFFDE, 0xFFDE, 0xFFDE,
    0xFFDE, 0x72EB, 0x5208, 0x5A49, 0x5A48, 0x5A48, 0x5A48, 0x5A48, 0x5A48, 0x5A28, 0x5A28, 0x5A28,
    0x5A28, 0x5A28, 0x5A28, 0x5A28, 0x5A28, 0x5A28, 0x49C6, 0x836D, 0xFFDE, 0xFFDE, 0xFFDE, 0xFFDE,
    0xFFDE, 0xFFDE, 0xFFDE, 0xFFDE, 0xFFDE, 0xFFDE, 0xFFDE, 0xFFDE, 0xFFDE, 0xFFDE, 0xFFDE, 0xFFDE,
    0xFFDE, 0xFFDE, 0xFFDE, 0xFFDE, 0xFFDE, 0xFFDE, 0xFFDE, 0xFFDE, 0xFFDE, 0x6289, 0x49A6, 0x51E7,
    0x51E7, 0x49E7, 0x49E7, 0x49C7, 0x49C7, 0x49C7, 0x49C7, 0x49C7, 0x49C7, 0x49C7, 0x49C7, 0x51E7,
    0x51E7, 0x5207, 0x5207, 0x5A28, 0x4185, 0xFFDE, 0xFFDE, 0xFFDE, 0xFFDE, 0xFFDE, 0xFFDE, 0xFFDE,
    0xFFDE, 0xFFDE, 0xFFDE, 0xFFDE, 0xFFDE, 0xFFDE, 0xFFDE, 0xFFDE, 0xFFDE, 0xFFDE, 0xFFDE, 0xFFDE,
    0xFFDE, 0xFFDE, 0xFFDE, 0xFFDE, 0xFFDE, 0xFFDE, 0xFFDE, 0xFFDE, 0xFFDE, 0xFFDE, 0xFFDE, 0xFFDE,
    0xFFDE, 0xFFDE, 0xFFDE, 0xFFDE, 0xFFDE, 0xFFDE, 0xFFDE, 0xFFDE, 0xFFDE, 0xFFDE, 0xFFDE, 0xFFDE,
    0xFFDE, 0xFFDE, 0xFFDE, 0xFFDE, 0xFFDE, 0xFFDE, 0xFFDE, 0xFED0, 0xFE07, 0xFE4A, 0xFE2A, 0xFE09,
    0xFDC7, 0xF586, 0xF5A7, 0xFDA6, 0xFE09, 0xFF78, 0xFFDE, 0xFFDE, 0xFFDE, 0xFFDE, 0xFFDE, 0xFFDE,
    0xFFDE, 0xFFDE, 0xFFDE, 0xFFDE, 0xFFDE, 0xFFDE, 0xFFDE, 0xFFDE, 0xFFDE, 0xFFDE, 0xFFDE, 0xFFDE,
    0xFFDE, 0x6B0B, 0x5A28, 0x6249, 0x6269, 0x6249, 0x6249, 0x6248, 0x5A48, 0x5A48, 0x5A48, 0x5A28,
    0x5A28, 0x5A28, 0x5A28, 0x5A28, 0x5A28, 0x5A28, 0x51E7, 0x83AE, 0xFFDE, 0xFFDE, 0xFFDE, 0xFFDE,
    0xFFDE, 0xFFDE, 0xFFDE, 0xFFDE, 0xFFDE, 0xFFDE, 0xFFDE, 0xFFDE, 0xFFDE, 0xFFDE, 0xFFDE, 0xFFDE,
    0xFFDE, 0xFFDE, 0xFFDE, 0xFFDE, 0xFFDE, 0xFFDE, 0xFF7A, 0xFF18, 0xFF18, 0x5A28, 0x51E7, 0x5207,
    0x5207, 0x5207, 0x5207, 0x5207, 0x5207, 0x5207, 0x5207, 0x5207, 0x5208, 0x5228, 0x5228, 0x5A28,
    0x5A48, 0x5A48, 0x5A68, 0x6289, 0x5207, 0xFFDE, 0xFFDE, 0xFFDE, 0xFFDE, 0xFFDE, 0xFFDE, 0xFFDE,
    0xFFDE, 0xFFDE, 0xFFDE, 0xFFDE, 0xFFDE, 0xFFDE, 0xFFDE, 0xFFDE, 0xFFDE, 0xFFDE, 0xFFDE, 0xFFDE,
    0xFFDE, 0xFFDE, 0xFFDE, 0xFFDE, 0xFFDE, 0xFFDE, 0xFFDE, 0xFFDE, 0xFFDE, 0xFFDE, 0xFFDE, 0xFFDE,
    0xFFDE, 0xFFDE, 0xFFDE, 0xFFDE, 0xFFDE, 0xFFDE, 0xFFDE, 0xFFDE, 0xFFDE, 0xFFDE, 0xFFDE, 0xFFDE,
    0xFFDE, 0xFFDE, 0xFFDE, 0xFFDE, 0xFFDE, 0xFFDE, 0xFFDE, 0xFFDE, 0xFFDE, 0xFFDE, 0xFFDE, 0xFFDE,
    0xFFDE, 0xFFDE, 0xFFDE, 0xFFDE, 0xFFDE, 0xFFDE, 0xFFDE, 0xFFDE, 0xFFDE, 0xFFDE, 0xFFDE, 0xFFDE,
    0xD679, 0xD679, 0xD679, 0xD699, 0xD699, 0xD699, 0xD679, 0xD678, 0xCE58, 0xCE58, 0xCE58, 0xD658,
    0xD699, 0x83AE, 0x5A49, 0x6289, 0x6A89, 0x6A89, 0x6A89, 0x6289, 0x6289, 0x6289, 0x6289, 0x6269,
    0x6269, 0x6268, 0x6269, 0x6269, 0x6269, 0x6A89, 0x5A48, 0x9430, 0xFFDE, 0xFFDE, 0xFFDE, 0xFFDE,
    0xFFDE, 0xFFDE, 0xFFDE, 0xFFDE, 0xFFDE, 0xFFDE, 0xFFDE, 0xFFDE, 0xFFDE, 0xFFDE, 0xFFDE, 0xFFDE,
    0xFFDE, 0xFFDE, 0xFFDE, 0xFFDE, 0xFFDE, 0xFFDE, 0xFF39, 0xF6F8, 0xFF39, 0x5A48, 0x49A6, 0x49C6,
    0x51E6, 0x51E6, 0x49C6, 0x49C6, 0x49C6, 0x49A6, 0x49C6, 0x49C7, 0x49C7, 0x49C7, 0x49C7, 0x49C7,
    0x51E7, 0x51E7, 0x5A08, 0x6249, 0x5207, 0xD69A, 0xDEB9, 0xD699, 0xDEB9, 0xD699, 0xDEDA, 0xFFDE,
    0xFFDE, 0xFFDE, 0xFFDE, 0xFFDE, 0xFFDE, 0xFFDE, 0xFFDE, 0xFFDE, 0xFFDE, 0xFFDE, 0xFFDE, 0xFFDE,
    0xFFDE, 0xFFDE, 0xFFDE, 0xFFDE, 0xFFDE, 0xFFDE, 0xFFDE, 0xFFDE, 0xFFDE, 0xFFDE, 0xFFDE, 0xFFDE,
    0xFFDE, 0xFFDE, 0xFFDE, 0xFFDE, 0xFFDE, 0xFFDE, 0xFFDE, 0xFFDE, 0xFFDE, 0xFFDE, 0xFFDE, 0xFFDE,
    0xFFDE, 0xFFDE, 0xFFDE, 0xFFDE, 0xFFDE, 0xFFDE, 0xFFDE, 0xFFDE, 0xFFDE, 0xFFDE, 0xFFDE, 0xFFDE,
    0xFFDE, 0xFFDE, 0xFFDE, 0xFFDE, 0xFFDE, 0xFFDE, 0xFFDE, 0xFFDE, 0xFFDE, 0xFFDE, 0xFFDE, 0xDED9,
    0x5A69, 0x6269, 0x6289, 0x6289, 0x6289, 0x6289, 0x6269, 0x6269, 0x5A48, 0x5A48, 0x5A28, 0x5A07,
    0xAD13, 0xE71B, 0xD657, 0xD678, 0xD699, 0xD699, 0xD699, 0xD699, 0xD679, 0xD679, 0xD678, 0xD678,
    0xD658, 0xD658, 0xD658, 0xD658, 0xD658, 0xD679, 0xD679, 0xE6FB, 0xFFDE, 0xFFDE, 0xFFDE, 0xFFDE,
    0xFFDE, 0xFFDE, 0xFFDE, 0xFFDE, 0xFFDE, 0xFFDE, 0xFFDE, 0xFFDE, 0xFFDE, 0xFFDE, 0xFFDE, 0xFFDE,
    0xFFDE, 0xFFDE, 0xFFDE, 0xFFDE, 0xFFDE, 0xFFDE, 0xFFDE, 0xFFDE, 0xFFDE, 0xC5F6, 0xB575, 0xB575,
    0xB575, 0xB575, 0xB554, 0xB554, 0xB554, 0xB554, 0xB554, 0xB554, 0xB554, 0xB554, 0xB554, 0xB554,
    0xB575, 0xBD75, 0xBD95, 0xC5D6, 0xC5F5, 0x6289, 0x6ACA, 0x6ACA, 0x72EA, 0x6269, 0x83AD, 0xFFDE,
    0xFFDE, 0xFFDE, 0xFFDE, 0xFFDE, 0xFFDE, 0xFFDE, 0xFFDE, 0xFFDE, 0xFFDE, 0xFFDE, 0xFFDE, 0xFFDE,
    0xFFDE, 0xFFDE, 0xFFDE, 0xFFDE, 0xFFDE, 0xFFDE, 0xFFDE, 0xFFDE, 0xFFDE, 0xFFDE, 0xFFDE, 0xFFDE,
    0xFFDE, 0xFFDE, 0xFFDE, 0xFFDE, 0xFFDE, 0xFFDE, 0xFFDE, 0xFFDE, 0xFFDE, 0xFFDE, 0xFFDE, 0xFFDE,
    0xFFDE, 0xFFDE, 0xFFDE, 0xFFDE, 0xFFDE, 0xFFDE, 0xFFDE, 0xFFDE, 0xFFDE, 0xFFDE, 0xFFDE, 0xFFDE,
    0xFFDE, 0xFFDE, 0xFFDE, 0xFFDE, 0xFFDE, 0xFFDE, 0xFFDE, 0xFFDE, 0xFFDE, 0xFFDE, 0xFFDE, 0xDE79,
    0x4186, 0x51E7, 0x51E7, 0x51E7, 0x51C7, 0x51C7, 0x51C7, 0x51C7, 0x51C7, 0x51E7, 0x49A6, 0x49A6,
    0xC5B5, 0xFFDE, 0xFFDE, 0xFFDE, 0xFFDE, 0xFFDE, 0xFFDE, 0xFFDE, 0xFFDE, 0xFFDE, 0xFFDE, 0xFFDE,
    0xFFDE, 0xFFDE, 0xFFDE, 0xFFDE, 0xFFDE, 0xFFDE, 0xFFDE, 0xFFDE, 0xFFDE, 0xFFDE, 0xFFDE, 0xFFDE,
    0xFFDE, 0xFFDE, 0xFFDE, 0xFFDE, 0xFFDE, 0xFFDE, 0xFFDE, 0xFFDE, 0xFFDE, 0xFFDE, 0xFFDE, 0xFFDE,
    0xFFDE, 0xFFDE, 0xFFDE, 0xFFDE, 0xFFDE, 0xFFDE, 0xFFDE, 0xFFDE, 0xFFDE, 0xFFDE, 0xFFDE, 0xFFDE,
    0xFFDE, 0xFFDE, 0xFFDE, 0xFFDE, 0xFFDE, 0xFFDE, 0xFFDE, 0xFFDE, 0xFFDE, 0xFFDE, 0xFFDE, 0xFFDE,
    0xFFDE, 0xFFDE, 0xFFDE, 0xFFDE, 0xFFDE, 0x49A6, 0x51E7, 0x5A07, 0x5A07, 0x49A6, 0x730B, 0xEF5C,
    0xFFDE, 0xFFDE, 0xFFDE, 0xFFDE, 0xFFDE, 0xFFDE, 0xFFDE, 0xFFDE, 0xFFDE, 0xFFDE, 0xFFDE, 0xFFDE,
    0xFFDE, 0xFFDE, 0xFFDE, 0xFFDE, 0xFFDE, 0xFFDE, 0xFFDE, 0xFFDE, 0xFFDE, 0xFFDE, 0xFFDE, 0xFFDE,
    0xFFDE, 0xFFDE, 0xFFDE, 0xFFDE, 0xFFDE, 0xFFDE, 0xFFDE, 0xFFDE, 0xFFDE, 0xFFDE, 0xFFDE, 0xFFDE,
    0xFFDE, 0xFFDE, 0xFFDE, 0xFFDE, 0xFFDE, 0xFFDE, 0xFFDE, 0xFFDE, 0xFFDE, 0xFFDE, 0xFFDE, 0xFFDE,
    0xFFDE, 0xFFDE, 0xFFDE, 0xFFDE, 0xFFDE, 0xFFDE, 0xFFDE, 0xFFDE, 0xFFDE, 0xFFDE, 0xFFDE, 0xD698,
    0x51E7, 0x6269, 0x6269, 0x6249, 0x6249, 0x5A49, 0x5A49, 0x5A49, 0x5A49, 0x5A48, 0x5A08, 0x5A28,
    0xC5B5, 0xFFDE, 0xF75B, 0xFFDE, 0xFFDE, 0xFFDE, 0xFFDE, 0xFFDE, 0xFFDE, 0xFFDE, 0xFFDE, 0xFFDE,
    0xFFDE, 0xFFDE, 0xFFDE, 0xFFDE, 0xFFDE, 0xFFDE, 0xFFDE, 0xFFDE, 0xFFDE, 0xFFDE, 0xFFDE, 0xFFDE,
    0xFFDE, 0xFFDE, 0xFFDE, 0xFFDE, 0xFFDE, 0xFFDE, 0xFFDE, 0xFFDE, 0xFFDE, 0xFFDE, 0xFFDE, 0xFFDE,
    0xFFDE, 0xFFDE, 0xFFDE, 0xFFDE, 0xFFDE, 0xFFDE, 0xFFDE, 0xFFDE, 0xFFDE, 0xFFDE, 0xFFDE, 0xFFDE,
    0xFFDE, 0xFFDE, 0xFFDE, 0xFFDE, 0xFFDE, 0xFFDE, 0xFFDE, 0xFFDE, 0xFFDE, 0xFFDE, 0xFFDE, 0xFFDE,
    0xF75B, 0xEF5C, 0xEF5C, 0xFFDE, 0xFFDE, 0x5A07, 0x6248, 0x6248, 0x6269, 0x5A27, 0x732B, 0xEF3C,
    0xFFDE, 0xFFDE, 0xFFDE, 0xFFDE, 0xFFDE, 0xFFDE, 0xFFDE, 0xFFDE, 0xFFDE, 0xFFDE, 0xFFDE, 0xFFDE,
    0xFFDE, 0xFFDE, 0xFFDE, 0xFFDE, 0xFFDE, 0xFFDE, 0xFFDE, 0xFFDE, 0xFFDE, 0xFFDE, 0xFFDE, 0xFFDE,
    0xFFDE, 0xFFDE, 0xFFDE, 0xFFDE, 0xFFDE, 0xFFDE, 0xFFDE, 0xFFDE, 0xFFDE, 0xFFDE, 0xFFDE, 0xFFDE,
    0xFFDE, 0xFFDE, 0xFFDE, 0xFFDE, 0xFFDE, 0xFFDE, 0xFFDE, 0xFFDE, 0xFFDE, 0xFFDE, 0xFFDE, 0xFFDE,
    0xFFDE, 0xFFDE, 0xFFDE, 0xFFDE, 0xFFDE, 0xFFDE, 0xFFDE, 0xFFDE, 0xFFDE, 0xFFDE, 0xFFDE, 0xD698,
    0x49C6, 0x5A48, 0x5A48, 0x5A48, 0x5A49, 0x5A48, 0x5A28, 0x5A28, 0x5A28, 0x5A28, 0x51E7, 0x51E7,
    0xC5B5, 0xFFDE, 0xFFDE, 0xFFDE, 0xFFDE, 0xFFDE, 0xFFDE, 0xFFDE, 0xFFDE, 0xFFDE, 0xFFDE, 0xFFDE,
    0xFFDE, 0xFFDE, 0xFFDE, 0xFFDE, 0xFFDE, 0xFFDE, 0xFFDE, 0xFFDE, 0xFFDE, 0xFFDE, 0xFFDE, 0xFFDE,
    0xFFDE, 0xFFDE, 0xFFDE, 0xFFDE, 0xFFDE, 0xFFDE, 0xFFDE, 0xFFDE, 0xFFDE, 0xFFDE, 0xFFDE, 0xFFDE,
    0xFFDE, 0xFFDE, 0xFFDE, 0xFFDE, 0xFFDE, 0xFFDE, 0xFFDE, 0xFFDE, 0xFFDE, 0xFFDE, 0xFFDE, 0xFFDE,
    0xFFDE, 0xFFDE, 0xFFDE, 0xFFDE, 0xFFDE, 0xFFDE, 0xFFDE, 0xFFDE, 0xFFDE, 0xFFDE, 0xFFDE, 0xFFDE,
    0xFFDE, 0xFFDE, 0xFFDE, 0xFFDE, 0xFFDE, 0x59E7, 0x5A28, 0x6248, 0x6269, 0x5207, 0x730B, 0xEF5D,
    0xFFDE, 0xFFDE, 0xFFDE, 0xFFDE, 0xFFDE, 0xFFDE, 0xFFDE, 0xFFDE, 0xFFDE, 0xFFDE, 0xFFDE, 0xFFDE,
    0xFFDE, 0xFFDE, 0xFFDE, 0xFFDE, 0xFFDE, 0xFFDE, 0xFFDE, 0xFFDE, 0xFFDE, 0xFFDE, 0xFFDE, 0xFFDE,
    0xFFDE, 0xFFDE, 0xFFDE, 0xFFDE, 0xFFDE, 0xFFDE, 0xFFDE, 0xFFDE, 0xFFDE, 0xFFDE, 0xFFDE, 0xFFDE,
    0xFFDE, 0xFFDE, 0xFFDE, 0xFFDE, 0xFFDE, 0xFFDE, 0xFFDE, 0xFFDE, 0xFFDE, 0xFFDE, 0xFFDE, 0xFFDE,
    0xFFDE, 0xFFDE, 0xFFDE, 0xFFDE, 0xFFDE, 0xFFDE, 0xFFDE, 0xFFDE, 0xFFDE, 0xFFDE, 0xFFDE, 0xDEB9,
    0x49A6, 0x5A28, 0x5207, 0x51C7, 0x51C7, 0x51C6, 0x49C7, 0x49C6, 0x49A6, 0x51A6, 0x4986, 0x4985,
    0xC5B5, 0xFFDE, 0xFFDE, 0xFFDE, 0xFFDE, 0xFFDE, 0xFFDE, 0xFFDE, 0xFFDE, 0xFFDE, 0xFFDE, 0xFFDE,
    0xFFDE, 0xFFDE, 0xFFDE, 0xFFDE, 0xFFDE, 0xFFDE, 0xFFDE, 0xFFDE, 0xFFDE, 0xFFDE, 0xFFDE, 0xFFDE,
    0xFFDE, 0xFFDE, 0xFFDE, 0xFFDE, 0xFFDE, 0xFFDE, 0xFFDE, 0xFFDE, 0xFFDE, 0xFFDE, 0xFFDE, 0xFFDE,
    0xFFDE, 0xFFDE, 0xFFDE, 0xFFDE, 0xFFDE, 0xFFDE, 0xFFDE, 0xFFDE, 0xFFDE, 0xFFDE, 0xFFDE, 0xFFDE,
    0xFFDE, 0xFFDE, 0xFFDE, 0xFFDE, 0xFFDE, 0xFFDE, 0xFFDE, 0xFFDE, 0xFFDE, 0xFFDE, 0xFFDE, 0xFFDE,
    0xFFDE, 0xFFDE, 0xFFDE, 0xFFDE, 0xFFDE, 0x4965, 0x51C6, 0x51C6, 0x51E7, 0x4165, 0x6AA9, 0xEF3C,
    0xFFDE, 0xFFDE, 0xFFDE, 0xFFDE, 0xFFDE, 0xFFDE, 0xFFDE, 0xFFDE, 0xFFDE, 0xFFDE, 0xFFDE, 0xFFDE,
    0xFFDE, 0xFFDE, 0xFFDE, 0xFFDE, 0xFFDE, 0xFFDE, 0xFFDE, 0xFFDE, 0xFFDE, 0xFFDE, 0xFFDE, 0xFFDE,
    0xFFDE, 0xFFDE, 0xFFDE, 0xFFDE, 0xFFDE, 0xFFDE, 0xFFDE, 0xFFDE, 0xFFDE, 0xFFDE, 0xFFDE, 0xFFDE,
    0xFFDE, 0xFFDE, 0xFFDE, 0xFFDE, 0xFFDE, 0xFFDE, 0xFFDE, 0xFFDE, 0xFFDE, 0xFFDE, 0xFFDE, 0xFFDE,
    0xFFDE, 0xFFDE, 0xFFDE, 0xFFDE, 0xFFDE, 0xFFDE, 0xFFDE, 0xB574, 0xBD95, 0xBD95, 0xC5D6, 0xA4F2,
    0x51E7, 0x5A07, 0x6AAA, 0x7B4C, 0x7B2C, 0x7B4C, 0x7B6C, 0x836D, 0x838D, 0x8BAE, 0x8BAE, 0x8BCE,
    0xDE98, 0xFFDE, 0xFFDE, 0xFFDE, 0xFFDE, 0xFFDE, 0xFFDE, 0xFFDE, 0xFFDE, 0xFFDE, 0xFFDE, 0xFFDE,
    0xFFDE, 0xFFDE, 0xFFDE, 0xFFDE, 0xFFDE, 0xFFDE, 0xFFDE, 0xFFDE, 0xFFDE, 0xFFDE, 0xFFDE, 0xFFDE,
    0xFFDE, 0xFFDE, 0xFFDE, 0xFFDE, 0xFFDE, 0xFFDE, 0xFFDE, 0xFFDE, 0xFFDE, 0xFFDE, 0xFFDE, 0xFFDE,
    0xFFDE, 0xFFDE, 0xFFDE, 0xFFDE, 0xFFDE, 0xFFDE, 0xFFDE, 0xFFDE, 0xFFDE, 0xFFDE, 0xFFDE, 0xFFDE,
    0xFFDE, 0xFFDE, 0xFFDE, 0xFFDE, 0xFFDE, 0xFFDE, 0xFFDE, 0xFFDE, 0xFFDE, 0xFFDE, 0xFFDE, 0xFFDE,
    0xFFDE, 0xFFDE, 0xFFDE, 0xFFDE, 0xFFDE, 0x6228, 0x6A89, 0x6AA9, 0x6AAA, 0x6268, 0x6AEA, 0x9C91,
    0xA4D1, 0xB553, 0xFFDE, 0xFFDE, 0xFFDE, 0xFFDE, 0xFFDE, 0xFFDE, 0xFFDE, 0xFFDE, 0xFFDE, 0xFFDE,
    0xFFDE, 0xFFDE, 0xFFDE, 0xFFDE, 0xFFDE, 0xFFDE, 0xFFDE, 0xFFDE, 0xFFDE, 0xFFDE, 0xFFDE, 0xFFDE,
    0xFFDE, 0xFFDE, 0xFFDE, 0xFFDE, 0xFFDE, 0xFFDE, 0xFFDE, 0xFFDE, 0xFFDE, 0xFFDE, 0xFFDE, 0xFFDE,
    0xFFDE, 0xFFDE, 0xFFDE, 0xFFDE, 0xFFDE, 0xFFDE, 0xFFDE, 0xFFDE, 0xFFDE, 0xFFDE, 0xFFDE, 0xFFDE,
    0xFFDE, 0xFFDE, 0xFFDE, 0xFFDE, 0xFFDE, 0xFFDE, 0xE71B, 0x4165, 0x49E7, 0x49C6, 0x49A6, 0x5207,
    0x5207, 0x5207, 0xAD13, 0xFFDE, 0xEF5C, 0xFFDE, 0xFFDE, 0xFFDE, 0xFFDE, 0xFFDE, 0xFFDE, 0xFFDE,
    0xFFDE, 0xFFDE, 0xFFDE, 0xFFDE, 0xFFDE, 0xFFDE, 0xFFDE, 0xFFDE, 0xFFDE, 0xFFDE, 0xFFDE, 0xFFDE,
    0xFFDE, 0xFFDE, 0xFFDE, 0xFFDE, 0xFFDE, 0xFFDE, 0xFFDE, 0xFFDE, 0xFFDE, 0xFFDE, 0xFFDE, 0xFFDE,
    0xFFDE, 0xFFDE, 0xFFDE, 0xFFDE, 0xFFDE, 0xFFDE, 0xFFDE, 0xFFDE, 0xFFDE, 0xFFDE, 0xFFDE, 0xFFDE,
    0xFFDE, 0xFFDE, 0xFFDE, 0xFFDE, 0xFFDE, 0xFFDE, 0xFFDE, 0xFFDE, 0xFFDE, 0xFFDE, 0xFFDE, 0xFFDE,
    0xFFDE, 0xFFDE, 0xFFDE, 0xFFDE, 0xFFDE, 0xFFDE, 0xFFDE, 0xFFDE, 0xFFDE, 0xFFDE, 0xFFDE, 0xFFDE,
    0xFFDE, 0xFFDE, 0xFFDE, 0xFFDE, 0xFFDE, 0xD637, 0xD657, 0xDE78, 0xD678, 0xDEB9, 0xACD2, 0x49A6,
    0x3924, 0x4185, 0xD657, 0xFFDE, 0xFFDE, 0xFFDE, 0xFFDE, 0xFFDE, 0xFFDE, 0xFFDE, 0xFFDE, 0xFFDE,
    0xFFDE, 0xFFDE, 0xFFDE, 0xFFDE, 0xFFDE, 0xFFDE, 0xFFDE, 0xFFDE, 0xFFDE, 0xFFDE, 0xFFDE, 0xFFDE,
    0xFFDE, 0xFFDE, 0xFFDE, 0xFFDE, 0xFFDE, 0xFFDE, 0xFFDE, 0xFFDE, 0xFFDE, 0xFFDE, 0xFFDE, 0xFFDE,
    0xFFDE, 0xFFDE, 0xFFDE, 0xFFDE, 0xFFDE, 0xFFDE, 0xFFDE, 0xFFDE, 0xFFDE, 0xFFDE, 0xFFDE, 0xFFDE,
    0xFFDE, 0xFFDE, 0xFFDE, 0xFFDE, 0xFFDE, 0xFFDE, 0xE6FA, 0x5208, 0x5A69, 0x5A48, 0x5A48, 0x5A48,
    0x5207, 0x5A07, 0xC5D6, 0xFFDE, 0xFFDE, 0xFFDE, 0xFFDE, 0xFFDE, 0xFFDE, 0xFFDE, 0xFFDE, 0xFFDE,
    0xFFDE, 0xFFDE, 0xFFDE, 0xFFDE, 0xFFDE, 0xFFDE, 0xFFDE, 0xFFDE, 0xFFDE, 0xFFDE, 0xFFDE, 0xFFDE,
    0xFFDE, 0xFFDE, 0xFFDE, 0xFFDE, 0xFFDE, 0xFFDE, 0xFFDE, 0xFFDE, 0xFFDE, 0xFFDE, 0xFFDE, 0xFFDE,
    0xFFDE, 0xFFDE, 0xFFDE, 0xFFDE, 0xFFDE, 0xFFDE, 0xFFDE, 0xFFDE, 0xFFDE, 0xFFDE, 0xFFDE, 0xFFDE,
    0xFFDE, 0xFFDE, 0xFFDE, 0xFFDE, 0xFFDE, 0xFFDE, 0xFFDE, 0xFFDE, 0xFFDE, 0xFFDE, 0xFFDE, 0xFFDE,
    0xFFDE, 0xFFDE, 0xFFDE, 0xFFDE, 0xFFDE, 0xFFDE, 0xFFDE, 0xFFDE, 0xFFDE, 0xFFDE, 0xFFDE, 0xFFDE,
    0xFFDE, 0xFFDE, 0xFFDE, 0xFFDE, 0xFFDE, 0xFFDE, 0xFFDE, 0xFFDE, 0xFFDE, 0xFFDE, 0xC5D6, 0x5A48,
    0x5A28, 0x49A6, 0xBDB5, 0xFFDE, 0xFFDE, 0xFFDE, 0xFFDE, 0xFFDE, 0xFFDE, 0xFFDE, 0xFFDE, 0xFFDE,
    0xFFDE, 0xFFDE, 0xFFDE, 0xFFDE, 0xFFDE, 0xFFDE, 0xFFDE, 0xFFDE, 0xFFDE, 0xFFDE, 0xFFDE, 0xFFDE,
    0xFFDE, 0xFFDE, 0xFFDE, 0xFFDE, 0xFFDE, 0xFFDE, 0xFFDE, 0xFFDE, 0xFFDE, 0xFFDE, 0xFFDE, 0xFFDE,
    0xFFDE, 0xFFDE, 0xFFDE, 0xFFDE, 0xFFDE, 0xFFDE, 0xFFDE, 0xFFDE, 0xFFDE, 0xFFDE, 0xFFDE, 0xFFDE,
    0xFFDE, 0xFFDE, 0xFFDE, 0xFFDE, 0xFFDE, 0xFFDE, 0xE6FA, 0x5208, 0x5A48, 0x5A28, 0x5A48, 0x5A48,
    0x5A28, 0x5A48, 0xC5D6, 0xFFDE, 0xFFDE, 0xFFDE, 0xFFDE, 0xFFDE, 0xFFDE, 0xFFDE, 0xFFDE, 0xFFDE,
    0xFFDE, 0xFFDE, 0xFFDE, 0xFFDE, 0xFFDE, 0xFFDE, 0xFFDE, 0xFFDE, 0xFFDE, 0xFFDE, 0xFFDE, 0xFFDE,
    0xFFDE, 0xFFDE, 0xFFDE, 0xFFDE, 0xFFDE, 0xFFDE, 0xFFDE, 0xFFDE, 0xFFDE, 0xFFDE, 0xFFDE, 0xFFDE,
    0xFFDE, 0xFFDE, 0xFFDE, 0xFFDE, 0xFFDE, 0xFFDE, 0xFFDE, 0xFFDE, 0xFFDE, 0xFFDE, 0xFFDE, 0xFFDE,
    0xFFDE, 0xFFDE, 0xFFDE, 0xFFDE, 0xFFDE, 0xFFDE, 0xFFDE, 0xFFDE, 0xFFDE, 0xFFDE, 0xFFDE, 0xFFDE,
    0xFFDE, 0xFFDE, 0xFFDE, 0xFFDE, 0xFFDE, 0xFFDE, 0xFFDE, 0xFFDE, 0xFFDE, 0xFFDE, 0xFFDE, 0xFFDE,
    0xFFDE, 0xFFDE, 0xFFDE, 0xFFDE, 0xFFDE, 0xFFDE, 0xFFDE, 0xFFDE, 0xEF5B, 0xFFDE, 0xC5B5, 0x5207,
    0x49C7, 0x4185, 0xBDB5, 0xFFDE, 0xFFDE, 0xFFDE, 0xFFDE, 0xFFDE, 0xFFDE, 0xFFDE, 0xFFDE, 0xFFDE,
    0xFFDE, 0xFFDE, 0xFFDE, 0xFFDE, 0xFFDE, 0xFFDE, 0xFFDE, 0xFFDE, 0xFFDE, 0xFFDE, 0xFFDE, 0xFFDE,
    0xFFDE, 0xFFDE, 0xFFDE, 0xFFDE, 0xFFDE, 0xFFDE, 0xFFDE, 0xFFDE, 0xFFDE, 0xFFDE, 0xFFDE, 0xFFDE,
    0xFFDE, 0xFFDE, 0xFFDE, 0xFFDE, 0xFFDE, 0xFFDE, 0xFFDE, 0xFFDE, 0xFFDE, 0xFFDE, 0xFFDE, 0xFFDE,
    0xFFDE, 0xFFDE, 0xFFDE, 0xFFDE, 0xFFDE, 0xFFDE, 0xEF3B, 0x49C7, 0x5228, 0x5208, 0x5207, 0x5A07,
    0x51E7, 0x5A27, 0xCE17, 0xFFDE, 0xFFDE, 0xFFDE, 0xFFDE, 0xFFDE, 0xFFDE, 0xFFDE, 0xFFDE, 0xFFDE,
    0xFFDE, 0xFFDE, 0xFFDE, 0xFFDE, 0xFFDE, 0xFFDE, 0xFFDE, 0xFFDE, 0xFFDE, 0xFFDE, 0xFFDE, 0xFFDE,
    0xFFDE, 0xFFDE, 0xFFDE, 0xFFDE, 0xFFDE, 0xFFDE, 0xFFDE, 0xFFDE, 0xFFDE, 0xFFDE, 0xFFDE, 0xFFDE,
    0xFFDE, 0xFFDE, 0xFFDE, 0xFFDE, 0xFFDE, 0xFFDE, 0xFFDE, 0xFFDE, 0xFFDE, 0xFFDE, 0xFFDE, 0xFFDE,
    0xFFDE, 0xFFDE, 0xFFDE, 0xFFDE, 0xFFDE, 0xFFDE, 0xFFDE, 0xFFDE, 0xFFDE, 0xFFDE, 0xFFDE, 0xFFDE,
    0xFFDE, 0xFFDE, 0xFFDE, 0xFFDE, 0xFFDE, 0xFFDE, 0xFFDE, 0xFFDE, 0xFFDE, 0xFFDE, 0xFFDE, 0xFFDE,
    0xFFDE, 0xFFDE, 0xFFDE, 0xFFDE, 0xFFDE, 0xFFDE, 0xFFDE, 0xFFDE, 0xFFDE, 0xFFDE, 0xC5D6, 0x5207,
    0x49C6, 0x4164, 0xC5F6, 0xFFDE, 0xFFDE, 0xFFDE, 0xFFDE, 0xFFDE, 0xFFDE, 0xFFDE, 0xFFDE, 0xFFDE,
    0xFFDE, 0xFFDE, 0xFFDE, 0xFFDE, 0xFFDE, 0xFFDE, 0xFFDE, 0xFFDE, 0xFFDE, 0xFFDE, 0xFFDE, 0xFFDE,
    0xFFDE, 0xFFDE, 0xFFDE, 0xFFDE, 0xFFDE, 0xFFDE, 0xFFDE, 0xFFDE, 0xFFDE, 0xFFDE, 0xFFDE, 0xFFDE,
    0xFFDE, 0xFFDE, 0xFFDE, 0xFFDE, 0xFFDE, 0xFFDE, 0xFFDE, 0xFFDE, 0xFFDE, 0xFFDE, 0xFFDE, 0xFFDE,
    0xFFDE, 0xEF3B, 0xEF3B, 0xEF3B, 0xEF3B, 0xEF5C, 0xDE99, 0x4986, 0x51E7, 0x51C7, 0x51C7, 0x51E7,
    0x51A6, 0x59E6, 0xD617, 0xFFDE, 0xFFDE, 0xFFDE, 0xFFDE, 0xFFDE, 0xFFDE, 0xFFDE, 0xFFDE, 0xFFDE,
    0xFFDE, 0xFFDE, 0xFFDE, 0xFFDE, 0xFFDE, 0xFFDE, 0xFFDE, 0xFFDE, 0xFFDE, 0xFFDE, 0xFFDE, 0xFFDE,
    0xFFDE, 0xFFDE, 0xFFDE, 0xFFDE, 0xFFDE, 0xFFDE, 0xFFDE, 0xFFDE, 0xFFDE, 0xFFDE, 0xFFDE, 0xFFDE,
    0xFFDE, 0xFFDE, 0xFFDE, 0xFFDE, 0xFFDE, 0xFFDE, 0xFFDE, 0xFFDE, 0xFFDE, 0xFFDE, 0xFFDE, 0xFFDE,
    0xFFDE, 0xFFDE, 0xFFDE, 0xFFDE, 0xFFDE, 0xFFDE, 0xFFDE, 0xFFDE, 0xFFDE, 0xFFDE, 0xFFDE, 0xFFDE,
    0xFFDE, 0xFFDE, 0xFFDE, 0xFFDE, 0xFFDE, 0xFFDE, 0xFFDE, 0xFFDE, 0xFFDE, 0xFFDE, 0xFFDE, 0xFFDE,
    0xFFDE, 0xFFDE, 0xFFDE, 0xFFDE, 0xFFDE, 0xFFDE, 0xFFDE, 0xFFDE, 0xFFDE, 0xFFDE, 0xC5D6, 0x51E7,
    0x49A6, 0x4165, 0xA4B1, 0xDEB9, 0xDEBA, 0xDEDA, 0xFFDE, 0xFFDE, 0xFFDE, 0xFFDE, 0xFFDE, 0xFFDE,
    0xFFDE, 0xFFDE, 0xFFDE, 0xFFDE, 0xFFDE, 0xFFDE, 0xFFDE, 0xFFDE, 0xFFDE, 0xFFDE, 0xFFDE, 0xFFDE,
    0xFFDE, 0xFFDE, 0xFFDE, 0xFFDE, 0xFFDE, 0xFFDE, 0xFFDE, 0xFFDE, 0xFFDE, 0xFFDE, 0xFFDE, 0xFFDE,
    0xFFDE, 0xFFDE, 0xFFDE, 0xFFDE, 0xFFDE, 0xFFDE, 0xFFDE, 0xFFDE, 0xFFDE, 0xFFDE, 0xFFDE, 0xFFDE,
    0xDEB8, 0x732B, 0x7B6C, 0x83AD, 0x838D, 0x838D, 0xA4D2, 0xA4B2, 0xA4B2, 0xA4B2, 0xA4B2, 0x9C91,
    0x9C71, 0xA4B1, 0xE71B, 0xFFDE, 0xFFDE, 0xFFDE, 0xFFDE, 0xFFDE, 0xFFDE, 0xFFDE, 0xFFDE, 0xFFDE,
    0xFFDE, 0xFFDE, 0xFFDE, 0xFFDE, 0xFFDE, 0xFFDE, 0xFFDE, 0xFFDE, 0xFFDE, 0xFFDE, 0xFFDE, 0xFFDE,
    0xFFDE, 0xFFDE, 0xFFDE, 0xFFDE, 0xFFDE, 0xFFDE, 0xFFDE, 0xFFDE, 0xFFDE, 0xFFDE, 0xFFDE, 0xFFDE,
    0xFFDE, 0xFFDE, 0xFFDE, 0xFFDE, 0xFFDE, 0xFFDE, 0xFFDE, 0xFFDE, 0xFFDE, 0xFFDE, 0xFFDE, 0xFFDE,
    0xFFDE, 0xFFDE, 0xFFDE, 0xFFDE, 0xFFDE, 0xFFDE, 0xFFDE, 0xFFDE, 0xFFDE, 0xFFDE, 0xFFDE, 0xFFDE,
    0xFFDE, 0xFFDE, 0xFFDE, 0xFFDE, 0xFFDE, 0xFFDE, 0xFFDE, 0xFFDE, 0xFFDE, 0xFFDE, 0xFFDE, 0xFFDE,
    0xFFDE, 0xFFDE, 0xFFDE, 0xFFDE, 0xFFDE, 0xFFDE, 0xFFDE, 0xFFDE, 0xFFDE, 0xFFDE, 0xC5D6, 0x5207,
    0x49A6, 0x51E7, 0x51E6, 0x5A27, 0x6268, 0x5A47, 0xCE37, 0xFFDE, 0xFFDE, 0xFFDE, 0xFFDE, 0xFFDE,
    0xFFDE, 0xFFDE, 0xFFDE, 0xFFDE, 0xFFDE, 0xFFDE, 0xFFDE, 0xFFDE, 0xFFDE, 0xFFDE, 0xFFDE, 0xFFDE,
    0xFFDE, 0xFFDE, 0xFFDE, 0xFFDE, 0xFFDE, 0xFFDE, 0xFFDE, 0xFFDE, 0xFFDE, 0xFFDE, 0xFFDE, 0xFFDE,
    0xFFDE, 0xFFDE, 0xFFDE, 0xFFDE, 0xFFDE, 0xFFDE, 0xFFDE, 0xFFDE, 0xFFDE, 0xFFDE, 0xFFDE, 0xFFDE,
    0xCDF6, 0x4185, 0x5208, 0x5208, 0x51E7, 0x51E7, 0xA4D2, 0xFFDE, 0xFFDE, 0xFFDE, 0xFFDE, 0xFFDE,
    0xFFDE, 0xFFDE, 0xFFDE, 0xFFDE, 0xFFDE, 0xFFDE, 0xFFDE, 0xFFDE, 0xFFDE, 0xFFDE, 0xFFDE, 0xFFDE,
    0xFFDE, 0xFFDE, 0xFFDE, 0xFFDE, 0xFFDE, 0xFFDE, 0xFFDE, 0xFFDE, 0xFFDE, 0xFFDE, 0xFFDE, 0xFFDE,
    0xFFDE, 0xFFDE, 0xFFDE, 0xFFDE, 0xFFDE, 0xFFDE, 0xFFDE, 0xFFDE, 0xFFDE, 0xFFDE, 0xFFDE, 0xFFDE,
    0xFFDE, 0xFFDE, 0xFFDE, 0xFFDE, 0xFFDE, 0xFFDE, 0xFFDE, 0xFFDE, 0xFFDE, 0xFFDE, 0xFFDE, 0xFFDE,
    0xFFDE, 0xFFDE, 0xFFDE, 0xFFDE, 0xFFDE, 0xFFDE, 0xFFDE, 0xFFDE, 0xFFDE, 0xFFDE, 0xFFDE, 0xFFDE,
    0xFFDE, 0xFFDE, 0xFFDE, 0xFFDE, 0xFFDE, 0xFFDE, 0xFFDE, 0xFFDE, 0xFFDE, 0xFFDE, 0xFFDE, 0xFFDE,
    0xFFDE, 0xFFDE, 0xFFDE, 0xFFDE, 0xFFDE, 0xFFDE, 0xFFDE, 0xFFDE, 0xFFDE, 0xFFDE, 0xC5F6, 0x5207,
    0x49A6, 0x5207, 0x51E7, 0x5207, 0x5A07, 0x4144, 0xC5D5, 0xFFDE, 0xFFDE, 0xFFDE, 0xFFDE, 0xFFDE,
    0xFFDE, 0xFFDE, 0xFFDE, 0xFFDE, 0xFFDE, 0xFFDE, 0xFFDE, 0xFFDE, 0xFFDE, 0xFFDE, 0xFFDE, 0xFFDE,
    0xFFDE, 0xFFDE, 0xFFDE, 0xFFDE, 0xFFDE, 0xFFDE, 0xFFDE, 0xFFDE, 0xFFDE, 0xFFDE, 0xFFDE, 0xFFDE,
    0xFFDE, 0xFFDE, 0xFFDE, 0xFFDE, 0xFFDE, 0xFFDE, 0xFFDE, 0xFFDE, 0xFFDE, 0xFFDE, 0xFFDE, 0xFFDE,
    0xCE17, 0x5207, 0x6269, 0x6269, 0x5A48, 0x5A48, 0xACF2, 0xF75B, 0xFFDE, 0xFFDE, 0xFFDE, 0xFFDE,
    0xFFDE, 0xFFDE, 0xFFDE, 0xFFDE, 0xFFDE, 0xFFDE, 0xFFDE, 0xFFDE, 0xFFDE, 0xFFDE, 0xFFDE, 0xFFDE,
    0xFFDE, 0xFFDE, 0xFFDE, 0xFFDE, 0xFFDE, 0xFFDE, 0xFFDE, 0xFFDE, 0xFFDE, 0xFFDE, 0xFFDE, 0xFFDE,
    0xFFDE, 0xFFDE, 0xFFDE, 0xFFDE, 0xFFDE, 0xFFDE, 0xFFDE, 0xFFDE, 0xFFDE, 0xFFDE, 0xFFDE, 0xFFDE,
    0xFFDE, 0xFFDE, 0xFFDE, 0xFFDE, 0xFFDE, 0xFFDE, 0xFFDE, 0xFFDE, 0xFFDE, 0xFFDE, 0xFFDE, 0xFFDE,
    0xFFDE, 0xFFDE, 0xFFDE, 0xFFDE, 0xFFDE, 0xFFDE, 0xFFDE, 0xFFDE, 0xFFDE, 0xFFDE, 0xFFDE, 0xFFDE,
    0xFFDE, 0xFFDE, 0xFFDE, 0xFFDE, 0xFFDE, 0xFFDE, 0xFFDE, 0xFFDE, 0xFFDE, 0xFFDE, 0xFFDE, 0xFFDE,
    0xFFDE, 0xFFDE, 0xFFDE, 0xFFDE, 0xFFDE, 0xFFDE, 0xFFDE, 0xFFDE, 0xFFDE, 0xFFDE, 0xCE17, 0x5228,
    0x49C6, 0x5207, 0x5A08, 0x5A28, 0x6269, 0x49C6, 0xC5F6, 0xFFDE, 0xFFDE, 0xFFDE, 0xFFDE, 0xFFDE,
    0xFFDE, 0xFFDE, 0xFFDE, 0xFFDE, 0xFFDE, 0xFFDE, 0xFFDE, 0xFFDE, 0xFFDE, 0xFFDE, 0xFFDE, 0xFFDE,
    0xFFDE, 0xFFDE, 0xFFDE, 0xFFDE, 0xFFDE, 0xFFDE, 0xFFDE, 0xFFDE, 0xFFDE, 0xFFDE, 0xFFDE, 0xFFDE,
    0xFFDE, 0xFFDE, 0xFFDE, 0xFFDE, 0xFFDE, 0xFFDE, 0xFFDE, 0xFFDE, 0xFFDE, 0xFFDE, 0xFFDE, 0xFFDE,
    0xD658, 0x49E7, 0x6269, 0x5A69, 0x5A28, 0x5A28, 0xACD2, 0xFFDE, 0xFFDE, 0xFFDE, 0xFFDE, 0xFFDE,
    0xFFDE, 0xFFDE, 0xFFDE, 0xFFDE, 0xFFDE, 0xFFDE, 0xFFDE, 0xFFDE, 0xFFDE, 0xFFDE, 0xFFDE, 0xFFDE,
    0xFFDE, 0xFFDE, 0xFFDE, 0xFFDE, 0xFFDE, 0xFFDE, 0xFFDE, 0xFFDE, 0xFFDE, 0xFFDE, 0xFFDE, 0xFFDE,
    0xFFDE, 0xFFDE, 0xFFDE, 0xFFDE, 0xFFDE, 0xFFDE, 0xFFDE, 0xFFDE, 0xFFDE, 0xFFDE, 0xFFDE, 0xFFDE,
    0xFFDE, 0xFFDE, 0xFFDE, 0xFFDE, 0xFFDE, 0xFFDE, 0xFFDE, 0xFFDE, 0xFFDE, 0xFFDE, 0xFFDE, 0xFFDE,
    0xFFDE, 0xFFDE, 0xFFDE, 0xFFDE, 0xFFDE, 0xFFDE, 0xFFDE, 0xFFDE, 0xFFDE, 0xFFDE, 0xFFDE, 0xFFDE,
    0xFFDE, 0xFFDE, 0xFFDE, 0xFFDE, 0xFFDE, 0xFFDE, 0xFFDE, 0xFFDE, 0xFFDE, 0xFFDE, 0xFFDE, 0xFFDE,
    0xFFDE, 0xFFDE, 0xFFDE, 0xFFDE, 0xFFDE, 0xFFDE, 0xFFDE, 0xFFDE, 0xFFDE, 0xFFDE, 0xCE17, 0x5A28,
    0x51E7, 0x5A28, 0x5A28, 0x5A28, 0x6269, 0x49A6, 0xC5F6, 0xFFDE, 0xFFDE, 0xFFDE, 0xFFDE, 0xFFDE,
    0xFFDE, 0xFFDE, 0xFFDE, 0xFFDE, 0xFFDE, 0xFFDE, 0xFFDE, 0xFFDE, 0xFFDE, 0xFFDE, 0xFFDE, 0xFFDE,
    0xFFDE, 0xFFDE, 0xFFDE, 0xFFDE, 0xFFDE, 0xFFDE, 0xFFDE, 0xFFDE, 0xFFDE, 0xFFDE, 0xFFDE, 0xFFDE,
    0xFFDE, 0xFFDE, 0xFFDE, 0xFFDE, 0xFFDE, 0xFFDE, 0xFFDE, 0xFFDE, 0xFFDE, 0xFFDE, 0xFFDE, 0xFFDE,
    0xD658, 0x49C6, 0x5A28, 0x5A28, 0x5208, 0x5208, 0xACD2, 0xFFDE, 0xFFDE, 0xFFDE, 0xFFDE, 0xFFDE,
    0xFFDE, 0xFFDE, 0xFFDE, 0xFFDE, 0xFFDE, 0xFFDE, 0xFFDE, 0xFFDE, 0xFFDE, 0xFFDE, 0xFFDE, 0xFFDE,
    0xFFDE, 0xFFDE, 0xFFDE, 0xFFDE, 0xFFDE, 0xFFDE, 0xFFDE, 0xFFDE, 0xFFDE, 0xFFDE, 0xFFDE, 0xFFDE,
    0xFFDE, 0xFFDE, 0xFFDE, 0xFFDE, 0xFFDE, 0xFFDE, 0xFFDE, 0xFFDE, 0xFFDE, 0xFFDE, 0xFFDE, 0xFFDE,
    0xFFDE, 0xFFDE, 0xFFDE, 0xFFDE, 0xFFDE, 0xFFDE, 0xFFDE, 0xFFDE, 0xFFDE, 0xFFDE, 0xFFDE, 0xFFDE,
    0xFFDE, 0xFFDE, 0xFFDE, 0xFFDE, 0xFFDE, 0xFFDE, 0xFFDE, 0xFFDE, 0xFFDE, 0xFFDE, 0xFFDE, 0xFFDE,
    0xFFDE, 0xFFDE, 0xFFDE, 0xFFDE, 0xFFDE, 0xFFDE, 0xFFDE, 0xFFDE, 0xFFDE, 0xFFDE, 0xFFDE, 0xFFDE,
    0xFFDE, 0xFFDE, 0xFFDE, 0xFFDE, 0xFFDE, 0xFFDE, 0xFFDE, 0xFFDE, 0xFFDE, 0xFFDE, 0xCE17, 0x5207,
    0x49C6, 0x5A08, 0x5207, 0x5A07, 0x6248, 0x4165, 0xC5F6, 0xFFDE, 0xFFDE, 0xFFDE, 0xFFDE, 0xFFDE,
    0xFFDE, 0xFFDE, 0xFFDE, 0xFFDE, 0xFFDE, 0xFFDE, 0xFFDE, 0xFFDE, 0xFFDE, 0xFFDE, 0xFFDE, 0xFFDE,
    0xFFDE, 0xFFDE, 0xFFDE, 0xFFDE, 0xFFDE, 0xFFDE, 0xFFDE, 0xFFDE, 0xFFDE, 0xFFDE, 0xFFDE, 0xFFDE,
    0xFFDE, 0xFFDE, 0xFFDE, 0xFFDE, 0xFFDE, 0xFFDE, 0xD658, 0xA491, 0xACD2, 0xA4B1, 0x9C91, 0xA491,
    0x838D, 0x49C6, 0x51E7, 0x5207, 0x51C7, 0x51E7, 0xB513, 0xFFDE, 0xFFDE, 0xFFDE, 0xFFDE, 0xFFDE,
    0xFFDE, 0xFFDE, 0xFFDE, 0xFFDE, 0xFFDE, 0xFFDE, 0xFFDE, 0xFFDE, 0xFFDE, 0xFFDE, 0xFFDE, 0xFFDE,
    0xFFDE, 0xFFDE, 0xFFDE, 0xFFDE, 0xFFDE, 0xFFDE, 0xFFDE, 0xFFDE, 0xFFDE, 0xFFDE, 0xFFDE, 0xFFDE,
    0xFFDE, 0xFFDE, 0xFFDE, 0xFFDE, 0xFFDE, 0xFFDE, 0xFFDE, 0xFFDE, 0xFFDE, 0xFFDE, 0xFFDE, 0xFFDE,
    0xFFDE, 0xFFDE, 0xFFDE, 0xFFDE, 0xFFDE, 0xFFDE, 0xFFDE, 0xFFDE, 0xFFDE, 0xFFDE, 0xFFDE, 0xFFDE,
    0xFFDE, 0xFFDE, 0xFFDE, 0xFFDE, 0xFFDE, 0xFFDE, 0xFFDE, 0xFFDE, 0xFFDE, 0xFFDE, 0xFFDE, 0xFFDE,
    0xFFDE, 0xFFDE, 0xFFDE, 0xFFDE, 0xFFDE, 0xFFDE, 0xFFDE, 0xFFDE, 0xFFDE, 0xFFDE, 0xFFDE, 0xFFDE,
    0xFFDE, 0xFFDE, 0xFFDE, 0xFFDE, 0xFFDE, 0xFFDE, 0xFFDE, 0xFFDE, 0xFFDE, 0xFFDE, 0xD658, 0x5228,
    0x51C7, 0x5A08, 0x5A07, 0x5A27, 0x6228, 0x4145, 0xB533, 0xFFDE, 0xFFDE, 0xFFDE, 0xFFDE, 0xFFDE,
    0xFFDE, 0xFFDE, 0xFFDE, 0xFFDE, 0xFFDE, 0xFFDE, 0xFFDE, 0xFFDE, 0xFFDE, 0xFFDE, 0xFFDE, 0xFFDE,
    0xFFDE, 0xFFDE, 0xFFDE, 0xFFDE, 0xFFDE, 0xFFDE, 0xFFDE, 0xFFDE, 0xFFDE, 0xFFDE, 0xFFDE, 0xFFDE,
    0xFFDE, 0xFFDE, 0xFFDE, 0xFFDE, 0xFFDE, 0xFFDE, 0x9450, 0x2882, 0x49A6, 0x4145, 0x4145, 0x3924,
    0x5A28, 0xA4B1, 0xACD2, 0xA4B1, 0xA4B1, 0xACD1, 0xDE98, 0xFFDE, 0xFFDE, 0xFFDE, 0xFFDE, 0xFFDE,
    0xFFDE, 0xFFDE, 0xFFDE, 0xFFDE, 0xFFDE, 0xFFDE, 0xFFDE, 0xFFDE, 0xFFDE, 0xFFDE, 0xFFDE, 0xFFDE,
    0xFFDE, 0xFFDE, 0xFFDE, 0xFFDE, 0xFFDE, 0xFFDE, 0xFFDE, 0xFFDE, 0xFFDE, 0xFFDE, 0xFFDE, 0xFFDE,
    0xFFDE, 0xFFDE, 0xFFDE, 0xFFDE, 0xFFDE, 0xFFDE, 0xFFDE, 0xFFDE, 0xFFDE, 0xFFDE, 0xFFDE, 0xFFDE,
    0xFFDE, 0xFFDE, 0xFFDE, 0xFFDE, 0xFFDE, 0xFFDE, 0xFFDE, 0xFFDE, 0xFFDE, 0xFFDE, 0xFFDE, 0xFFDE,
    0xFFDE, 0xFFDE, 0xFFDE, 0xFFDE, 0xFFDE, 0xFFDE, 0xFFDE, 0xFFDE, 0xFFDE, 0xE657, 0xDE36, 0xDE36,
    0xDE35, 0xDE35, 0xDE35, 0xDE36, 0xE656, 0xE677, 0xE677, 0xFFDE, 0xFFDE, 0xFFDE, 0xFFDE, 0xFFDE,
    0xFFDE, 0xFFDE, 0xFFDE, 0xFFDE, 0xFFDE, 0xFFDE, 0xFFDE, 0xFFDE, 0xFFDE, 0xFFDE, 0xFFDE, 0xBD95,
    0xB534, 0xB534, 0xB533, 0xB513, 0xACF3, 0xAD13, 0x8C0E, 0x7B4B, 0x7B4C, 0x7B6C, 0x8BCD, 0x7B4B,
    0x9C70, 0xEF5C, 0xFFDE, 0xFFDE, 0xFFDE, 0xFFDE, 0xFFDE, 0xFFDE, 0xFFDE, 0xFFDE, 0xFFDE, 0xFFDE,
    0xFFDE, 0xFFDE, 0xFFDE, 0xFFDE, 0xFFDE, 0xFFDE, 0xFFDE, 0xFFDE, 0xFFDE, 0xFFDE, 0xFFDE, 0xFFDE,
    0xFFDE, 0xFFDE, 0xFFDE, 0xFFDE, 0xFFDE, 0xFFDE, 0x9C91, 0x3945, 0x5A49, 0x5208, 0x5A28, 0x51C7,
    0x836C, 0xFFDE, 0xFFDE, 0xFFDE, 0xFFDE, 0xFFDE, 0xFFDE, 0xFFDE, 0xFFDE, 0xFFDE, 0xFFDE, 0xFFDE,
    0xFFDE, 0xFFDE, 0xFFDE, 0xFFDE, 0xFFDE, 0xFFDE, 0xFFDE, 0xFFDE, 0xFFDE, 0xFFDE, 0xFFDE, 0xFFDE,
    0xFFDE, 0xFFDE, 0xFFDE, 0xFFDE, 0xFFDE, 0xFFDE, 0xFFDE, 0xFFDE, 0xFFDE, 0xFFDE, 0xFFDE, 0xFFDE,
    0xFFDE, 0xFFDE, 0xFFDE, 0xFFDE, 0xFFDE, 0xFFDE, 0xFFDE, 0xFFDE, 0xFFDE, 0xFFDE, 0xFFDE, 0xFFDE,
    0xFFDE, 0xFFDE, 0xFFDE, 0xFFDE, 0xFFDE, 0xFFDE, 0xFFDE, 0xFFDE, 0xFFDE, 0xFFDE, 0xFFDE, 0xFFDE,
    0xFFDE, 0xFFDE, 0xFFDE, 0xFFDE, 0xFFDE, 0xFFDE, 0xFFDE, 0xFFDE, 0xFFDE, 0xC511, 0xCD32, 0xCD32,
    0xCD32, 0xCD32, 0xCD32, 0xCD31, 0xCD31, 0xCD31, 0xC4F0, 0xEEF9, 0xFFDE, 0xFFDE, 0xFFDE, 0xFFDE,
    0xFFDE, 0xFFDE, 0xFFDE, 0xFFDE, 0xFFDE, 0xFFDE, 0xFFDE, 0xFFDE, 0xFFDE, 0xFFDE, 0xFFDE, 0xFFDE,
    0xFFDE, 0xFFDE, 0xFFDE, 0xFFDE, 0xFFDE, 0xFFDE, 0xAD13, 0x51A6, 0x51C6, 0x51E7, 0x51E7, 0x3903,
    0x7B2B, 0xEF3C, 0xFFDE, 0xFFDE, 0xFFDE, 0xFFDE, 0xFFDE, 0xFFDE, 0xFFDE, 0xFFDE, 0xFFDE, 0xFFDE,
    0xFFDE, 0xFFDE, 0xFFDE, 0xFFDE, 0xFFDE, 0xFFDE, 0xFFDE, 0xFFDE, 0xFFDE, 0xFFDE, 0xFFDE, 0xFFDE,
    0xFFDE, 0xFFDE, 0xFFDE, 0xFFDE, 0xFFDE, 0xFFDE, 0x9C91, 0x3924, 0x5208, 0x49E7, 0x51E7, 0x49A6,
    0x7B4B, 0xFFDE, 0xFFDE, 0xFFDE, 0xFFDE, 0xFFDE, 0xFFDE, 0xFFDE, 0xFFDE, 0xFFDE, 0xFFDE, 0xFFDE,
    0xFFDE, 0xFFDE, 0xFFDE, 0xFFDE, 0xFFDE, 0xFFDE, 0xFFDE, 0xFFDE, 0xFFDE, 0xFFDE, 0xFFDE, 0xFFDE,
    0xFFDE, 0xFFDE, 0xFFDE, 0xFFDE, 0xFFDE, 0xFFDE, 0xFFDE, 0xFFDE, 0xFFDE, 0xFFDE, 0xFFDE, 0xFFDE,
    0xFFDE, 0xFFDE, 0xFFDE, 0xFFDE, 0xFFDE, 0xFFDE, 0xFFDE, 0xFFDE, 0xFFDE, 0xFFDE, 0xFFDE, 0xFFDE,
    0xFFDE, 0xFFDE, 0xFFDE, 0xFFDE, 0xFFDE, 0xFFDE, 0xFFDE, 0xFFDE, 0xFFDE, 0xFFDE, 0xFFDE, 0xFFDE,
    0xFFDE, 0xFFDE, 0xFFDE, 0xFFDE, 0xFFDE, 0xFFDE, 0xFFDE, 0xFFDE, 0xFFDE, 0xCD52, 0xD573, 0xD573,
    0xD573, 0xD572, 0xD572, 0xD552, 0xCD52, 0xD552, 0xCD11, 0xEED9, 0xFFDE, 0xFFDE, 0xFFDE, 0xFFDE,
    0xFFDE, 0xFFDE, 0xFFDE, 0xFFDE, 0xFFDE, 0xFFDE, 0xFFDE, 0xFFDE, 0xFFDE, 0xFFDE, 0xFFDE, 0xFFDE,
    0xFFDE, 0xFFDE, 0xFFDE, 0xFFDE, 0xFFDE, 0xFFDE, 0xA4B2, 0x51E7, 0x5208, 0x5A28, 0x5A48, 0x4985,
    0x83AD, 0xEF5C, 0xFFDE, 0xFFDE, 0xFFDE, 0xFFDE, 0xFFDE, 0xFFDE, 0xFFDE, 0xFFDE, 0xFFDE, 0xFFDE,
    0xFFDE, 0xFFDE, 0xFFDE, 0xFFDE, 0xFFDE, 0xFFDE, 0xFFDE, 0xFFDE, 0xFFDE, 0xFFDE, 0xFFDE, 0xFFDE,
    0xFFDE, 0xFFDE, 0xFFDE, 0xFFDE, 0xFFDE, 0xFFDE, 0xA4B1, 0x30E3, 0x51E7, 0x49C6, 0x49C7, 0x4985,
    0x7B4B, 0xFFDE, 0xFFDE, 0xFFDE, 0xFFDE, 0xFFDE, 0xFFDE, 0xFFDE, 0xFFDE, 0xFFDE, 0xFFDE, 0xFFDE,
    0xFFDE, 0xFFDE, 0xFFDE, 0xFFDE, 0xFFDE, 0xFFDE, 0xFFDE, 0xFFDE, 0xFFDE, 0xFFDE, 0xFFDE, 0xFFDE,
    0xFFDE, 0xFFDE, 0xFFDE, 0xFFDE, 0xFFDE, 0xFFDE, 0xFFDE, 0xFFDE, 0xFFDE, 0xFFDE, 0xFFDE, 0xFFDE,
    0xFFDE, 0xFFDE, 0xFFDE, 0xFFDE, 0xFFDE, 0xFFDE, 0xFFDE, 0xFFDE, 0xFFDE, 0xFFDE, 0xFFDE, 0xFFDE,
    0xFFDE, 0xFFDE, 0xFFDE, 0xFFDE, 0xFFDE, 0xFFDE, 0xFFDE, 0xFFDE, 0xFFDE, 0xFFDE, 0xFFDE, 0xFFDE,
    0xFFDE, 0xFFDE, 0xFFDE, 0xFFDE, 0xFFDE, 0xFFDE, 0xFFDE, 0xFFDE, 0xFFDE, 0xCD52, 0xD552, 0xCD52,
    0xCD52, 0xCD52, 0xCD52, 0xCD31, 0xCD31, 0xCD32, 0xC4F0, 0xEED8, 0xFFDE, 0xFFDE, 0xFFDE, 0xFFDE,
    0xFFDE, 0xFFDE, 0xFFDE, 0xFFDE, 0xFFDE, 0xFFDE, 0xFFDE, 0xFFDE, 0xFFDE, 0xFFDE, 0xFFDE, 0xFFDE,
    0xFFDE, 0xFFDE, 0xFFDE, 0xFFDE, 0xFFDE, 0xFFDE, 0x9C71, 0x51C6, 0x51E7, 0x51E7, 0x5A28, 0x4145,
    0x7B4C, 0xEF3B, 0xFFDE, 0xFFDE, 0xFFDE, 0xFFDE, 0xFFDE, 0xFFDE, 0xFFDE, 0xFFDE, 0xFFDE, 0xFFDE,
    0xFFDE, 0xFFDE, 0xFFDE, 0xFFDE, 0xFFDE, 0xFFDE, 0xFFDE, 0xFFDE, 0xFFDE, 0xFFDE, 0xFFDE, 0xFFDE,
    0xFFDE, 0xFFDE, 0xFFDE, 0xFFDE, 0xFFDE, 0xEF5C, 0xA4B1, 0x3904, 0x49A6, 0x49A6, 0x51C6, 0x4985,
    0x834C, 0xFFDE, 0xFFDE, 0xFFDE, 0xFFDE, 0xFFDE, 0xFFDE, 0xFFDE, 0xFFDE, 0xFFDE, 0xFFDE, 0xFFDE,
    0xFFDE, 0xFFDE, 0xFFDE, 0xFFDE, 0xFFDE, 0xFFDE, 0xFFDE, 0xFFDE, 0xFFDE, 0xFFDE, 0xFFDE, 0xFFDE,
    0xFFDE, 0xFFDE, 0xFFDE, 0xFFDE, 0xFFDE, 0xFFDE, 0xFFDE, 0xFFDE, 0xFFDE, 0xFFDE, 0xFFDE, 0xFFDE,
    0xFFDE, 0xFFDE, 0xFFDE, 0xFFDE, 0xFFDE, 0xFFDE, 0xFFDE, 0xFFDE, 0xFFDE, 0xFFDE, 0xFFDE, 0xFFDE,
    0xFFDE, 0xFFDE, 0xFFDE, 0xFFDE, 0xFFDE, 0xFFDE, 0xFFDE, 0xFFDE, 0xFFDE, 0xFFDE, 0xFFDE, 0xFFDE,
    0xFFDE, 0xFFDE, 0xFFDE, 0xFFDE, 0xFFDE, 0xFFDE, 0xFFDE, 0xFFDE, 0xF75B, 0xD552, 0xD552, 0xCD52,
    0xCD52, 0xCD32, 0xCD31, 0xCD31, 0xCD31, 0xCD31, 0xC4D0, 0xEEB8, 0xFFDE, 0xFFDE, 0xFFDE, 0xFFDE,
    0xFFDE, 0xFFDE, 0xFFDE, 0xFFDE, 0xFFDE, 0xFFDE, 0xFFDE, 0xFFDE, 0xFFDE, 0xFFDE, 0xFFDE, 0xFFDE,
    0xFFDE, 0xFFDE, 0xFFDE, 0xFFDE, 0xFFDE, 0xFFDE, 0x8BEF, 0x49A6, 0x51E7, 0x51E7, 0x5A08, 0x4165,
    0x730B, 0xE71B, 0xFFDE, 0xFFDE, 0xFFDE, 0xFFDE, 0xFFDE, 0xFFDE, 0xFFDE, 0xFFDE, 0xFFDE, 0xFFDE,
    0xFFDE, 0xFFDE, 0xFFDE, 0xFFDE, 0xFFDE, 0xFFDE, 0xFFDE, 0xFFDE, 0xFFDE, 0xFFDE, 0xFFDE, 0xE6FA,
    0x8C0F, 0x7B8D, 0x7B8C, 0x734C, 0x730B, 0x62A9, 0x838D, 0xBD74, 0xAD13, 0xB513, 0xBD33, 0xB513,
    0xCDF6, 0xFFDE, 0xFFDE, 0xFFDE, 0xFFDE, 0xFFDE, 0xFFDE, 0xFFDE, 0xFFDE, 0xFFDE, 0xFFDE, 0xFFDE,
    0xFFDE, 0xFFDE, 0xFFDE, 0xFFDE, 0xFFDE, 0xFFDE, 0xFFDE, 0xFFDE, 0xFFDE, 0xFFDE, 0xFFDE, 0xFFDE,
    0xFFDE, 0xFFDE, 0xFFDE, 0xFFDE, 0xFFDE, 0xFFDE, 0xFFDE, 0xFFDE, 0xFFDE, 0xFFDE, 0xFFDE, 0xFFDE,
    0xFFDE, 0xFFDE, 0xFFDE, 0xFFDE, 0xFFDE, 0xFFDE, 0xFFDE, 0xFFDE, 0xFFDE, 0xFFDE, 0xFFDE, 0xFFDE,
    0xFFDE, 0xFFDE, 0xFFDE, 0xFFDE, 0xFFDE, 0xFFDE, 0xFFDE, 0xFFDE, 0xFFDE, 0xFFDE, 0xFFDE, 0xFFDE,
    0xFFDE, 0xFFDE, 0xFFDE, 0xFFDE, 0xFFDE, 0xFFDE, 0xFFDE, 0xFFDE, 0xF73A, 0xD552, 0xCD52, 0xCD52,
    0xCD32, 0xCD31, 0xCD31, 0xCD11, 0xCD11, 0xCD31, 0xC4CF, 0xEEB8, 0xFFDE, 0xFFDE, 0xFFDE, 0xFFDE,
    0xFFDE, 0xFFDE, 0xFFDE, 0xFFDE, 0xFFDE, 0xFFDE, 0xFFDE, 0xFFDE, 0xFFDE, 0xFFDE, 0xFFDE, 0xFFDE,
    0xFFDE, 0xFFDE, 0xFFDE, 0xFFDE, 0xFFDE, 0xFFDE, 0x8BEF, 0x49A6, 0x51C7, 0x51C7, 0x5207, 0x4186,
    0x5A48, 0xDEB9, 0xFFDE, 0xFFDE, 0xFFDE, 0xFFDE, 0xFFDE, 0xFFDE, 0xFFDE, 0xFFDE, 0xFFDE, 0xFFDE,
    0xFFDE, 0xFFDE, 0xFFDE, 0xFFDE, 0xFFDE, 0xFFDE, 0xFFDE, 0xFFDE, 0xFFDE, 0xFFDE, 0xFFDE, 0xC5D6,
    0x4986, 0x51E7, 0x51E7, 0x51E7, 0x51E7, 0x4986, 0x940F, 0xFFDE, 0xFFDE, 0xFFDE, 0xFFDE, 0xFFDE,
    0xFFDE, 0xFFDE, 0xFFDE, 0xFFDE, 0xFFDE, 0xFFDE, 0xFFDE, 0xFFDE, 0xFFDE, 0xFFDE, 0xFFDE, 0xFFDE,
    0xFFDE, 0xFFDE, 0xFFDE, 0xFFDE, 0xFFDE, 0xFFDE, 0xFFDE, 0xFFDE, 0xFFDE, 0xFFDE, 0xFFDE, 0xFFDE,
    0xFFDE, 0xFFDE, 0xFFDE, 0xFFDE, 0xFFDE, 0xFFDE, 0xFFDE, 0xFFDE, 0xFFDE, 0xFFDE, 0xFFDE, 0xFFDE,
    0xFFDE, 0xFFDE, 0xFFDE, 0xFFDE, 0xFFDE, 0xFFDE, 0xFFDE, 0xFFDE, 0xFFDE, 0xFFDE, 0xFFDE, 0xFFDE,
    0xFFDE, 0xFFDE, 0xFFDE, 0xFFDE, 0xFFDE, 0xFFDE, 0xFFDE, 0xFFDE, 0xFFDE, 0xFFDE, 0xFFDE, 0xFFDE,
    0xFFDE, 0xFFDE, 0xFFDE, 0xFFDE, 0xFFDE, 0xFFDE, 0xFFDE, 0xFFDE, 0xF73A, 0xCD52, 0xCD52, 0xCD52,
    0xCD32, 0xCD31, 0xCD31, 0xCD31, 0xCD11, 0xCD31, 0xC4D0, 0xEEB8, 0xFFDE, 0xFFDE, 0xFFDE, 0xFFDE,
    0xFFDE, 0xFFDE, 0xFFDE, 0xFFDE, 0xFFDE, 0xFFDE, 0xFFDE, 0xFFDE, 0xFFDE, 0xFFDE, 0xFFDE, 0xFFDE,
    0xFFDE, 0xFFDE, 0xFFDE, 0xFFDE, 0xFFDE, 0xFFDE, 0xD678, 0x6269, 0x4986, 0x51E7, 0x5207, 0x4986,
    0x5A48, 0xDEB9, 0xFFDE, 0xFFDE, 0xFFDE, 0xFFDE, 0xFFDE, 0xFFDE, 0xFFDE, 0xFFDE, 0xFFDE, 0xFFDE,
    0xFFDE, 0xFFDE, 0xFFDE, 0xFFDE, 0xFFDE, 0xFFDE, 0xFFDE, 0xFFDE, 0xFFDE, 0xFFDE, 0xFFDE, 0xCDF6,
    0x5208, 0x6269, 0x5A48, 0x6249, 0x5A48, 0x5207, 0x9C2F, 0xFFDE, 0xFFDE, 0xFFDE, 0xFFDE, 0xFFDE,
    0xFFDE, 0xFFDE, 0xFFDE, 0xFFDE, 0xFFDE, 0xFFDE, 0xFFDE, 0xFFDE, 0xFFDE, 0xFFDE, 0xFFDE, 0xFFDE,
    0xFFDE, 0xFFDE, 0xFFDE, 0xFFDE, 0xFFDE, 0xFFDE, 0xFFDE, 0xFFDE, 0xFFDE, 0xFFDE, 0xFFDE, 0xFFDE,
    0xFFDE, 0xFFDE, 0xFFDE, 0xFFDE, 0xFFDE, 0xFFDE, 0xFFDE, 0xFFDE, 0xFFDE, 0xFFDE, 0xFFDE, 0xFFDE,
    0xFFDE, 0xFFDE, 0xFFDE, 0xFFDE, 0xFFDE, 0xFFDE, 0xFFDE, 0xFFDE, 0xFFDE, 0xFFDE, 0xFFDE, 0xFFDE,
    0xFFDE, 0xFFDE, 0xFFDE, 0xFFDE, 0xFFDE, 0xFFDE, 0xFFDE, 0xFFDE, 0xFFDE, 0xFFDE, 0xFFDE, 0xFFDE,
    0xFFDE, 0xFFDE, 0xFFDE, 0xFFDE, 0xFFDE, 0xFFDE, 0xFFDE, 0xFFDE, 0xF71A, 0xCD32, 0xCD52, 0xCD52,
    0xCD32, 0xCD31, 0xCD31, 0xCD31, 0xCD31, 0xCD31, 0xCCD0, 0xEED8, 0xFFDE, 0xFFDE, 0xFFDE, 0xFFDE,
    0xFFDE, 0xFFDE, 0xFFDE, 0xFFDE, 0xFFDE, 0xFFDE, 0xFFDE, 0xFFDE, 0xFFDE, 0xFFDE, 0xFFDE, 0xFFDE,
    0xFFDE, 0xFFDE, 0xFFDE, 0xFFDE, 0xFFDE, 0xFFDE, 0xFFDE, 0x6ACA, 0x4165, 0x51C7, 0x5207, 0x4185,
    0x6AAA, 0xE6FB, 0xFFDE, 0xFFDE, 0xFFDE, 0xFFDE, 0xFFDE, 0xFFDE, 0xFFDE, 0xFFDE, 0xFFDE, 0xFFDE,
    0xFFDE, 0xFFDE, 0xFFDE, 0xFFDE, 0xFFDE, 0xFFDE, 0xFFDE, 0xFFDE, 0xFFDE, 0xFFDE, 0xFFDE, 0xCE17,
    0x5A28, 0x6269, 0x6249, 0x6248, 0x5A48, 0x5A07, 0x9C4F, 0xFFDE, 0xFFDE, 0xFFDE, 0xFFDE, 0xFFDE,
    0xFFDE, 0xFFDE, 0xFFDE, 0xFFDE, 0xFFDE, 0xFFDE, 0xFFDE, 0xFFDE, 0xFFDE, 0xFFDE, 0xFFDE, 0xFFDE,
    0xFFDE, 0xFFDE, 0xFFDE, 0xFFDE, 0xFFDE, 0xFFDE, 0xFFDE, 0xFFDE, 0xFFDE, 0xFFDE, 0xFFDE, 0xFFDE,
    0xFFDE, 0xFFDE, 0xFFDE, 0xFFDE, 0xFFDE, 0xFFDE, 0xFFDE, 0xFFDE, 0xFFDE, 0xFFDE, 0xFFDE, 0xFFDE,
    0xFFDE, 0xFFDE, 0xFFDE, 0xFFDE, 0xFFDE, 0xFFDE, 0xFFDE, 0xFFDE, 0xFFDE, 0xFFDE, 0xFFDE, 0xFFDE,
    0xFFDE, 0xFFDE, 0xFFDE, 0xFFDE, 0xFFDE, 0xFFDE, 0xFFDE, 0xFFDE, 0xFFDE, 0xFFDE, 0xFFDE, 0xFFDE,
    0xFFDE, 0xFFDE, 0xFFDE, 0xFFDE, 0xFFDE, 0xFFDE, 0xFFDE, 0xFFDE, 0xF75A, 0xCD32, 0xCD52, 0xCD52,
    0xCD52, 0xCD52, 0xCD52, 0xCD32, 0xCD32, 0xD552, 0xCCF1, 0xEEF9, 0xFFDE, 0xFFDE, 0xFFDE, 0xFFDE,
    0xFFDE, 0xFFDE, 0xFFDE, 0xFFDE, 0xFFDE, 0xFFDE, 0xFFDE, 0xFFDE, 0xFFDE, 0xFFDE, 0xFFDE, 0xFFDE,
    0xFFDE, 0xFFDE, 0xFFDE, 0xFFDE, 0xFFDE, 0xFFDE, 0xF75B, 0x6AAA, 0x4966, 0x51E7, 0x5A07, 0x4985,
    0x6ACA, 0xE71B, 0xFFDE, 0xFFDE, 0xFFDE, 0xFFDE, 0xFFDE, 0xFFDE, 0xFFDE, 0xFFDE, 0xFFDE, 0xFFDE,
    0xFFDE, 0xFFDE, 0xFFDE, 0xFFDE, 0xFFDE, 0xFFDE, 0xFFDE, 0xFFDE, 0xFFDE, 0xFFDE, 0xFFDE, 0xCE37,
    0x5207, 0x6269, 0x6248, 0x6248, 0x6248, 0x5207, 0x9450, 0xFFDE, 0xFFDE, 0xFFDE, 0xFFDE, 0xFFDE,
    0xFFDE, 0xFFDE, 0xFFDE, 0xFFDE, 0xFFDE, 0xFFDE, 0xFFDE, 0xFFDE, 0xFFDE, 0xFFDE, 0xFFDE, 0xFFDE,
    0xFFDE, 0xFFDE, 0xFFDE, 0xFFDE, 0xFFDE, 0xFFDE, 0xFFDE, 0xFFDE, 0xFFDE, 0xFFDE, 0xFFDE, 0xFFDE,
    0xFFDE, 0xFFDE, 0xFFDE, 0xFFDE, 0xFFDE, 0xFFDE, 0xFFDE, 0xFFDE, 0xFFDE, 0xFFDE, 0xFFDE, 0xFFDE,
    0xFFDE, 0xFFDE, 0xFFDE, 0xFFDE, 0xFFDE, 0xFFDE, 0xFFDE, 0xFFDE, 0xFFDE, 0xFFDE, 0xFFDE, 0xFFDE,
    0xFFDE, 0xFFDE, 0xFFDE, 0xFFDE, 0xFFDE, 0xFFDE, 0xFFDE, 0xFFDE, 0xFFDE, 0xFFDE, 0xFFDE, 0xFFDE,
    0xFFDE, 0xFFDE, 0xFFDE, 0xF77A, 0xF75A, 0xF75A, 0xF75A, 0xF75A, 0xF6D8, 0xCD32, 0xCD52, 0xCD52,
    0xCD52, 0xCD52, 0xCD52, 0xCD52, 0xCD52, 0xD552, 0xCD31, 0xF73A, 0xFFDE, 0xFFDE, 0xFFDE, 0xFFDE,
    0xFFDE, 0xFFDE, 0xFFDE, 0xFFDE, 0xFFDE, 0xFFDE, 0xFFDE, 0xFFDE, 0xFFDE, 0xFFDE, 0xFFDE, 0xFFDE,
    0xFFDE, 0xFFDE, 0xFFDE, 0xFFDE, 0xFFDE, 0xFFDE, 0xFFDE, 0x6ACA, 0x4986, 0x51E7, 0x5A08, 0x4185,
    0x6ACA, 0xE71B, 0xFFDE, 0xFFDE, 0xFFDE, 0xFFDE, 0xFFDE, 0xFFDE, 0xFFDE, 0xFFDE, 0xFFDE, 0xFFDE,
    0xFFDE, 0xFFDE, 0xFFDE, 0xFFDE, 0xFFDE, 0xFFDE, 0xFFDE, 0xFFDE, 0xFFDE, 0xFFDE, 0xFFDE, 0xCDF6,
    0x49A6, 0x5A08, 0x5A07, 0x59E7, 0x59E7, 0x51A6, 0x940F, 0xFFDE, 0xFFDE, 0xFFDE, 0xFFDE, 0xFFDE,
    0xFFDE, 0xFFDE, 0xFFDE, 0xFFDE, 0xFFDE, 0xFFDE, 0xFFDE, 0xFFDE, 0xFFDE, 0xFFDE, 0xFFDE, 0xFFDE,
    0xFFDE, 0xFFDE, 0xFFDE, 0xFFDE, 0xFFDE, 0xFFDE, 0xFFDE, 0xFFDE, 0xFFDE, 0xFFDE, 0xFFDE, 0xFFDE,
    0xFFDE, 0xFFDE, 0xFFDE, 0xFFDE, 0xFFDE, 0xFFDE, 0xFFDE, 0xFFDE, 0xFFDE, 0xFFDE, 0xFFDE, 0xFFDE,
    0xFFDE, 0xFFDE, 0xFFDE, 0xFFDE, 0xFFDE, 0xFFDE, 0xFFDE, 0xFFDE, 0xFFDE, 0xFFDE, 0xFFDE, 0xFFDE,
    0xFFDE, 0xFFDE, 0xFFDE, 0xFFDE, 0xFFDE, 0xFFDE, 0xFFDE, 0xFFDE, 0xFFDE, 0xFFDE, 0xFFDE, 0xFF5A,
    0xDDF5, 0xCD72, 0xCD52, 0xCD52, 0xCD52, 0xCD52, 0xCD52, 0xCD52, 0xCD52, 0xCD52, 0xCD52, 0xCD52,
    0xCD52, 0xCD52, 0xCD52, 0xCD52, 0xCD52, 0xD552, 0xCD32, 0xE697, 0xF73A, 0xEEF9, 0xF739, 0xF73A,
    0xFFDE, 0xFFDE, 0xFFDE, 0xFFDE, 0xFFDE, 0xFFDE, 0xFFDE, 0xFFDE, 0xFFDE, 0xFFDE, 0xFFDE, 0xFFDE,
    0xFFDE, 0xFFDE, 0xFFDE, 0xFFDE, 0xFFDE, 0xFFDE, 0xFFDE, 0x6289, 0x3924, 0x4186, 0x49C6, 0x4145,
    0x5A68, 0xE6FB, 0xFFDE, 0xFFDE, 0xFFDE, 0xFFDE, 0xFFDE, 0xFFDE, 0xFFDE, 0xFFDE, 0xFFDE, 0xFFDE,
    0xFFDE, 0xFFDE, 0xFFDE, 0xFFDE, 0xFFDE, 0xFFDE, 0x9C70, 0x3924, 0x5A08, 0x51C7, 0x4965, 0x8B6D,
    0xFFDE, 0xFFDE, 0xFFDE, 0xFFDE, 0xFFDE, 0xFFDE, 0xFFDE, 0xFFDE, 0xFFDE, 0xFFDE, 0xFFDE, 0xFFDE,
    0xFFDE, 0xFFDE, 0xFFDE, 0xFFDE, 0xFFDE, 0xFFDE, 0xFFDE, 0xFFDE, 0xFFDE, 0xDDD4, 0xC511, 0xCD52,
    0xCD51, 0xCD31, 0xCD51, 0xF739, 0xFFDE, 0xFFDE, 0xFFDE, 0xFFDE, 0xFFDE, 0xFFDE, 0xFFDE, 0xFFDE,
    0xFFDE, 0xFFDE, 0xFFDE, 0xFFDE, 0xFFDE, 0xFFDE, 0xFFDE, 0xFFDE, 0xFFDE, 0xFFDE, 0xFFDE, 0xFFDE,
    0xFFDE, 0xFFDE, 0xFFDE, 0xFFDE, 0xFFDE, 0xFFDE, 0xFFDE, 0xFFDE, 0xFFDE, 0xFFDE, 0xFFDE, 0xFFDE,
    0xFFDE, 0xFFDE, 0xFFDE, 0xFFDE, 0xFFDE, 0xFFDE, 0xFFDE, 0xFFDE, 0xFFDE, 0xFFDE, 0xDDF5, 0xCD11,
    0xCD52, 0xCD31, 0xCD31, 0xCD11, 0xCD11, 0xCD11, 0xCD31, 0xCD31, 0xCD31, 0xCD32, 0xCD32, 0xCD52,
    0xCD52, 0xCD52, 0xCD52, 0xCD52, 0xCD52, 0xCD52, 0xCD52, 0xCD52, 0xD572, 0xD552, 0xD572, 0xCD52,
    0xCD32, 0xCD11, 0xC511, 0xC511, 0xCD32, 0xE677, 0xFFDE, 0xFFDE, 0xFFDE, 0xFFDE, 0xFFDE, 0xFFDE,
    0xFFDE, 0xFFDE, 0xFFDE, 0xFFDE, 0xFFDE, 0xFFDE, 0xFFDE, 0xFFDE, 0xFFDE, 0xFFDE, 0xFFDE, 0xFFDE,
    0xF73B, 0x730B, 0x5A28, 0x5A28, 0x51E7, 0x5A07, 0xD678, 0xFFDE, 0xFFDE, 0xFFDE, 0xFFDE, 0xFFDE,
    0xFFDE, 0xFFDE, 0xFFDE, 0xFFDE, 0xFFDE, 0xFFDE, 0x9C70, 0x4145, 0x5A28, 0x5A07, 0x4986, 0x8BAD,
    0xFFDE, 0xFFDE, 0xFFDE, 0xFFDE, 0xFFDE, 0xFFDE, 0xFFDE, 0xFFDE, 0xFFDE, 0xFFDE, 0xFFDE, 0xFFDE,
    0xFFDE, 0xFFDE, 0xFFDE, 0xFFDE, 0xFFDE, 0xFFDE, 0xFFDE, 0xFFDE, 0xFFDE, 0xDDD4, 0xCD31, 0xD572,
    0xD572, 0xD552, 0xD572, 0xF719, 0xFFDE, 0xFFDE, 0xFFDE, 0xFFDE, 0xFFDE, 0xFFDE, 0xFFDE, 0xFFDE,
    0xFFDE, 0xFFDE, 0xFFDE, 0xFFDE, 0xFFDE, 0xFFDE, 0xFFDE, 0xFFDE, 0xFFDE, 0xFFDE, 0xFFDE, 0xFFDE,
    0xFFDE, 0xFFDE, 0xFFDE, 0xFFDE, 0xFFDE, 0xFFDE, 0xFFDE, 0xFFDE, 0xFFDE, 0xFFDE, 0xFFDE, 0xFFDE,
    0xFFDE, 0xFFDE, 0xFFDE, 0xFFDE, 0xFFDE, 0xFFDE, 0xFFDE, 0xFFDE, 0xFFDE, 0xFFDE, 0xE636, 0xCD31,
    0xCD52, 0xCD32, 0xCD31, 0xCD31, 0xCD31, 0xCD31, 0xCD31, 0xCD31, 0xCD31, 0xCD32, 0xCD32, 0xCD32,
    0xCD52, 0xCD52, 0xCD52, 0xCD52, 0xCD52, 0xCD52, 0xCD52, 0xCD52, 0xCD52, 0xCD52, 0xCD52, 0xCD52,
    0xCD52, 0xCD52, 0xCD52, 0xCD52, 0xCD52, 0xEE98, 0xFFDE, 0xFFDE, 0xFFDE, 0xFFDE, 0xFFDE, 0xFFDE,
    0xFFDE, 0xFFDE, 0xFFDE, 0xFFDE, 0xFFDE, 0xFFDE, 0xFFDE, 0xFFDE, 0xFFDE, 0xFFDE, 0xFFDE, 0xFFDE,
    0xEF1A, 0x730B, 0x6289, 0x6269, 0x6269, 0x6269, 0xD678, 0xFFDE, 0xFFDE, 0xFFDE, 0xFFDE, 0xFFDE,
    0xFFDE, 0xFFDE, 0xFFDE, 0xFFDE, 0xFFDE, 0xFFDE, 0x9C50, 0x4144, 0x5A28, 0x51E7, 0x4986, 0x8BCE,
    0xFFDE, 0xFFDE, 0xFFDE, 0xFFDE, 0xFFDE, 0xFFDE, 0xFFDE, 0xFFDE, 0xFFDE, 0xFFDE, 0xFFDE, 0xFFDE,
    0xFFDE, 0xFFDE, 0xFFDE, 0xFFDE, 0xFFDE, 0xFFDE, 0xFFDE, 0xFFDE, 0xFFDE, 0xDDF5, 0xCD52, 0xD593,
    0xD592, 0xD572, 0xD593, 0xF73A, 0xFFDE, 0xFFDE, 0xFFDE, 0xFFDE, 0xFFDE, 0xFFDE, 0xFFDE, 0xFFDE,
    0xFFDE, 0xFFDE, 0xFFDE, 0xFFDE, 0xFFDE, 0xFFDE, 0xFFDE, 0xFFDE, 0xFFDE, 0xFFDE, 0xFFDE, 0xFFDE,
    0xFFDE, 0xFFDE, 0xFFDE, 0xFFDE, 0xFFDE, 0xFFDE, 0xFFDE, 0xFFDE, 0xFFDE, 0xFFDE, 0xFFDE, 0xFFDE,
    0xFFDE, 0xFFDE, 0xFFDE, 0xFFDE, 0xFFDE, 0xFFDE, 0xFFDE, 0xFFDE, 0xFFDE, 0xFFDE, 0xE656, 0xCD31,
    0xCD52, 0xCD52, 0xCD32, 0xCD32, 0xCD32, 0xCD31, 0xCD31, 0xCD31, 0xCD31, 0xCD31, 0xCD31, 0xCD31,
    0xCD31, 0xCD32, 0xCD32, 0xCD32, 0xCD32, 0xCD32, 0xCD32, 0xCD32, 0xCD32, 0xCD32, 0xCD32, 0xCD32,
    0xCD52, 0xCD31, 0xCD31, 0xCD32, 0xCD52, 0xE698, 0xFFDE, 0xFFDE, 0xFFDE, 0xFFDE, 0xFFDE, 0xFFDE,
    0xFFDE, 0xFFDE, 0xFFDE, 0xFFDE, 0xFFDE, 0xFFDE, 0xFFDE, 0xFFDE, 0xFFDE, 0xFFDE, 0xFFDE, 0xFFDE,
    0xEF1A, 0x730B, 0x6269, 0x6268, 0x6248, 0x6248, 0xD637, 0xFFDE, 0xFFDE, 0xFFDE, 0xFFDE, 0xFFDE,
    0xFFDE, 0xFFDE, 0xFFDE, 0xFFDE, 0xFFDE, 0xFFDE, 0x942F, 0x3944, 0x5A28, 0x51E7, 0x4986, 0x93EE,
    0xFFDE, 0xFFDE, 0xFFDE, 0xFFDE, 0xFFDE, 0xFFDE, 0xFFDE, 0xFFDE, 0xFFDE, 0xFFDE, 0xFFDE, 0xFFDE,
    0xFFDE, 0xFFDE, 0xFFDE, 0xFFDE, 0xFFDE, 0xFFDE, 0xFFDE, 0xFFDE, 0xFFDE, 0xDDF5, 0xCD52, 0xD593,
    0xD593, 0xD593, 0xD5B3, 0xF73A, 0xFFDE, 0xFFDE, 0xFFDE, 0xFFDE, 0xFFDE, 0xFFDE, 0xFFDE, 0xFFDE,
    0xFFDE, 0xFFDE, 0xFFDE, 0xFFDE, 0xFFDE, 0xFFDE, 0xFFDE, 0xFFDE, 0xFFDE, 0xFFDE, 0xFFDE, 0xFFDE,
    0xFFDE, 0xFFDE, 0xFFDE, 0xFFDE, 0xFFDE, 0xFFDE, 0xFFDE, 0xFFDE, 0xFFDE, 0xFFDE, 0xFFDE, 0xFFDE,
    0xFFDE, 0xFFDE, 0xFFDE, 0xFFDE, 0xFFDE, 0xFFDE, 0xFFDE, 0xFFDE, 0xFFDE, 0xFFDE, 0xE656, 0xCD32,
    0xD552, 0xCD52, 0xCD52, 0xCD52, 0xCD32, 0xCD32, 0xCD32, 0xCD32, 0xCD31, 0xCD31, 0xCD31, 0xCD31,
    0xCD31, 0xCD31, 0xCD31, 0xCD31, 0xCD31, 0xCD31, 0xCD31, 0xCD31, 0xCD31, 0xCD31, 0xCD31, 0xCD31,
    0xCD31, 0xCD11, 0xC511, 0xCD11, 0xCD52, 0xE697, 0xFFDE, 0xFFDE, 0xFFDE, 0xFFDE, 0xFFDE, 0xFFDE,
    0xFFDE, 0xFFDE, 0xFFDE, 0xFFDE, 0xFFDE, 0xFFDE, 0xFFDE, 0xFFDE, 0xFFDE, 0xFFDE, 0xFFDE, 0xFFDE,
    0xE71A, 0x72EB, 0x6248, 0x5A48, 0x5A28, 0x5A28, 0xCE37, 0xFFDE, 0xFFDE, 0xFFDE, 0xFFDE, 0xFFDE,
    0xFFDE, 0xFFDE, 0xFFDE, 0xFFDE, 0xFFDE, 0xFFDE, 0x940F, 0x30E3, 0x51C7, 0x4986, 0x4124, 0x8BAD,
    0xFFDE, 0xFFDE, 0xFFDE, 0xFFDE, 0xFFDE, 0xFFDE, 0xFFDE, 0xFFDE, 0xFFDE, 0xFFDE, 0xFFDE, 0xFFDE,
    0xFFDE, 0xFFDE, 0xFFDE, 0xFFDE, 0xFFDE, 0xFFDE, 0xFFDE, 0xFFDE, 0xFFDE, 0xDDF5, 0xCD52, 0xD5B4,
    0xD593, 0xD593, 0xDDB3, 0xF75A, 0xFFDE, 0xFFDE, 0xFFDE, 0xFFDE, 0xFFDE, 0xFFDE, 0xFFDE, 0xFFDE,
    0xFFDE, 0xFFDE, 0xFFDE, 0xFFDE, 0xFFDE, 0xFFDE, 0xFFDE, 0xFFDE, 0xFFDE, 0xFFDE, 0xFFDE, 0xFFDE,
    0xFFDE, 0xFFDE, 0xFFDE, 0xFFDE, 0xFFDE, 0xFFDE, 0xFFDE, 0xFFDE, 0xFFDE, 0xFFDE, 0xFFDE, 0xFFDE,
    0xFFDE, 0xFFDE, 0xFFDE, 0xFFDE, 0xFFDE, 0xFFDE, 0xFFDE, 0xFFDE, 0xFFDE, 0xFFDE, 0xE656, 0xCD12,
    0xCD52, 0xCD72, 0xCD52, 0xCD52, 0xCD52, 0xCD52, 0xCD32, 0xCD32, 0xCD31, 0xCD31, 0xCD31, 0xCD31,
    0xCD31, 0xCD31, 0xCD31, 0xCD31, 0xCD11, 0xCD11, 0xCD11, 0xCD11, 0xCD11, 0xCD11, 0xCD11, 0xCD11,
    0xCD11, 0xCD11, 0xCD11, 0xCD31, 0xD552, 0xE697, 0xFFDE, 0xFFDE, 0xFFDE, 0xFFDE, 0xFFDE, 0xFFDE,
    0xFFDE, 0xFFDE, 0xFFDE, 0xFFDE, 0xFFDE, 0xFFDE, 0xFFDE, 0xFFDE, 0xFFDE, 0xFFDE, 0xFFDE, 0xFFDE,
    0xE6FA, 0x72CA, 0x5A28, 0x5A08, 0x5A07, 0x51A6, 0xCE37, 0xFFDE, 0xFFDE, 0xFFDE, 0xFFDE, 0xFFDE,
    0xC5D5, 0xBD74, 0xC5B4, 0xBD74, 0xBD94, 0xBDB5, 0x9C70, 0x730B, 0x838D, 0x8B8D, 0x93AD, 0xC574,
    0xFFDE, 0xFFDE, 0xFFDE, 0xFFDE, 0xFFDE, 0xFFDE, 0xFFDE, 0xFFDE, 0xFFDE, 0xFFDE, 0xFFDE, 0xFFDE,
    0xFFDE, 0xFFDE, 0xFFDE, 0xFFDE, 0xFFDE, 0xFFDE, 0xFFDE, 0xFFDE, 0xFFDE, 0xDDD5, 0xCD32, 0xD593,
    0xD593, 0xD573, 0xD552, 0xF73A, 0xFFDE, 0xFFDE, 0xFFDE, 0xFFDE, 0xFFDE, 0xFFDE, 0xFFDE, 0xFFDE,
    0xFFDE, 0xFFDE, 0xFFDE, 0xFFDE, 0xFFDE, 0xFFDE, 0xFFDE, 0xFFDE, 0xFFDE, 0xFFDE, 0xFFDE, 0xFFDE,
    0xFFDE, 0xFFDE, 0xFFDE, 0xFFDE, 0xFFDE, 0xFFDE, 0xFFDE, 0xFFDE, 0xFFDE, 0xFFDE, 0xFFDE, 0xFFDE,
    0xFFDE, 0xFFDE, 0xFFDE, 0xFFDE, 0xFFDE, 0xFFDE, 0xFFDE, 0xFFDE, 0xFFDE, 0xFFDE, 0xE677, 0xCD93,
    0xD5B4, 0xCD72, 0xCD52, 0xCD52, 0xCD52, 0xCD52, 0xCD52, 0xCD32, 0xCD32, 0xCD31, 0xCD31, 0xCD11,
    0xCD11, 0xCD11, 0xCD11, 0xCD31, 0xCD11, 0xCD11, 0xCD11, 0xCD11, 0xCD11, 0xCD11, 0xCD11, 0xCD11,
    0xCD11, 0xC4F0, 0xBCD0, 0xBCD0, 0xC4F0, 0xDE36, 0xFFDE, 0xFFDE, 0xFFDE, 0xFFDE, 0xFFDE, 0xFFDE,
    0xFFDE, 0xFFDE, 0xFFDE, 0xFFDE, 0xFFDE, 0xFFDE, 0xFFDE, 0xFFDE, 0xFFDE, 0xFFDE, 0xFFDE, 0xFFDE,
    0xE6FA, 0x8B8D, 0x72EB, 0x6AAA, 0x72CA, 0x6269, 0x9450, 0xC5F6, 0xC5F6, 0xC616, 0xC5F5, 0xD658,
    0x5A28, 0x4144, 0x51C6, 0x49A6, 0x4124, 0x6AA9, 0xDEBA, 0xFFDE, 0xFFDE, 0xFFDE, 0xFFDE, 0xFFDE,
    0xFFDE, 0xFFDE, 0xFFDE, 0xFFDE, 0xFFDE, 0xFFDE, 0xFFDE, 0xFFDE, 0xFFDE, 0xFFDE, 0xFFDE, 0xFFDE,
    0xFFDE, 0xFFDE, 0xFFDE, 0xFFDE, 0xFFDE, 0xFFDE, 0xFFDE, 0xFFDE, 0xFFDE, 0xD594, 0xBCD1, 0xC532,
    0xC532, 0xC511, 0xCD11, 0xF73A, 0xFFDE, 0xFFDE, 0xFFDE, 0xFFDE, 0xFFDE, 0xFFDE, 0xFFDE, 0xFFDE,
    0xFFDE, 0xFFDE, 0xFFDE, 0xFFDE, 0xFFDE, 0xFFDE, 0xFFDE, 0xFFDE, 0xFFDE, 0xFFDE, 0xFFDE, 0xFFDE,
    0xFFDE, 0xFFDE, 0xFFDE, 0xFFDE, 0xFFDE, 0xFFDE, 0xFFDE, 0xFFDE, 0xFFDE, 0xFFDE, 0xFFDE, 0xFFDE,
    0xFFDE, 0xFFDE, 0xFFDE, 0xFFDE, 0xFFDE, 0xFFDE, 0xFFDE, 0xFFDE, 0xFFDE, 0xFFDE, 0xFFDE, 0xFFDE,
    0xFFDE, 0xEE98, 0xC552, 0xD593, 0xCD52, 0xCD52, 0xCD52, 0xCD32, 0xCD32, 0xCD31, 0xCD11, 0xCD11,
    0xCD11, 0xCD11, 0xCD11, 0xCD11, 0xCD11, 0xCD11, 0xCD11, 0xCD11, 0xCD11, 0xCD11, 0xCD11, 0xC4F0,
    0xCD11, 0xAC4E, 0x9BAC, 0x9BAC, 0x9BAC, 0xCD94, 0xFFDE, 0xFFDE, 0xFFDE, 0xFFDE, 0xFFDE, 0xFFDE,
    0xFFDE, 0xFFDE, 0xFFDE, 0xFFDE, 0xFFDE, 0xFFDE, 0xFFDE, 0xFFDE, 0xFFDE, 0xFFDE, 0xFFDE, 0xFFDE,
    0xFFDE, 0xFFDE, 0xEF5C, 0xEF5B, 0xFFDE, 0xDE98, 0x5A28, 0x3904, 0x49A6, 0x49C6, 0x3924, 0x6AEB,
    0x5A48, 0x49A6, 0x6228, 0x5A28, 0x4986, 0x730B, 0xEF5B, 0xFFDE, 0xFFDE, 0xFFDE, 0xFFDE, 0xFFDE,
    0xFFDE, 0xFFDE, 0xFFDE, 0xFFDE, 0xFFDE, 0xFFDE, 0xFFDE, 0xFFDE, 0xFFDE, 0xFFDE, 0xFFDE, 0xFFDE,
    0xFFDE, 0xFFDE, 0xFFDE, 0xFFDE, 0xFFDE, 0xFFDE, 0xFFDE, 0xFFDE, 0xFFDE, 0xCD73, 0xBC90, 0xC4F1,
    0xBCF1, 0xBCD0, 0xC4F1, 0xF71A, 0xFFDE, 0xFFDE, 0xFFDE, 0xFFDE, 0xFFDE, 0xFFDE, 0xFFDE, 0xFFDE,
    0xFFDE, 0xFFDE, 0xFFDE, 0xFFDE, 0xFFDE, 0xFFDE, 0xFFDE, 0xFFDE, 0xFFDE, 0xFFDE, 0xFFDE, 0xFFDE,
    0xFFDE, 0xFFDE, 0xFFDE, 0xFFDE, 0xFFDE, 0xFFDE, 0xFFDE, 0xFFDE, 0xFFDE, 0xFFDE, 0xFFDE, 0xFFDE,
    0xFFDE, 0xFFDE, 0xFFDE, 0xFFDE, 0xFFDE, 0xFFDE, 0xFFDE, 0xFFDE, 0xFFDE, 0xFFDE, 0xFFDE, 0xFFDE,
    0xFFDE, 0xFFDE, 0xF71A, 0xF6D8, 0xCD52, 0xCD32, 0xCD32, 0xCD32, 0xCD31, 0xCD11, 0xCD11, 0xCD11,
    0xCD11, 0xCD11, 0xCD11, 0xCD11, 0xCD11, 0xCD11, 0xCD11, 0xCD11, 0xCD11, 0xCD11, 0xCD11, 0xCD10,
    0xCD11, 0xAC0E, 0x938C, 0x9B8C, 0x9BAC, 0xCD94, 0xFFDE, 0xFFDE, 0xFFDE, 0xFFDE, 0xFFDE, 0xFFDE,
    0xFFDE, 0xFFDE, 0xFFDE, 0xFFDE, 0xFFDE, 0xFFDE, 0xFFDE, 0xFFDE, 0xFFDE, 0xFFDE, 0xFFDE, 0xFFDE,
    0xFFDE, 0xFFDE, 0xFFDE, 0xFFDE, 0xFFDE, 0xDEB9, 0x6248, 0x4986, 0x5A28, 0x5A28, 0x4985, 0x732C,
    0x6269, 0x51C7, 0x6248, 0x6228, 0x49A6, 0x732B, 0xF75B, 0xFFDE, 0xFFDE, 0xFFDE, 0xFFDE, 0xFFDE,
    0xFFDE, 0xFFDE, 0xFFDE, 0xFFDE, 0xFFDE, 0xFFDE, 0xFFDE, 0xFFDE, 0xFFDE, 0xFFDE, 0xFFDE, 0xFFDE,
    0xFFDE, 0xFFDE, 0xFFDE, 0xFFDE, 0xFFDE, 0xFFDE, 0xFFDE, 0xFFDE, 0xFFDE, 0xCD73, 0xBC90, 0xBCF1,
    0xBCD0, 0xBCD0, 0xC4F1, 0xF71A, 0xFFDE, 0xFFDE, 0xFFDE, 0xFFDE, 0xFFDE, 0xFFDE, 0xFFDE, 0xFFDE,
    0xFFDE, 0xFFDE, 0xFFDE, 0xFFDE, 0xFFDE, 0xFFDE, 0xFFDE, 0xFFDE, 0xFFDE, 0xFFDE, 0xFFDE, 0xFFDE,
    0xFFDE, 0xFFDE, 0xFFDE, 0xFFDE, 0xFFDE, 0xFFDE, 0xFFDE, 0xFFDE, 0xFFDE, 0xFFDE, 0xFFDE, 0xFFDE,
    0xFFDE, 0xFFDE, 0xFFDE, 0xFFDE, 0xFFDE, 0xFFDE, 0xFFDE, 0xFFDE, 0xFFDE, 0xFFDE, 0xFFDE, 0xFFDE,
    0xFFDE, 0xFFDE, 0xFFDE, 0xF719, 0xCD32, 0xCD32, 0xCD31, 0xCD31, 0xCD31, 0xCD11, 0xCD11, 0xCD11,
    0xCD11, 0xCD11, 0xCD11, 0xCD11, 0xCD11, 0xCD11, 0xCD11, 0xCD11, 0xCD11, 0xCD11, 0xCD11, 0xCD11,
    0xCD31, 0xAC0E, 0x9B8C, 0x9B8C, 0xA3CC, 0xCD94, 0xFFDE, 0xFFDE, 0xFFDE, 0xFFDE, 0xFFDE, 0xFFDE,
    0xFFDE, 0xFFDE, 0xFFDE, 0xFFDE, 0xFFDE, 0xFFDE, 0xFFDE, 0xFFDE, 0xFFDE, 0xFFDE, 0xFFDE, 0xFFDE,
    0xFFDE, 0xFFDE, 0xFFDE, 0xFFDE, 0xFFDE, 0xDE98, 0x6269, 0x51A6, 0x5A28, 0x6269, 0x4985, 0x7B2C,
    0x6289, 0x51C7, 0x6248, 0x6228, 0x51C6, 0x7B2B, 0xF75B, 0xFFDE, 0xFFDE, 0xFFDE, 0xFFDE, 0xFFDE,
    0xFFDE, 0xFFDE, 0xFFDE, 0xFFDE, 0xFFDE, 0xFFDE, 0xFFDE, 0xFFDE, 0xFFDE, 0xFFDE, 0xFFDE, 0xFFDE,
    0xFFDE, 0xFFDE, 0xFFDE, 0xFFDE, 0xFFDE, 0xFFDE, 0xFFDE, 0xFFDE, 0xFFDE, 0xCD53, 0xBCB0, 0xC511,
    0xC4F1, 0xBCD0, 0xC511, 0xF73B, 0xFFDE, 0xFFDE, 0xFFDE, 0xFFDE, 0xFFDE, 0xFFDE, 0xFFDE, 0xFFDE,
    0xFFDE, 0xFFDE, 0xFFDE, 0xFFDE, 0xFFDE, 0xFFDE, 0xFFDE, 0xFFDE, 0xFFDE, 0xFFDE, 0xFFDE, 0xFFDE,
    0xFFDE, 0xFFDE, 0xFFDE, 0xFFDE, 0xFFDE, 0xFFDE, 0xFFDE, 0xFFDE, 0xFFDE, 0xFFDE, 0xFFDE, 0xFFDE,
    0xFFDE, 0xFFDE, 0xFFDE, 0xFFDE, 0xFFDE, 0xFFDE, 0xFFDE, 0xFFDE, 0xFFDE, 0xFFDE, 0xFFDE, 0xFFDE,
    0xFFDE, 0xFFDE, 0xFFDE, 0xE6B8, 0xC4F1, 0xCD31, 0xCD32, 0xCD52, 0xCD31, 0xCD31, 0xCD31, 0xCD31,
    0xCD31, 0xCD11, 0xCD11, 0xCD11, 0xCD31, 0xCD11, 0xCD11, 0xCD11, 0xCD31, 0xCD31, 0xCD31, 0xCD11,
    0xCD31, 0xAC2E, 0x9BAC, 0x9BAC, 0xA3CC, 0xCD94, 0xFFDE, 0xFFDE, 0xFFDE, 0xFFDE, 0xFFDE, 0xFFDE,
    0xFFDE, 0xFFDE, 0xFFDE, 0xFFDE, 0xFFDE, 0xFFDE, 0xFFDE, 0xFFDE, 0xFFDE, 0xFFDE, 0xFFDE, 0xFFDE,
    0xFFDE, 0xFFDE, 0xFFDE, 0xFFDE, 0xFFDE, 0xDE98, 0x6269, 0x51C7, 0x6228, 0x6269, 0x49A6, 0x7B4C,
    0x6A89, 0x59E7, 0x6249, 0x6248, 0x51C6, 0x7B4C, 0xFFDE, 0xFFDE, 0xFFDE, 0xFFDE, 0xFFDE, 0xFFDE,
    0xFFDE, 0xFFDE, 0xFFDE, 0xFFDE, 0xFFDE, 0xFFDE, 0xFFDE, 0xFFDE, 0xFFDE, 0xFFDE, 0xFFDE, 0xFFDE,
    0xFFDE, 0xFFDE, 0xFFDE, 0xFFDE, 0xFFDE, 0xFFDE, 0xFFDE, 0xFFDE, 0xFFDE, 0xCD73, 0xBCB0, 0xC4F0,
    0xC4D0, 0xBCAF, 0xBCAF, 0xF73A, 0xFFDE, 0xFFDE, 0xFFDE, 0xFFDE, 0xFFDE, 0xFFDE, 0xFFDE, 0xFFDE,
    0xFFDE, 0xFFDE, 0xFFDE, 0xFFDE, 0xF77A, 0xFFDE, 0xFFDE, 0xFFDE, 0xFFDE, 0xFFDE, 0xFFDE, 0xFFDE,
    0xFFDE, 0xFFDE, 0xFFDE, 0xFFDE, 0xFFDE, 0xFFDE, 0xFFDE, 0xFFDE, 0xFFDE, 0xFFDE, 0xFFDE, 0xFFDE,
    0xFFDE, 0xFFDE, 0xFFDE, 0xFFDE, 0xFFDE, 0xFFDE, 0xFFDE, 0xFFDE, 0xFFDE, 0xFFDE, 0xFFDE, 0xFFDE,
    0xFFDE, 0xFFDE, 0xFFDE, 0xEF1A, 0xC531, 0xC511, 0xBCD1, 0xBCF1, 0xBCF1, 0xC4F1, 0xC511, 0xC511,
    0xC511, 0xC4F1, 0xCD31, 0xCD31, 0xCD31, 0xCD31, 0xCD31, 0xCD31, 0xCD31, 0xCD32, 0xCD31, 0xCD31,
    0xCD52, 0xAC2E, 0x9BAD, 0x9BAC, 0xA3CD, 0xD594, 0xFFDE, 0xFFDE, 0xFFDE, 0xFFDE, 0xFFDE, 0xFFDE,
    0xFFDE, 0xFFDE, 0xFFDE, 0xFFDE, 0xFFDE, 0xFFDE, 0xFFDE, 0xFFDE, 0xFFDE, 0xFFDE, 0xFFDE, 0xFFDE,
    0xFFDE, 0xFFDE, 0xFFDE, 0xFFDE, 0xFFDE, 0xDE99, 0x6289, 0x51C7, 0x6248, 0x6269, 0x49A6, 0x7B6C,
    0x6A89, 0x59E7, 0x6A69, 0x6249, 0x51C6, 0x7B4C, 0xFFDE, 0xFFDE, 0xFFDE, 0xFFDE, 0xFFDE, 0xFFDE,
    0xFFDE, 0xFFDE, 0xFFDE, 0xFFDE, 0xFFDE, 0xFFDE, 0xFFDE, 0xFFDE, 0xFFDE, 0xFFDE, 0xFFDE, 0xFFDE,
    0xFFDE, 0xFFDE, 0xFFDE, 0xFFDE, 0xFFDE, 0xFFDE, 0xFFDE, 0xFFDE, 0xF73A, 0xAC2E, 0xA3ED, 0xAC0D,
    0xAC0D, 0xB46E, 0xD5D4, 0xF75B, 0xFFDE, 0xFFDE, 0xFFDE, 0xFFDE, 0xFFDE, 0xFFDE, 0xFFDE, 0xFFDE,
    0xFFDE, 0xFFDE, 0xEF5A, 0x730B, 0x6AEB, 0x6ACA, 0x6ACA, 0x6ACA, 0x6AEB, 0x6AEA, 0x62A9, 0xB553,
    0xFFDE, 0xFFDE, 0xFFDE, 0xFFDE, 0xFFDE, 0xFFDE, 0xFFDE, 0xFFDE, 0xFFDE, 0xFFDE, 0xFFDE, 0xFFDE,
    0xFFDE, 0xFFDE, 0xFFDE, 0xFFDE, 0xFFDE, 0xFFDE, 0xFFDE, 0xFFDE, 0xFFDE, 0xFFDE, 0xFFDE, 0xFFDE,
    0xFFDE, 0xFFDE, 0xFFDE, 0xFFDE, 0xC532, 0x7AEA, 0x6A69, 0x6A89, 0x6269, 0x6289, 0x6A89, 0x6AA9,
    0x6A89, 0x8B4B, 0xCD31, 0xCD52, 0xCD32, 0xCD32, 0xCD52, 0xCD32, 0xCD32, 0xCD32, 0xCD52, 0xCD32,
    0xD572, 0xAC4F, 0x9BCD, 0xA3CD, 0xA3ED, 0xD5B4, 0xFFDE, 0xFFDE, 0xFFDE, 0xFFDE, 0xFFDE, 0xFFDE,
    0xFFDE, 0xFFDE, 0xFFDE, 0xFFDE, 0xFFDE, 0xFFDE, 0xFFDE, 0xFFDE, 0xFFDE, 0xFFDE, 0xFFDE, 0xFFDE,
    0xFFDE, 0xFFDE, 0xFFDE, 0xFFDE, 0xFFDE, 0xDE99, 0x6289, 0x51E7, 0x6248, 0x6A69, 0x51A6, 0x7B6D,
    0x6A89, 0x5A07, 0x6A69, 0x6269, 0x51E7, 0x836C, 0xFFDE, 0xFFDE, 0xFFDE, 0xFFDE, 0xFFDE, 0xFFDE,
    0xFFDE, 0xFFDE, 0xFFDE, 0xFFDE, 0xFFDE, 0xFFDE, 0xFFDE, 0xFFDE, 0xFFDE, 0xFFDE, 0xFFDE, 0xFFDE,
    0xFFDE, 0xFFDE, 0xFFDE, 0xFFDE, 0xFFDE, 0xFFDE, 0xFFDE, 0xFFDE, 0xE656, 0xA3ED, 0xAC2D, 0xAC4E,
    0xAC2D, 0xCD72, 0xFFDE, 0xFFDE, 0xFFDE, 0xFFDE, 0xFFDE, 0xFFDE, 0xFFDE, 0xFFDE, 0xFFDE, 0xFFDE,
    0xFFDE, 0xFFDE, 0xFFDE, 0x49A6, 0x5208, 0x5207, 0x5207, 0x5207, 0x5207, 0x5207, 0x51E7, 0xB533,
    0xFFDE, 0xFFDE, 0xFFDE, 0xFFDE, 0xFFDE, 0xFFDE, 0xFFDE, 0xFFDE, 0xFFDE, 0xFFDE, 0xFFDE, 0xFFDE,
    0xFFDE, 0xFFDE, 0xFFDE, 0xFFDE, 0xFFDE, 0xFFDE, 0xFFDE, 0xFFDE, 0xFFDE, 0xFFDE, 0xFFDE, 0xFFDE,
    0xFFDE, 0xFFDE, 0xFFDE, 0xFFDE, 0xD5F5, 0x51E7, 0x51E8, 0x5208, 0x5208, 0x5208, 0x5208, 0x5A28,
    0x5A28, 0x6A89, 0xCD11, 0xD572, 0xCD52, 0xCD52, 0xCD52, 0xCD52, 0xCD52, 0xCD52, 0xCD52, 0xCD52,
    0xD572, 0xAC4F, 0xA3CD, 0xA3CD, 0xA3ED, 0xD5B4, 0xFFDE, 0xFFDE, 0xFFDE, 0xFFDE, 0xFFDE, 0xFFDE,
    0xFFDE, 0xFFDE, 0xFFDE, 0xFFDE, 0xFFDE, 0xFFDE, 0xFFDE, 0xFFDE, 0xFFDE, 0xFFDE, 0xFFDE, 0xFFDE,
    0xFFDE, 0xFFDE, 0xFFDE, 0xFFDE, 0xFFDE, 0xDEB9, 0x6289, 0x51E7, 0x6248, 0x6A69, 0x51A6, 0x7B6D,
    0x6A89, 0x5A28, 0x6A69, 0x6A69, 0x59E7, 0x838C, 0xFFDE, 0xFFDE, 0xFFDE, 0xFFDE, 0xFFDE, 0xFFDE,
    0xFFDE, 0xFFDE, 0xFFDE, 0xFFDE, 0xFFDE, 0xFFDE, 0xFFDE, 0xFFDE, 0xFFDE, 0xFFDE, 0xFFDE, 0xFFDE,
    0xFFDE, 0xFFDE, 0xFFDE, 0xFFDE, 0xFFDE, 0xFFDE, 0xFFDE, 0xF6F9, 0xDDF4, 0xA3ED, 0xB46E, 0xB44E,
    0xAC2D, 0xCDB3, 0xFFDE, 0xFFDE, 0xFFDE, 0xFFDE, 0xFFDE, 0xFFDE, 0xFFDE, 0xFFDE, 0xFFDE, 0xFFDE,
    0xFFDE, 0xA4B1, 0x940F, 0x5228, 0x5A48, 0x5A48, 0x5A49, 0x5A49, 0x5A69, 0x6249, 0x628A, 0xBD74,
    0xE6FA, 0xFFDE, 0xFFDE, 0xFFDE, 0xFFDE, 0xFFDE, 0xFFDE, 0xFFDE, 0xFFDE, 0xFFDE, 0xFFDE, 0xFFDE,
    0xFFDE, 0xFFDE, 0xFFDE, 0xFFDE, 0xFFDE, 0xFFDE, 0xFFDE, 0xFFDE, 0xFFDE, 0xFFDE, 0xFFDE, 0xFFDE,
    0xFFDE, 0xFFDE, 0xEF1A, 0xC5B5, 0xA470, 0x51E7, 0x5228, 0x5228, 0x5A28, 0x5A28, 0x5A48, 0x6249,
    0x5A28, 0x7B2B, 0xD5B4, 0xD593, 0xD552, 0xCD52, 0xCD52, 0xCD52, 0xCD52, 0xCD52, 0xCD52, 0xCD52,
    0xD572, 0xAC4F, 0xA3CD, 0xA3ED, 0xA3ED, 0xD5B4, 0xFFDE, 0xFFDE, 0xFFDE, 0xFFDE, 0xFFDE, 0xFFDE,
    0xFFDE, 0xFFDE, 0xFFDE, 0xFFDE, 0xFFDE, 0xFFDE, 0xFFDE, 0xFFDE, 0xFFDE, 0xFFDE, 0xFFDE, 0xFFDE,
    0xFFDE, 0xFFDE, 0xFFDE, 0xFFDE, 0xFFDE, 0xDEB9, 0x62A9, 0x51E7, 0x6248, 0x6269, 0x51A6, 0x7B6D,
    0x6289, 0x5A08, 0x6A69, 0x6A69, 0x59E7, 0x836C, 0xFFDE, 0xFFDE, 0xFFDE, 0xFFDE, 0xFFDE, 0xFFDE,
    0xFFDE, 0xFFDE, 0xFFDE, 0xFFDE, 0xFFDE, 0xFFDE, 0xFFDE, 0xFFDE, 0xFFDE, 0xFFDE, 0xFFDE, 0xFFDE,
    0xFFDE, 0xFFDE, 0xFFDE, 0xFFDE, 0xFFDE, 0xFFDE, 0xFFDE, 0xF718, 0xDE14, 0xAC0D, 0xB46E, 0xB44E,
    0xAC0D, 0xCD93, 0xFFDE, 0xFFDE, 0xFFDE, 0xFFDE, 0xFFDE, 0xFFDE, 0xFFDE, 0xFFDE, 0xFFDE, 0xFFDE,
    0xEF3A, 0x5A28, 0x51C7, 0x6269, 0x5A69, 0x5A69, 0x6269, 0x6269, 0x6269, 0x6269, 0x6AAA, 0x72EB,
    0x6269, 0x9C91, 0xFFDE, 0xFFDE, 0xFFDE, 0xFFDE, 0xFFDE, 0xFFDE, 0xFFDE, 0xFFDE, 0xFFDE, 0xFFDE,
    0xFFDE, 0xFFDE, 0xFFDE, 0xFFDE, 0xFFDE, 0xFFDE, 0xFFDE, 0xFFDE, 0xFFDE, 0xFFDE, 0xFFDE, 0xFFDE,
    0xFFDE, 0xFFDE, 0xD636, 0x5A28, 0x5A28, 0x5208, 0x5A28, 0x5A28, 0x5A28, 0x5A48, 0x5A49, 0x6249,
    0x5A48, 0x730B, 0x8BAD, 0x8B6C, 0xCD31, 0xD552, 0xCD52, 0xCD52, 0xCD52, 0xCD52, 0xCD52, 0xCD52,
    0xD572, 0xAC2E, 0x9BCD, 0xA3CD, 0xA3ED, 0xD5B4, 0xFFDE, 0xFFDE, 0xFFDE, 0xFFDE, 0xFFDE, 0xFFDE,
    0xFFDE, 0xFFDE, 0xFFDE, 0xFFDE, 0xFFDE, 0xFFDE, 0xFFDE, 0xFFDE, 0xFFDE, 0xFFDE, 0xFFDE, 0xFFDE,
    0xFFDE, 0xFFDE, 0xFFDE, 0xFFDE, 0xFFDE, 0xDEB9, 0x62A9, 0x51E7, 0x6248, 0x6268, 0x51A5, 0x7B6D,
    0x6289, 0x5A08, 0x6A69, 0x6269, 0x51E7, 0x836C, 0xFFDE, 0xFFDE, 0xFFDE, 0xFFDE, 0xFFDE, 0xFFDE,
    0xFFDE, 0xFFDE, 0xFFDE, 0xFFDE, 0xFFDE, 0xFFDE, 0xFFDE, 0xFFDE, 0xFFDE, 0xFFDE, 0xFFDE, 0xFFDE,
    0xFFDE, 0xFFDE, 0xFFDE, 0xFFDE, 0xFFDE, 0xFFDE, 0xFFDE, 0xF6F8, 0xD5B3, 0xA40D, 0xB46E, 0xB44E,
    0xAC0D, 0xCD93, 0xFFDE, 0xFFDE, 0xFFDE, 0xFFDE, 0xFFDE, 0xFFDE, 0xFFDE, 0xFFDE, 0xFFDE, 0xFFDE,
    0xEF1A, 0x5A48, 0x5A28, 0x6269, 0x6269, 0x6269, 0x6269, 0x6289, 0x6289, 0x6289, 0x6289, 0x6249,
    0x51C7, 0x8BEE, 0xFFDE, 0xFFDE, 0xFFDE, 0xFFDE, 0xFFDE, 0xFFDE, 0xFFDE, 0xFFDE, 0xFFDE, 0xFFDE,
    0xFFDE, 0xFFDE, 0xFFDE, 0xFFDE, 0xFFDE, 0xFFDE, 0xFFDE, 0xFFDE, 0xFFDE, 0xFFDE, 0xFFDE, 0xFFDE,
    0xFFDE, 0xFFDE, 0xC5D5, 0x4186, 0x5208, 0x5A28, 0x5A28, 0x5A28, 0x5A48, 0x5A49, 0x6249, 0x6249,
    0x6249, 0x6249, 0x5A08, 0x6A69, 0xCD11, 0xD552, 0xCD32, 0xCD32, 0xCD32, 0xCD32, 0xCD31, 0xCD31,
    0xCD52, 0xA40D, 0x9BAC, 0x9BAC, 0xA3CD, 0xCD94, 0xFFDE, 0xFFDE, 0xFFDE, 0xFFDE, 0xFFDE, 0xFFDE,
    0xFFDE, 0xFFDE, 0xFFDE, 0xFFDE, 0xFFDE, 0xFFDE, 0xFFDE, 0xFFDE, 0xFFDE, 0xFFDE, 0xFFDE, 0xFFDE,
    0xFFDE, 0xFFDE, 0xFFDE, 0xFFDE, 0xFFDE, 0xDE99, 0x6289, 0x51C7, 0x6228, 0x6268, 0x49A5, 0x7B4C,
    0x6269, 0x5A07, 0x6269, 0x6248, 0x51C6, 0x7B6C, 0xFFDE, 0xFFDE, 0xFFDE, 0xFFDE, 0xFFDE, 0xFFDE,
    0xFFDE, 0xFFDE, 0xFFDE, 0xFFDE, 0xFFDE, 0xFFDE, 0xFFDE, 0xFFDE, 0xFFDE, 0xFFDE, 0xFFDE, 0xFFDE,
    0xFFDE, 0xFFDE, 0xFFDE, 0xFFDE, 0xFFDE, 0xFFDE, 0xFFDE, 0xFF7A, 0xDDD3, 0xA3EC, 0xB46F, 0xB44E,
    0xAC0D, 0xCD93, 0xFFDE, 0xFFDE, 0xFFDE, 0xFFDE, 0xFFDE, 0xFFDE, 0xFFDE, 0xFFDE, 0xFFDE, 0xFFDE,
    0xEF3B, 0x62AA, 0x6269, 0x6269, 0x6269, 0x6269, 0x6289, 0x6289, 0x6289, 0x6289, 0x628A, 0x6289,
    0x5A28, 0x940F, 0xFFDE, 0xFFDE, 0xFFDE, 0xFFDE, 0xFFDE, 0xFFDE, 0xFFDE, 0xFFDE, 0xFFDE, 0xFFDE,
    0xFFDE, 0xFFDE, 0xFFDE, 0xFFDE, 0xFFDE, 0xFFDE, 0xFFDE, 0xFFDE, 0xFFDE, 0xFFDE, 0xFFDE, 0xFFDE,
    0xFFDE, 0xFFDE, 0xC5B5, 0x49C7, 0x5228, 0x5A28, 0x5A48, 0x5A48, 0x5A49, 0x6249, 0x6269, 0x6269,
    0x6269, 0x6249, 0x5A28, 0x6AA9, 0xC511, 0xCD32, 0xCD11, 0xCD31, 0xCD31, 0xCD11, 0xCD11, 0xCD31,
    0xCD32, 0xA40D, 0x9BAC, 0x9BAC, 0xA3CD, 0xCD93, 0xFFDE, 0xFFDE, 0xFFDE, 0xFFDE, 0xFFDE, 0xFFDE,
    0xFFDE, 0xFFDE, 0xFFDE, 0xFFDE, 0xFFDE, 0xFFDE, 0xFFDE, 0xFFDE, 0xFFDE, 0xFFDE, 0xFFDE, 0xFFDE,
    0xFFDE, 0xFFDE, 0xFFDE, 0xFFDE, 0xFFDE, 0xDE78, 0x6289, 0x51C6, 0x5A28, 0x6248, 0x4985, 0x7B2C,
    0x6248, 0x5A07, 0x6248, 0x6248, 0x51C6, 0x7B4B, 0xFFDE, 0xFFDE, 0xFFDE, 0xFFDE, 0xFFDE, 0xFFDE,
    0xFFDE, 0xFFDE, 0xFFDE, 0xFFDE, 0xFFDE, 0xFFDE, 0xFFDE, 0xFFDE, 0xFFDE, 0xFFDE, 0xFFDE, 0xFFDE,
    0xFFDE, 0xFFDE, 0xFFDE, 0xFFDE, 0xFFDE, 0xFF59, 0xDE14, 0xE696, 0xC4F0, 0x9BAC, 0xAC2D, 0xA40D,
    0xA3EC, 0xDDF5, 0xFFDE, 0xFFDE, 0xFFDE, 0xFFDE, 0xFFDE, 0xFFDE, 0xFFDE, 0xFFDE, 0xFFDE, 0xFFDE,
    0xF75B, 0x6AAA, 0x6269, 0x6A89, 0x6289, 0x6289, 0x6289, 0x6289, 0x6289, 0x6289, 0x6289, 0x6269,
    0x5A08, 0x940F, 0xFFDE, 0xFFDE, 0xFFDE, 0xFFDE, 0xFFDE, 0xFFDE, 0xFFDE, 0xFFDE, 0xFFDE, 0xFFDE,
    0xFFDE, 0xFFDE, 0xFFDE, 0xFFDE, 0xFFDE, 0xFFDE, 0xFFDE, 0xFFDE, 0xFFDE, 0xFFDE, 0xFFDE, 0xFFDE,
    0xFFDE, 0xFFDE, 0xC5D5, 0x49C7, 0x5A28, 0x5A28, 0x5A49, 0x5A49, 0x5A49, 0x6269, 0x6269, 0x6249,
    0x6249, 0x6269, 0x5A28, 0x6AA9, 0xC511, 0xD531, 0xCD11, 0xCD11, 0xCD11, 0xC511, 0xC4F0, 0xC4F0,
    0xCD11, 0x9BAC, 0x936C, 0x9BAC, 0xA3AC, 0xCD73, 0xFFDE, 0xFFDE, 0xFFDE, 0xFFDE, 0xFFDE, 0xFFDE,
    0xFFDE, 0xFFDE, 0xFFDE, 0xFFDE, 0xFFDE, 0xFFDE, 0xFFDE, 0xFFDE, 0xFFDE, 0xFFDE, 0xFFDE, 0xFFDE,
    0xFFDE, 0xFFDE, 0xFFDE, 0xFFDE, 0xFFDE, 0xD678, 0x6268, 0x49A6, 0x5A08, 0x5A28, 0x4965, 0x730C,
    0x5A28, 0x51E7, 0x5A48, 0x5A28, 0x51A6, 0x7B2B, 0xFFDE, 0xFFDE, 0xFFDE, 0xFFDE, 0xFFDE, 0xFFDE,
    0xFFDE, 0xFFDE, 0xFFDE, 0xFFDE, 0xFFDE, 0xFFDE, 0xFFDE, 0xFFDE, 0xFFDE, 0xFFDE, 0xFFDE, 0xFFDE,
    0xFFDE, 0xFFDE, 0xFFDE, 0xFFDE, 0xFFDE, 0xCD72, 0x8329, 0x8B6A, 0xAC6E, 0xEEB7, 0xEED8, 0xEED8,
    0xEED8, 0xFFDE, 0xFFDE, 0xFFDE, 0xFFDE, 0xFFDE, 0xFFDE, 0xFFDE, 0xFFDE, 0xFFDE, 0xFFDE, 0xFFDE,
    0xFFDE, 0x6ACA, 0x6269, 0x6A69, 0x6289, 0x6289, 0x6289, 0x6A89, 0x6289, 0x6289, 0x6289, 0x6269,
    0x5A08, 0x940F, 0xFFDE, 0xFFDE, 0xFFDE, 0xFFDE, 0xFFDE, 0xFFDE, 0xFFDE, 0xFFDE, 0xFFDE, 0xF75A,
    0xC5D5, 0xCE16, 0xCE16, 0xCE16, 0xCDF6, 0xC5D5, 0xD677, 0xFFDE, 0xFFDE, 0xFFDE, 0xFFDE, 0xFFDE,
    0xFFDE, 0xFFDE, 0xC5D5, 0x49E7, 0x5A28, 0x5A28, 0x5A49, 0x6249, 0x6249, 0x6269, 0x6249, 0x6249,
    0x5A49, 0x6269, 0x5A28, 0x6A69, 0xBCB0, 0xCCF1, 0xCCF1, 0xCD11, 0xCD11, 0xC4F1, 0xCD11, 0xCD11,
    0xD573, 0xB46F, 0x9BAC, 0x9BAC, 0x9BCC, 0xD572, 0xFFDE, 0xFFDE, 0xFF7A, 0xFF9A, 0xFFDE, 0xFFDE,
    0xFFDE, 0xFFDE, 0xFFDE, 0xFFDE, 0xFFDE, 0xFFDE, 0xFFDE, 0xFFDE, 0xFFDE, 0xFFDE, 0xFFDE, 0xFFDE,
    0xFFDE, 0xFFDE, 0xFFDE, 0xFFDE, 0xFFDE, 0xD658, 0x5A48, 0x49A6, 0x5A07, 0x5A28, 0x4965, 0x730B,
    0x5A08, 0x51C7, 0x5A28, 0x5A28, 0x49A5, 0x7B2B, 0xEF5B, 0xFFDE, 0xFFDE, 0xFFDE, 0xFFDE, 0xFFDE,
    0xFFDE, 0xFFDE, 0xFFDE, 0xFFDE, 0xFFDE, 0xFFDE, 0xFFDE, 0xFFDE, 0xFFDE, 0xFFDE, 0xFFDE, 0xFFDE,
    0xFFDE, 0xFFDE, 0xFFDE, 0xFFDE, 0xFFDE, 0xBCF0, 0x830A, 0x7AE9, 0xB4D0, 0xFFDE, 0xFFDE, 0xFFDE,
    0xFFDE, 0xFFDE, 0xFFDE, 0xFFDE, 0xFFDE, 0xFFDE, 0xFFDE, 0xFFDE, 0xFFDE, 0xFFDE, 0xFFDE, 0xFFDE,
    0xFFDE, 0x6AEB, 0x6249, 0x6A89, 0x6289, 0x6269, 0x6269, 0x6269, 0x6269, 0x6269, 0x6269, 0x6249,
    0x5207, 0x93EF, 0xFFDE, 0xFFDE, 0xFFDE, 0xFFDE, 0xFFDE, 0xFFDE, 0xFFDE, 0xFFDE, 0xFFDE, 0xDE98,
    0x5A28, 0x5A48, 0x5A48, 0x5A48, 0x5A28, 0x51E6, 0x8BED, 0xFFDE, 0xFFDE, 0xFFDE, 0xFFDE, 0xFFDE,
    0xFFDE, 0xFFDE, 0xCE17, 0x5207, 0x5A29, 0x5A28, 0x6249, 0x6249, 0x6249, 0x6249, 0x6249, 0x6249,
    0x5A49, 0x6249, 0x5A28, 0x6A89, 0xDD53, 0xEDB4, 0xEDD4, 0xEDB5, 0xEDF5, 0xEDF5, 0xF657, 0xF698,
    0xF6D9, 0xF6D8, 0xB46F, 0x938B, 0x9BAC, 0xD572, 0xFF79, 0xFF38, 0xFF17, 0xFF38, 0xFF59, 0xFFDE,
    0xFFDE, 0xFFDE, 0xFFDE, 0xFFDE, 0xFFDE, 0xFFDE, 0xFFDE, 0xFFDE, 0xFFDE, 0xFFDE, 0xFFDE, 0xFFDE,
    0xFFDE, 0xFFDE, 0xFFDE, 0xFFDE, 0xFFDE, 0xD657, 0x5A48, 0x49A6, 0x5207, 0x5A08, 0x4944, 0x730B,
    0x5A07, 0x51C6, 0x5A28, 0x5A07, 0x4985, 0x730B, 0xEF5B, 0xFFDE, 0xFFDE, 0xFFDE, 0xFFDE, 0xFFDE,
    0xFFDE, 0xFFDE, 0xFFDE, 0xFFDE, 0xFFDE, 0xFFDE, 0xFFDE, 0xFFDE, 0xFFDE, 0xFFDE, 0xFFDE, 0xFFDE,
    0xFFDE, 0xFFDE, 0xFFDE, 0xFFDE, 0xFFDE, 0xBCF1, 0x8B6C, 0x8B4B, 0xBD12, 0xFFDE, 0xFFDE, 0xFFDE,
    0xFFDE, 0xFFDE, 0xFFDE, 0xFFDE, 0xFFDE, 0xFFDE, 0xFFDE, 0xFFDE, 0xFFDE, 0xFFDE, 0xFFDE, 0xFFDE,
    0xFFDE, 0x730B, 0x6249, 0x6289, 0x6289, 0x6269, 0x6269, 0x6269, 0x6269, 0x6269, 0x6249, 0x6269,
    0x5207, 0x940E, 0xFFDE, 0xFFDE, 0xFFDE, 0xFFDE, 0xFFDE, 0xFFDE, 0xFFDE, 0xFFDE, 0xFFDE, 0xDE78,
    0x4A07, 0x4A07, 0x49E7, 0x51E7, 0x51E7, 0x4986, 0x83CD, 0xFFDE, 0xFFDE, 0xFFDE, 0xFFDE, 0xFFDE,
    0xFFDE, 0xFFDE, 0xD657, 0x5A28, 0x5A28, 0x6249, 0x6249, 0x6249, 0x6249, 0x5A49, 0x5A48, 0x5A48,
    0x5A48, 0x6249, 0x5207, 0x72A9, 0xF5F5, 0xFE36, 0xFE37, 0xFE16, 0xFE16, 0xFE16, 0xFED9, 0xFF1A,
    0xF71A, 0xFFDE, 0xBCD0, 0x9B8B, 0x9BAC, 0xD572, 0xFF58, 0xFF37, 0xFF17, 0xFF38, 0xFF59, 0xFFDE,
    0xFFDE, 0xFFDE, 0xFFDE, 0xFFDE, 0xFFDE, 0xFFDE, 0xFFDE, 0xFFDE, 0xFFDE, 0xFFDE, 0xFFDE, 0xFFDE,
    0xFFDE, 0xFFDE, 0xFFDE, 0xFFDE, 0xFFDE, 0xD657, 0x5A48, 0x4986, 0x5207, 0x5A28, 0x4144, 0x72EB,
    0x5A07, 0x51C6, 0x5A28, 0x5A27, 0x49A5, 0x730B, 0xEF3B, 0xFFDE, 0xFFDE, 0xFFDE, 0xFFDE, 0xFFDE,
    0xFFDE, 0xFFDE, 0xFFDE, 0xFFDE, 0xFFDE, 0xFFDE, 0xFFDE, 0xFFDE, 0xFFDE, 0xFFDE, 0xFFDE, 0xFFDE,
    0xFFDE, 0xFFDE, 0xFFDE, 0xFFDE, 0xFFDE, 0xB4D0, 0x8B4C, 0x8B2B, 0xBD12, 0xFFDE, 0xFFDE, 0xFFDE,
    0xFFDE, 0xFFDE, 0xFFDE, 0xFFDE, 0xFFDE, 0xFFDE, 0xFFDE, 0xFFDE, 0xFF5C, 0xFFDE, 0xFFDE, 0xFFDE,
    0xF75B, 0x7B0B, 0x6A69, 0x6269, 0x6269, 0x6269, 0x6269, 0x6249, 0x6249, 0x5A49, 0x6289, 0x5A48,
    0x732B, 0xD637, 0xFFDE, 0xFFDE, 0xFFDE, 0xFFDE, 0xFFDE, 0xFFDE, 0xFFDE, 0xFFDE, 0xFFDE, 0xDE98,
    0x5A69, 0x5A49, 0x5A48, 0x5A48, 0x6269, 0x5A28, 0x942F, 0xFFDE, 0xFFDE, 0xFFDE, 0xFFDE, 0xFFDE,
    0xFFDE, 0xFFDE, 0xF75C, 0xDE98, 0x9C50, 0x5A49, 0x6269, 0x6269, 0x6269, 0x6269, 0x6249, 0x5A69,
    0x5A49, 0x5A49, 0x5207, 0x7AAA, 0xF5F5, 0xFDD5, 0xF5B5, 0xFDD5, 0xFD74, 0xF574, 0xFE98, 0xFF1A,
    0xF6FA, 0xFF5B, 0xC4F1, 0x9BAC, 0x9BAC, 0xD572, 0xFF38, 0xFF17, 0xFEF7, 0xFF18, 0xFF38, 0xFFDE,
    0xFFDE, 0xFFDE, 0xFFDE, 0xFFDE, 0xFFDE, 0xFFDE, 0xFFDE, 0xFFDE, 0xFFDE, 0xFFDE, 0xFFDE, 0xFFDE,
    0xFFDE, 0xFFDE, 0xFFDE, 0xFFDE, 0xFFDE, 0xD657, 0x5A48, 0x4986, 0x51E7, 0x5A08, 0x4144, 0x72EB,
    0x5A07, 0x51C6, 0x5A28, 0x5A28, 0x49A6, 0x730B, 0xEF5C, 0xFFDE, 0xFFDE, 0xFFDE, 0xFFDE, 0xFFDE,
    0xFFDE, 0xFFDE, 0xFFDE, 0xFFDE, 0xFFDE, 0xFFDE, 0xFFDE, 0xFFDE, 0xFFDE, 0xFFDE, 0xFFDE, 0xFFDE,
    0xFFDE, 0xFFDE, 0xFFDE, 0xFFDE, 0xFFDE, 0xBD12, 0x832B, 0x8B4B, 0xC532, 0xFFDE, 0xFFDE, 0xFFDE,
    0xFFDE, 0xFFDE, 0xFFDE, 0xFEFA, 0xFEFA, 0xFF3B, 0xFEFA, 0xFEFA, 0xFE99, 0xFEB9, 0xFE99, 0xFEFA,
    0xF6B9, 0x6A69, 0x59C7, 0x6249, 0x6269, 0x5A49, 0x5A49, 0x5A48, 0x5A69, 0x5A28, 0x49C6, 0x4165,
    0x940F, 0xFFDE, 0xFFDE, 0xFFDE, 0xFFDE, 0xFFDE, 0xFFDE, 0xFFDE, 0xFFDE, 0xFFDE, 0xFFDE, 0xDE99,
    0x5228, 0x5A68, 0x5A48, 0x5A68, 0x5A28, 0x4185, 0x93EE, 0xFFDE, 0xFFDE, 0xFFDE, 0xFFDE, 0xFFDE,
    0xFFDE, 0xFFDE, 0xFFDE, 0xFFDE, 0xB553, 0x49C6, 0x5A08, 0x5A08, 0x51E8, 0x51E8, 0x51E7, 0x51E7,
    0x51E7, 0x5207, 0x49A6, 0x6A68, 0xEDB5, 0xFD95, 0xFD74, 0xFD74, 0xF533, 0xF533, 0xFE57, 0xFF1A,
    0xF6FA, 0xFFDE, 0xBCF1, 0x8B2A, 0x9B8C, 0xD592, 0xFFFA, 0xFFFA, 0xFFDA, 0xFFFA, 0xFFBA, 0xFFDE,
    0xFFDE, 0xFFDE, 0xFFDE, 0xFFDE, 0xFFDE, 0xFFDE, 0xFFDE, 0xFFDE, 0xFFDE, 0xFFDE, 0xFFDE, 0xFF9A,
    0xFF9A, 0xFFDE, 0xFFDE, 0xF77A, 0xFFDE, 0xD677, 0x5A48, 0x4986, 0x51E7, 0x5A08, 0x4145, 0x730B,
    0x5A07, 0x59E7, 0x6228, 0x5A28, 0x51C6, 0x72EA, 0xE6D7, 0xFF9A, 0xFF38, 0xFF59, 0xFF59, 0xFF79,
    0xFF9A, 0xFF7A, 0xFF9A, 0xFF9A, 0xFF9A, 0xFFDE, 0xFFDE, 0xFFDE, 0xFFDE, 0xFFDE, 0xFFDE, 0xFFDE,
    0xF71A, 0xBD53, 0xB554, 0xBD54, 0xB533, 0x8BAD, 0x834C, 0x830B, 0xC532, 0xFFDE, 0xFFDE, 0xFFDE,
    0xFFDE, 0xFFDE, 0xFF5B, 0xFE78, 0xFE78, 0xFE99, 0xFE78, 0xFE98, 0xFE78, 0xFE78, 0xFE58, 0xFE58,
    0xF657, 0x9BAE, 0x82EB, 0x6A89, 0x5A48, 0x5A49, 0x5A69, 0x5A49, 0x5A48, 0x62A9, 0x7B6D, 0x6AAA,
    0x83AD, 0xFFDE, 0xFFDE, 0xFFDE, 0xFFDE, 0xFFDE, 0xFFDE, 0xFFDE, 0xFFDE, 0xFFDE, 0xFFDE, 0xEF5B,
    0x6AAA, 0x5A68, 0x5A48, 0x5A28, 0x6ACA, 0xA470, 0xCE16, 0xFFDE, 0xFFDE, 0xFFDE, 0xFFDE, 0xFFDE,
    0xFFDE, 0xFFDE, 0xFFDE, 0xFFDE, 0xB553, 0x62AA, 0x6ACA, 0x6ACA, 0x6AAA, 0x6AAA, 0x72CA, 0x6AAA,
    0x6AAA, 0x6AAA, 0x5A28, 0x82CA, 0xEDB5, 0xFDB5, 0xFD95, 0xF574, 0xF594, 0xF574, 0xFE36, 0xFEFA,
    0xFF1A, 0xFFDE, 0xCD73, 0xB44E, 0xAC2E, 0x9BED, 0xC552, 0xC572, 0xCDB2, 0xCD92, 0xE654, 0xFF79,
    0xFF9A, 0xFFDE, 0xFFDE, 0xFFDE, 0xFF9A, 0xFF9A, 0xFFDE, 0xFFDE, 0xFFDE, 0xFFDE, 0xFF58, 0xFF58,
    0xFF38, 0xFF38, 0xFF38, 0xF717, 0xFF9A, 0xD636, 0x6248, 0x49A6, 0x5A07, 0x5A28, 0x4965, 0x730B,
    0x5A28, 0x59E7, 0x6248, 0x6248, 0x51C7, 0x72EA, 0xE695, 0xFF57, 0xFEF6, 0xFF17, 0xFF37, 0xFF58,
    0xFF79, 0xFF79, 0xFF79, 0xFF9A, 0xFF9A, 0xFF9A, 0xFFDE, 0xFFDE, 0xFFDE, 0xFFDE, 0xFF9A, 0xFFDE,
    0xDE35, 0x6228, 0x6269, 0x6A69, 0x6A89, 0x6AAA, 0x7B0B, 0x7B0B, 0xBD32, 0xFFDE, 0xFFDE, 0xFFDE,
    0xFFDE, 0xFFDE, 0xFF3B, 0xFE99, 0xFEB9, 0xFE99, 0xFE99, 0xFE98, 0xFE78, 0xFE78, 0xFE58, 0xFE37,
    0xFE37, 0xEDF6, 0xE5F6, 0x6227, 0x4965, 0x49A6, 0x49A6, 0x4986, 0x4965, 0x838D, 0xE6FA, 0xDEB9,
    0xD657, 0xFFDE, 0xFFDE, 0xFFDE, 0xFFDE, 0xFFDE, 0xFFDE, 0xFFDE, 0xFFDE, 0xFFDE, 0xFFDE, 0xFFDE,
    0xB512, 0x5A48, 0x5A48, 0x5227, 0x83AD, 0xFFDE, 0xFFDE, 0xFFDE, 0xFFDE, 0xFFDE, 0xFFDE, 0xFFDE,
    0xFFDE, 0xFFDE, 0xFFDE, 0xFFDE, 0xEF5B, 0xE6DA, 0xDED9, 0xDED9, 0xDEB9, 0xDE16, 0xDDD5, 0xDDB5,
    0xDDB5, 0xDDB5, 0xDD94, 0xDD74, 0xFDF6, 0xFDF6, 0xFDF6, 0xFDF6, 0xFE16, 0xFE16, 0xFE37, 0xFEB9,
    0xFED9, 0xFF1A, 0xF6B8, 0xF73A, 0xDE37, 0x6248, 0x6A89, 0x6A89, 0x72C9, 0x6227, 0xAC4E, 0xFF78,
    0xFF99, 0xFF59, 0xFF59, 0xFF59, 0xFF79, 0xFF79, 0xFF79, 0xFFDE, 0xFFDE, 0xFF79, 0xFF57, 0xFF58,
    0xFF38, 0xFF38, 0xFF38, 0xF6F6, 0xFF79, 0xDE35, 0x6268, 0x49A6, 0x5A08, 0x5A28, 0x4965, 0x7B2C,
    0x5A28, 0x5A07, 0x6248, 0x6248, 0x51E7, 0x7B0B, 0xEEB6, 0xFF57, 0xFEF7, 0xFF17, 0xFF17, 0xFF58,
    0xFF9A, 0xFF9A, 0xFF9A, 0xFF9A, 0xFF9A, 0xFF9A, 0xFF9A, 0xFF9A, 0xFF7A, 0xFF7A, 0xFF7A, 0xFFDE,
    0xDE35, 0x51E7, 0x6269, 0x6269, 0x6A89, 0x6AAA, 0x72CA, 0x72CA, 0xBCF2, 0xFFDE, 0xFFDE, 0xFFDE,
    0xFFDE, 0xFFDE, 0xFF1A, 0xFE78, 0xFEB9, 0xFEB9, 0xFE98, 0xFE78, 0xFE78, 0xFE58, 0xFE57, 0xFE37,
    0xFE17, 0xFE37, 0xFE57, 0xC4B1, 0xB4B1, 0xB4D2, 0xACD1, 0xA470, 0xA450, 0xCE16, 0xFFDE, 0xFFDE,
    0xFFDE, 0xFFDE, 0xFFDE, 0xFFDE, 0xFFDE, 0xFFDE, 0xFFDE, 0xFFDE, 0xFFDE, 0xFFDE, 0xFFDE, 0xFFDE,
    0xCDF5, 0x5228, 0x5A49, 0x5208, 0x8BAE, 0xFFDE, 0xFFDE, 0xFFDE, 0xFFDE, 0xFFDE, 0xFFDE, 0xFFDE,
    0xFFDE, 0xFFDE, 0xFFDE, 0xFFDE, 0xFFDE, 0xFFDE, 0xFFDE, 0xFFDE, 0xFFDE, 0xFEF9, 0xFE98, 0xFE78,
    0xFE78, 0xFE58, 0xFE78, 0xFE58, 0xFE17, 0xFE17, 0xFE37, 0xFE37, 0xFE58, 0xFE58, 0xFE58, 0xFE78,
    0xFEB9, 0xFED9, 0xFF1A, 0xFFDE, 0xEED9, 0x6249, 0x6269, 0x6269, 0x6A89, 0x51E7, 0x9C0D, 0xF758,
    0xFF79, 0xFF39, 0xFF59, 0xFF59, 0xFF59, 0xFF79, 0xFF78, 0xFF58, 0xFF58, 0xFF58, 0xFF58, 0xFF58,
    0xFF58, 0xFF58, 0xFF38, 0xF717, 0xFF99, 0xDE55, 0x6269, 0x51C7, 0x5A28, 0x6248, 0x4985, 0x7B4C,
    0x5A28, 0x51E7, 0x6248, 0x6248, 0x51C7, 0x7B0B, 0xEEB6, 0xFF57, 0xFEF6, 0xFF17, 0xFF17, 0xFF58,
    0xFF9A, 0xFF9A, 0xFF9A, 0xFF9A, 0xFF9A, 0xFF9A, 0xFF9A, 0xFF9A, 0xFF7A, 0xFF7A, 0xFF7A, 0xFFDE,
    0xDE35, 0x5A28, 0x6AA9, 0x6AA9, 0x6AAA, 0x6AA9, 0x72CA, 0x72A9, 0xB512, 0xFFDE, 0xFFDE, 0xFFDE,
    0xFFDE, 0xFFDE, 0xFEFA, 0xFE78, 0xFE99, 0xFE98, 0xFE78, 0xFE78, 0xFE58, 0xFE57, 0xFE37, 0xFE37,
    0xFE17, 0xFDF6, 0xFDF6, 0xFE57, 0xFED9, 0xFEF9, 0xFF3A, 0xF73A, 0xFFDE, 0xFFDE, 0xFFDE, 0xFFDE,
    0xFFDE, 0xFFDE, 0xFFDE, 0xFFDE, 0xFFDE, 0xFFDE, 0xFFDE, 0xFFDE, 0xDEB9, 0xD657, 0xD657, 0xC5D6,
    0x93EE, 0x5A48, 0x6289, 0x6289, 0x730B, 0xB553, 0xC5F6, 0xD699, 0xBDD6, 0xD6B9, 0xFFDE, 0xFFDE,
    0xFFDE, 0xFFDE, 0xFFDE, 0xFFDE, 0xFFDE, 0xFFDE, 0xFFDE, 0xFFDE, 0xFFDE, 0xF678, 0xFE37, 0xFE17,
    0xFE17, 0xFE17, 0xFE17, 0xFE17, 0xFE37, 0xFE37, 0xFE58, 0xFE58, 0xFE78, 0xFE78, 0xFE99, 0xFE99,
    0xFEB9, 0xF6FA, 0xF71A, 0xFFDE, 0xEE99, 0x6289, 0x6AA9, 0x6AA9, 0x6ACA, 0x5A28, 0xA42E, 0xF738,
    0xFF58, 0xF738, 0xFF59, 0xFF58, 0xFF58, 0xFF58, 0xFF58, 0xFF58, 0xFF58, 0xFF58, 0xFF58, 0xFF58,
    0xFF59, 0xFF59, 0xFF59, 0xF718, 0xFFBA, 0xDE55, 0x6A89, 0x51C7, 0x5A28, 0x6248, 0x51A5, 0x7B6D,
    0x5A48, 0x5A07, 0x6269, 0x6268, 0x51E7, 0x7B0B, 0xEEB5, 0xFF16, 0xF6B5, 0xF6D6, 0xF6D6, 0xF717,
    0xFF59, 0xF759, 0xF759, 0xF759, 0xF759, 0xF739, 0xFF39, 0xFF39, 0xF739, 0xF719, 0xF719, 0xFF7A,
    0xD615, 0x5A07, 0x6269, 0x6269, 0x6289, 0x6A89, 0x6AA9, 0x72CA, 0x8BAC, 0xB533, 0xACB1, 0xACB1,
    0xF73B, 0xFFDE, 0xFED9, 0xFE78, 0xFE78, 0xFE78, 0xFE78, 0xFE58, 0xFE37, 0xFE37, 0xFE37, 0xFE17,
    0xFE17, 0xFDF6, 0xFDF6, 0xFE16, 0xFE57, 0xFE77, 0xFEB8, 0xFF19, 0xFFDE, 0xFFDE, 0xFFDE, 0xFFDE,
    0xFFDE, 0xFFDE, 0xFFDE, 0xFFDE, 0xFFDE, 0xFFDE, 0xFFDE, 0xDE98, 0x6B0B, 0x730B, 0x730B, 0x628A,
    0x6AAA, 0x6ACA, 0x6289, 0x6ACA, 0x72EB, 0x5A48, 0x5A69, 0x6B0B, 0x5A89, 0x73AD, 0xFFDE, 0xFFDE,
    0xFFDE, 0xFFDE, 0xFFDE, 0xFFDE, 0xFFDE, 0xFFDE, 0xFFDE, 0xFFDE, 0xFFDE, 0xFE78, 0xFE37, 0xFE37,
    0xFE37, 0xFE37, 0xFE37, 0xFE37, 0xFE38, 0xFE58, 0xFE58, 0xFE78, 0xFE99, 0xFE79, 0xFE79, 0xFE99,
    0xF6BA, 0xF6DA, 0xEEDA, 0xFFDE, 0xEE98, 0x6269, 0x6289, 0x6269, 0x6289, 0x51E7, 0x9C0E, 0xF6F8,
    0xF718, 0xF6F7, 0xF6F7, 0xF6F7, 0xF717, 0xFF17, 0xF717, 0xF717, 0xF717, 0xF718, 0xF718, 0xF718,
    0xF718, 0xF719, 0xF719, 0xF6F8, 0xFF99, 0xDE35, 0x6AA9, 0x5A08, 0x6248, 0x6A89, 0x51C6, 0x838E,
    0x49A6, 0x4145, 0x51C6, 0x51C6, 0x4125, 0x72A9, 0xFF17, 0xFFB9, 0xFF57, 0xFF78, 0xFF78, 0xFF9A,
    0xFFDE, 0xFFDE, 0xFFDE, 0xFFDE, 0xFFDE, 0xFFDE, 0xFFDE, 0xFFDE, 0xFFDE, 0xFFDE, 0xFFDE, 0xFFDE,
    0xE697, 0x5A07, 0x5A48, 0x6268, 0x6268, 0x6A89, 0x6A89, 0x72CA, 0x72A9, 0x6A88, 0x6247, 0x6A88,
    0xE698, 0xFFDE, 0xFED9, 0xFE78, 0xFE78, 0xFE78, 0xFE58, 0xFE37, 0xFE37, 0xFE37, 0xFE17, 0xFE17,
    0xFE16, 0xFDF6, 0xFDF6, 0xFDF6, 0xFE37, 0xFE57, 0xFE97, 0xFEF9, 0xFFDE, 0xFFDE, 0xFFDE, 0xFFDE,
    0xFFDE, 0xFFDE, 0xFFDE, 0xFFDE, 0xFFDE, 0xFFDE, 0xFFDE, 0xC5F6, 0x49E7, 0x5249, 0x5A8A, 0x62CA,
    0x6A8A, 0x72CA, 0x6A6A, 0x7ACA, 0x8B4C, 0x5A48, 0x41C6, 0x41A5, 0x3164, 0x5AA9, 0xFFDE, 0xFFDE,
    0xFFDE, 0xFFDE, 0xFFDE, 0xFFDE, 0xFFDE, 0xFFDE, 0xFFDE, 0xFFDE, 0xFFDE, 0xFE57, 0xFE17, 0xFE17,
    0xFE17, 0xFE17, 0xFE37, 0xFE38, 0xFE58, 0xFE58, 0xFE78, 0xFE79, 0xFE99, 0xFE78, 0xFE99, 0xFED9,
    0xFF1A, 0xF71B, 0xF71A, 0xFFDE, 0xF6D9, 0x6248, 0x6269, 0x6268, 0x6289, 0x51E6, 0xA44F, 0xFFDE,
    0xFFBA, 0xFF79, 0xFF99, 0xFF99, 0xFF99, 0xFFB9, 0xFFB9, 0xFFBA, 0xFFBA, 0xFFBA, 0xFFBA, 0xFFDA,
    0xFFDE, 0xFFDE, 0xFFDE, 0xFF9A, 0xFFDE, 0xEEF8, 0x6268, 0x4185, 0x51E7, 0x5A07, 0x4124, 0x7B4C,
    0xE6FB, 0xDEDA, 0xDEBA, 0xDE9A, 0xDEDB, 0xD679, 0x8BCD, 0x51A5, 0x6A68, 0x6248, 0x6268, 0x6A68,
    0x6A68, 0x6A89, 0x6A89, 0x72A9, 0x72A9, 0x72A9, 0x72A9, 0x72A9, 0x72A9, 0x72A9, 0x6A88, 0x6268,
    0x5A27, 0x51E7, 0x5207, 0x5A48, 0x6269, 0x6289, 0x72CA, 0x72EA, 0x7B0B, 0x7B2B, 0x7B2B, 0x7B0A,
    0x93CD, 0xB4F2, 0xCD33, 0xFEB9, 0xFE58, 0xFE58, 0xFE37, 0xFE37, 0xFE37, 0xFE37, 0xFE37, 0xFE37,
    0xFE17, 0xFE17, 0xFE17, 0xFE37, 0xFE37, 0xFE77, 0xFE98, 0xFEF9, 0xFFDE, 0xFFDE, 0xFFDE, 0xFFDE,
    0xFFDE, 0xFFDE, 0xFFDE, 0xFFDE, 0xFFDE, 0xFFDE, 0xFFDE, 0xFFDE, 0xFFDE, 0xDE98, 0x5A69, 0x6249,
    0xDC30, 0xE470, 0xE450, 0xECB1, 0xBB6D, 0x49A6, 0x4A27, 0xD657, 0xFFDE, 0xFFDE, 0xFFDE, 0xFFDE,
    0xFFDE, 0xFFDE, 0xFFDE, 0xFFDE, 0xFFDE, 0xFFDE, 0xFFDE, 0xFFDE, 0xFFDE, 0xFE36, 0xFE16, 0xFE16,
    0xFE17, 0xFE17, 0xFE37, 0xFE37, 0xFE58, 0xFE58, 0xFE78, 0xFE99, 0xFE78, 0xFED9, 0xCD33, 0x9BCD,
    0xAC4F, 0xAC2E, 0xA3CD, 0xA40E, 0x938D, 0x6269, 0x6269, 0x6268, 0x5A48, 0x5A28, 0x5A48, 0x6289,
    0x6268, 0x6268, 0x6248, 0x6268, 0x6248, 0x6268, 0x6268, 0x6268, 0x6268, 0x6269, 0x6269, 0x6269,
    0x6A89, 0x6A89, 0x6AA9, 0x6AC9, 0x6A68, 0x836D, 0xCE38, 0xDEBA, 0xDEDA, 0xE6FB, 0xDEDB, 0xEF5C,
    0xFFDE, 0xFFDE, 0xFFDE, 0xFFDE, 0xFFDE, 0xF75D, 0x838D, 0x3104, 0x51E7, 0x49A6, 0x49A6, 0x49A6,
    0x49A6, 0x51A6, 0x51C7, 0x51C7, 0x51C7, 0x51C7, 0x51C7, 0x51C7, 0x49C7, 0x49A6, 0x49A6, 0x41A6,
    0x49A6, 0x51E7, 0x49C6, 0x49A6, 0x49A5, 0x49A6, 0x5A07, 0x6248, 0x6247, 0x6248, 0x6268, 0x6AA8,
    0x6A88, 0x6A47, 0xAC4F, 0xFEFA, 0xFE38, 0xFE58, 0xFE37, 0xFE37, 0xFE37, 0xFE37, 0xFE37, 0xFE37,
    0xFE37, 0xFE37, 0xFE37, 0xFE37, 0xFE57, 0xFE57, 0xFE57, 0xFEF9, 0xFFDE, 0xFFDE, 0xFFDE, 0xFFDE,
    0xFFDE, 0xFFDE, 0xFFDE, 0xFFDE, 0xFFDE, 0xFFDE, 0xFFDE, 0xFFDE, 0xFFDE, 0xFFDE, 0x5228, 0x49C7,
    0xFD53, 0xFD13, 0xFCF2, 0xFD33, 0xC3AE, 0x49E7, 0x4A07, 0xE6B8, 0xFFDE, 0xFFDE, 0xFFDE, 0xFFDE,
    0xFFDE, 0xFFDE, 0xFFDE, 0xFFDE, 0xFFDE, 0xFFDE, 0xFFDE, 0xFFDE, 0xFFDE, 0xFE16, 0xFE16, 0xFE16,
    0xFE16, 0xFE17, 0xFE17, 0xFE37, 0xFE37, 0xFE58, 0xFE78, 0xFE78, 0xFE58, 0xFEFA, 0xB490, 0x6A88,
    0x7AEA, 0x82EA, 0x82CA, 0x7289, 0x7289, 0x6AAA, 0x6A89, 0x6289, 0x6269, 0x6269, 0x5A28, 0x49C7,
    0x49A6, 0x49C6, 0x49A6, 0x49A6, 0x49A6, 0x49C7, 0x49A7, 0x49C7, 0x49C7, 0x49C7, 0x51C7, 0x51C7,
    0x51E7, 0x51E7, 0x5208, 0x5A28, 0x49A6, 0x72EB, 0xEF5D, 0xFFDE, 0xFFDE, 0xFFDE, 0xFFDE, 0xFFDE,
    0xFFDE, 0xFFDE, 0xFFDE, 0xFFDE, 0xFFDE, 0xEF3C, 0x8BCE, 0x4185, 0x5A48, 0x5A07, 0x5A08, 0x5A28,
    0x5A28, 0x5A28, 0x6248, 0x6248, 0x6248, 0x6248, 0x6249, 0x6269, 0x5A49, 0x5A48, 0x5A48, 0x5A48,
    0x5248, 0x5A48, 0x5A48, 0x72EA, 0x838D, 0x93CE, 0x93EE, 0x93CE, 0x93AD, 0x93AD, 0x8BAD, 0x8B6C,
    0x7AEA, 0x7AE9, 0xB470, 0xFEFA, 0xFE38, 0xFE58, 0xFE38, 0xFE37, 0xFE37, 0xFE37, 0xFE37, 0xFE37,
    0xFE37, 0xFE37, 0xFE37, 0xFE37, 0xFE58, 0xFEFA, 0xFF1A, 0xFFDE, 0xFFDE, 0xFFDE, 0xFFDE, 0xFFDE,
    0xFFDE, 0xFFDE, 0xFFDE, 0xFFDE, 0xFFDE, 0xFFDE, 0xFFDE, 0xFFDE, 0xFFDE, 0xEEFA, 0x5A49, 0x59E7,
    0xECD2, 0xF4D2, 0xF4F2, 0xFD33, 0xB3AE, 0x3945, 0x4A07, 0xDEB9, 0xFFDE, 0xFFDE, 0xFFDE, 0xFFDE,
    0xFFDE, 0xFFDE, 0xFFDE, 0xFFDE, 0xFFDE, 0xFFDE, 0xFFDE, 0xFFDE, 0xFFDE, 0xFE16, 0xFE16, 0xFE16,
    0xFE16, 0xFDF6, 0xFE16, 0xFE17, 0xFE17, 0xFE38, 0xFE58, 0xFE78, 0xFE58, 0xFEDA, 0xBCB0, 0x7B0A,
    0x830A, 0x82C9, 0x7AA9, 0x7268, 0x6A68, 0x5A07, 0x51E6, 0x51E6, 0x51C6, 0x49C6, 0x5A28, 0x5A48,
    0x5A48, 0x5A48, 0x5A28, 0x5A28, 0x5A28, 0x5A28, 0x5A28, 0x5A28, 0x5A28, 0x5A28, 0x5A28, 0x5A48,
    0x6248, 0x6249, 0x6269, 0x6A8A, 0x5A28, 0x7B0C, 0xE6DB, 0xFFDE, 0xFFDE, 0xFFDE, 0xFFDE, 0xFFDE,
    0xFFDE, 0xFFDE, 0xFFDE, 0xFFDE, 0xFFDE, 0xFFDE, 0x8BEE, 0x4985, 0x6268, 0x5A28, 0x5A28, 0x5A48,
    0x6248, 0x6249, 0x6269, 0x6269, 0x6269, 0x6269, 0x6249, 0x5A28, 0x5A28, 0x5A28, 0x5A28, 0x5228,
    0x49E7, 0x6ACA, 0xC5D6, 0xE6DA, 0xEF5C, 0xFFDE, 0xFFDE, 0xF75C, 0xEF3C, 0xEF3C, 0xEF1B, 0xDE99,
    0x9C2E, 0x72C8, 0xB470, 0xFEDA, 0xF637, 0xFE37, 0xF637, 0xF617, 0xF617, 0xFE17, 0xFE37, 0xFE37,
    0xFE37, 0xFE37, 0xFE37, 0xFE37, 0xFE78, 0xFFDE, 0xFFDE, 0xFFDE, 0xFFDE, 0xFFDE, 0xFFDE, 0xFFDE,
    0xFFDE, 0xFFDE, 0xFFDE, 0xFFDE, 0xFFDE, 0xFFDE, 0xFFDE, 0xFFDE, 0xFFDE, 0xFFDE, 0xCE17, 0xB513,
    0x932C, 0x9B6D, 0xA38D, 0xABAE, 0x9BAE, 0x8BEF, 0xB574, 0xFFDE, 0xFFDE, 0xFFDE, 0xFFDE, 0xFFDE,
    0xFFDE, 0xFFDE, 0xFFDE, 0xFFDE, 0xFFDE, 0xFFDE, 0xFFDE, 0xFFDE, 0xFFDE, 0xFE57, 0xFE16, 0xFE16,
    0xFE16, 0xFDF6, 0xFE16, 0xFDF6, 0xFDF7, 0xF617, 0xF637, 0xF637, 0xF617, 0xFEB9, 0xBCD1, 0x8B6B,
    0xAC4F, 0xCD93, 0xCDB4, 0xC594, 0xC594, 0xB4F2, 0xACD1, 0xACD2, 0xA4D2, 0xAD13, 0x7B4C, 0x5207,
    0x5208, 0x5228, 0x5207, 0x5207, 0x5207, 0x5228, 0x5A28, 0x5A28, 0x5A28, 0x5A48, 0x5A48, 0x5A48,
    0x5A48, 0x5A49, 0x6269, 0x628A, 0x5A28, 0x7B2C, 0xE71B, 0xFFDE, 0xFFDE, 0xFFDE, 0xFFDE, 0xFFDE,
    0xFFDE, 0xFFDE, 0xFFDE, 0xFFDE, 0xFFDE, 0xFFDE, 0x7B6D, 0x2882, 0x4986, 0x4145, 0x4965, 0x4986,
    0x4986, 0x49A6, 0x49A6, 0x49A6, 0x49A6, 0x49A6, 0x51E7, 0x5A28, 0x5A28, 0x5A28, 0x5A28, 0x5A28,
    0x49C6, 0x49E6, 0xD658, 0xFFDE, 0xFFDE, 0xFFDE, 0xFFDE, 0xFFDE, 0xFFDE, 0xFFDE, 0xFFDE, 0xFFDE,
    0x9C4E, 0x59E5, 0xB470, 0xFF5B, 0xFEB9, 0xFE99, 0xFE99, 0xFEB9, 0xFEB9, 0xFEB9, 0xFE78, 0xFE37,
    0xFE37, 0xFE37, 0xFE17, 0xFDF6, 0xFE57, 0xFFDE, 0xFFDE, 0xFFDE, 0xFFDE, 0xFFDE, 0xFFDE, 0xFFDE,
    0xFFDE, 0xFFDE, 0xFFDE, 0xFFDE, 0xFFDE, 0xFFDE, 0xFFDE, 0xFFDE, 0xFFDE, 0xFFDE, 0xFFDE, 0xFFDE,
    0x39A6, 0x49E7, 0x49C7, 0x49E7, 0x5A69, 0xCE16, 0xFFDE, 0xFFDE, 0xFFDE, 0xFFDE, 0xFFDE, 0xFFDE,
    0xFFDE, 0xFFDE, 0xFFDE, 0xFFDE, 0xFFDE, 0xFFDE, 0xFFDE, 0xFFDE, 0xFFDE, 0xFEF9, 0xFE16, 0xFE16,
    0xFE16, 0xFDF6, 0xFDF6, 0xFE17, 0xFE58, 0xFE58, 0xFE78, 0xFE98, 0xFE98, 0xFFDE, 0xBCD0, 0x7B0A,
    0xBCD0, 0xFFDE, 0xFFDE, 0xFFDE, 0xFFDE, 0xFFDE, 0xFFDE, 0xFFDE, 0xFFDE, 0xFFDE, 0x9C91, 0x51E7,
    0x5A28, 0x5A28, 0x5208, 0x5A08, 0x51E7, 0x4986, 0x4165, 0x4165, 0x4165, 0x4165, 0x4165, 0x4165,
    0x4165, 0x4166, 0x4186, 0x49A7, 0x4145, 0x6289, 0xE6DB, 0xFFDE, 0xFFDE, 0xFFDE, 0xFFDE, 0xFFDE,
    0xFFDE, 0xFFDE, 0xFFDE, 0xFFDE, 0xFFDE, 0xFFDE, 0xA4D2, 0x62AA, 0x7B6D, 0x7B4C, 0x836D, 0x838D,
    0x838D, 0x838D, 0x83AE, 0x83AE, 0x8BCE, 0x942F, 0x7B6D, 0x5A28, 0x5A28, 0x5A28, 0x5A28, 0x5A28,
    0x51E7, 0x5A27, 0xC5D6, 0xFFDE, 0xFFDE, 0xFFDE, 0xFFDE, 0xFFDE, 0xFFDE, 0xFFDE, 0xFFDE, 0xFFDE,
    0xB4F1, 0x836B, 0x9BCD, 0xD595, 0xDDB5, 0xDDB5, 0xDD95, 0xDD95, 0xDD94, 0xD574, 0xE5B5, 0xFE57,
    0xFE16, 0xFE16, 0xFE16, 0xFE17, 0xFE58, 0xFFDE, 0xFFDE, 0xFFDE, 0xFFDE, 0xFFDE, 0xFFDE, 0xFFDE,
    0xFFDE, 0xFFDE, 0xFFDE, 0xFFDE, 0xFFDE, 0xFFDE, 0xFFDE, 0xFFDE, 0xFFDE, 0xFFDE, 0xFFDE, 0xFFDE,
    0x7B6C, 0x83AD, 0x7B6D, 0x7B8D, 0x7B8D, 0xD637, 0xFFDE, 0xFFDE, 0xFFDE, 0xFFDE, 0xFFDE, 0xFFDE,
    0xFFDE, 0xFFDE, 0xFFDE, 0xFFDE, 0xFFDE, 0xFFDE, 0xFFDE, 0xFFDE, 0xFFDE, 0xFFDE, 0xFEF8, 0xFE36,
    0xFDF6, 0xFDF6, 0xFDF6, 0xE554, 0xDD13, 0xD513, 0xD533, 0xD533, 0xD553, 0xD5B4, 0xAC6F, 0xAC90,
    0xD615, 0xFFDE, 0xFFDE, 0xFFDE, 0xFFDE, 0xFFDE, 0xFFDE, 0xFFDE, 0xFFDE, 0xFFDE, 0xAD34, 0x5A28,
    0x5A28, 0x5A48, 0x5A28, 0x5208, 0x5207, 0x7B4C, 0x838D, 0x7B6D, 0x836D, 0x7B6D, 0x7B6D, 0x838D,
    0x838D, 0x83AE, 0x8BCE, 0x93EF, 0x8BCE, 0xA491, 0xEF3C, 0xFFDE, 0xFFDE, 0xFFDE, 0xFFDE, 0xFFDE,
    0xFFDE, 0xFFDE, 0xFFDE, 0xFFDE, 0xFFDE, 0xFFDE, 0xFFDE, 0xE73B, 0xEF5C, 0xEF5C, 0xEF5C, 0xEF5C,
    0xEF5C, 0xEF5C, 0xEF5D, 0xEF5D, 0xFFDE, 0xFFDE, 0xCE17, 0x51E7, 0x5A48, 0x5A28, 0x5A28, 0x51E7,
    0x6AA9, 0xCE17, 0xFFDE, 0xFFDE, 0xFFDE, 0xFFDE, 0xFFDE, 0xFFDE, 0xFFDE, 0xFFDE, 0xFFDE, 0xFFDE,
    0xF75B, 0xE6B9, 0x93EE, 0x6A69, 0x8B4C, 0x832B, 0x830B, 0x830B, 0x7ACA, 0x7AA9, 0xBC90, 0xFE98,
    0xF615, 0xFE16, 0xFE16, 0xFF1B, 0xFF3B, 0xFFDE, 0xFFDE, 0xFFDE, 0xFFDE, 0xFFDE, 0xFFDE, 0xFFDE,
    0xFFDE, 0xFFDE, 0xFFDE, 0xFFDE, 0xFFDE, 0xFFDE, 0xFFDE, 0xFFDE, 0xFFDE, 0xFFDE, 0xFFDE, 0xFFDE,
    0xEF1B, 0xEF1B, 0xEF1A, 0xEF1B, 0xEF3B, 0xFFDE, 0xFFDE, 0xFFDE, 0xFFDE, 0xFFDE, 0xFFDE, 0xFFDE,
    0xFFDE, 0xFFDE, 0xFFDE, 0xFFDE, 0xFFDE, 0xFFDE, 0xFFDE, 0xFFDE, 0xFFDE, 0xFFDE, 0xFFDE, 0xFE97,
    0xFE36, 0xFE56, 0xFE57, 0xABAE, 0x82AA, 0x82CA, 0x82CA, 0x82CA, 0x8AEA, 0x82A9, 0xBD32, 0xF75C,
    0xFFDE, 0xFFDE, 0xFFDE, 0xFFDE, 0xFFDE, 0xFFDE, 0xFFDE, 0xFFDE, 0xFFDE, 0xFFDE, 0xC5F7, 0x6269,
    0x5A28, 0x5A49, 0x6249, 0x5A07, 0x5A69, 0xD679, 0xFFDE, 0xEF3C, 0xEF5C, 0xEF5C, 0xEF5C, 0xEF5C,
    0xFFDE, 0xFFDE, 0xFFDE, 0xFFDE, 0xFFDE, 0xFFDE, 0xFFDE, 0xFFDE, 0xFFDE, 0xFFDE, 0xFFDE, 0xFFDE,
    0xFFDE, 0xFFDE, 0xFFDE, 0xFFDE, 0xFFDE, 0xFFDE, 0xFFDE, 0xFFDE, 0xFFDE, 0xFFDE, 0xFFDE, 0xFFDE,
    0xFFDE, 0xFFDE, 0xFFDE, 0xFFDE, 0xFFDE, 0xFFDE, 0xCE37, 0x49C7, 0x6249, 0x5A28, 0x6248, 0x51C6,
    0x732B, 0xFFDE, 0xFFDE, 0xFFDE, 0xFFDE, 0xFFDE, 0xFFDE, 0xFFDE, 0xFFDE, 0xFFDE, 0xFFDE, 0xFFDE,
    0xFFDE, 0xFFDE, 0xA46F, 0x59E7, 0x6AAA, 0x6A69, 0x6268, 0x6A68, 0x6248, 0x6227, 0xB490, 0xFEB8,
    0xF615, 0xFE15, 0xFE15, 0xFFDE, 0xFFDE, 0xFFDE, 0xFFDE, 0xFFDE, 0xFFDE, 0xFFDE, 0xFFDE, 0xFFDE,
    0xFFDE, 0xFFDE, 0xFFDE, 0xFFDE, 0xFFDE, 0xFFDE, 0xFFDE, 0xFFDE, 0xFFDE, 0xFFDE, 0xFFDE, 0xFFDE,
    0xFFDE, 0xFFDE, 0xFFDE, 0xFFDE, 0xFFDE, 0xFFDE, 0xFFDE, 0xFFDE, 0xFFDE, 0xFFDE, 0xFFDE, 0xFFDE,
    0xFFDE, 0xFFDE, 0xFFDE, 0xFFDE, 0xFFDE, 0xFFDE, 0xFFDE, 0xFFDE, 0xFFDE, 0xFFDE, 0xFFDE, 0xFEF8,
    0xFE77, 0xFEB7, 0xF677, 0x8B0B, 0x6A28, 0x6A68, 0x7289, 0x7289, 0x72A9, 0x6A48, 0xCDB4, 0xFFDE,
    0xFFDE, 0xFFDE, 0xFFDE, 0xFFDE, 0xFFDE, 0xFFDE, 0xFFDE, 0xFFDE, 0xFFDE, 0xFFDE, 0xD658, 0x6269,
    0x5A28, 0x6249, 0x6269, 0x5A28, 0x5A48, 0xE6FB, 0xFFDE, 0xFFDE, 0xFFDE, 0xFFDE, 0xFFDE, 0xFFDE,
    0xFFDE, 0xFFDE, 0xFFDE, 0xFFDE, 0xFFDE, 0xFFDE, 0xFFDE, 0xFFDE, 0xFFDE, 0xFFDE, 0xFFDE, 0xFFDE,
    0xFFDE, 0xFFDE, 0xFFDE, 0xFFDE, 0xFFDE, 0xFFDE, 0xFFDE, 0xFFDE, 0xFFDE, 0xFFDE, 0xFFDE, 0xFFDE,
    0xFFDE, 0xFFDE, 0xFFDE, 0xFFDE, 0xFFDE, 0xFFDE, 0xC5F6, 0x49C7, 0x6269, 0x5A28, 0x6248, 0x51E7,
    0x730B, 0xFFDE, 0xFFDE, 0xFFDE, 0xFFDE, 0xFFDE, 0xFFDE, 0xFFDE, 0xFFDE, 0xFFDE, 0xFFDE, 0xFFDE,
    0xFFDE, 0xF75B, 0x9C0E, 0x6A68, 0x7B0B, 0x72CA, 0x72CA, 0x72EA, 0x72CA, 0x72A9, 0xB490, 0xF677,
    0xEDF4, 0xF615, 0xF615, 0xFFDE, 0xFFDE, 0xFFDE, 0xFFDE, 0xFFDE, 0xFFDE, 0xFFDE, 0xFFDE, 0xFFDE,
    0xFFDE, 0xFFDE, 0xFFDE, 0xFFDE, 0xFFDE, 0xFFDE, 0xFFDE, 0xFFDE, 0xFFDE, 0xFFDE, 0xFFDE, 0xFFDE,
    0xFFDE, 0xFFDE, 0xFFDE, 0xFFDE, 0xFFDE, 0xFFDE, 0xFFDE, 0xFFDE, 0xFFDE, 0xFFDE, 0xFFDE, 0xFFDE,
    0xFFDE, 0xFFDE, 0xFFDE, 0xFFDE, 0xFFDE, 0xFFDE, 0xFFDE, 0xFFDE, 0xFFDE, 0xFFDE, 0xFFDE, 0xF71A,
    0xF698, 0xF697, 0xEE36, 0x932B, 0x7A89, 0x7AAA, 0x7ACA, 0x7ACA, 0x7AEA, 0x7289, 0xC553, 0xFFDE,
    0xFFDE, 0xFFDE, 0xFFDE, 0xFFDE, 0xFFDE, 0xFFDE, 0xFFDE, 0xFFDE, 0xFFDE, 0xFFDE, 0xD678, 0x628A,
    0x5A28, 0x6269, 0x6269, 0x5A28, 0x5A48, 0xDEDA, 0xFFDE, 0xFFDE, 0xFFDE, 0xFFDE, 0xFFDE, 0xFFDE,
    0xFFDE, 0xFFDE, 0xFFDE, 0xFFDE, 0xFFDE, 0xFFDE, 0xFFDE, 0xFFDE, 0xFFDE, 0xFFDE, 0xFFDE, 0xFFDE,
    0xFFDE, 0xFFDE, 0xFFDE, 0xFFDE, 0xFFDE, 0xFFDE, 0xFFDE, 0xFFDE, 0xFFDE, 0xFFDE, 0xFFDE, 0xFFDE,
    0xFFDE, 0xFFDE, 0xFFDE, 0xFFDE, 0xFFDE, 0xFFDE, 0xCDF7, 0x49C7, 0x6249, 0x5A28, 0x5A48, 0x51E7,
    0x732B, 0xFFDE, 0xFFDE, 0xFFDE, 0xFFDE, 0xFFDE, 0xFFDE, 0xFFDE, 0xFFDE, 0xFFDE, 0xFFDE, 0xFFDE,
    0xFFDE, 0xF75B, 0x93ED, 0x6A89, 0x7B0B, 0x72EA, 0x72EA, 0x72CA, 0x6A68, 0x6227, 0xAC90, 0xFEF8,
    0xF655, 0xFE96, 0xFEB6, 0xFFDE, 0xFFDE, 0xFFDE, 0xFFDE, 0xFFDE, 0xFFDE, 0xFFDE, 0xFFDE, 0xFFDE,
    0xFFDE, 0xFFDE, 0xFFDE, 0xFFDE, 0xFFDE, 0xFFDE, 0xFFDE, 0xFFDE, 0xFFDE, 0xFFDE, 0xFFDE, 0xFFDE,
    0xFFDE, 0xFFDE, 0xFFDE, 0xFFDE, 0xFFDE, 0xFFDE, 0xFFDE, 0xFFDE, 0xFFDE, 0xFFDE, 0xFFDE, 0xFFDE,
    0xFFDE, 0xFFDE, 0xFFDE, 0xFFDE, 0xFFDE, 0xFFDE, 0xFFDE, 0xFFDE, 0xFFDE, 0xFFDE, 0xFFDE, 0xFFDE,
    0xFF9A, 0xFF7A, 0xFEF9, 0x8B2B, 0x6A68, 0x7289, 0x72A9, 0x72A9, 0x7ACA, 0x6A48, 0xC573, 0xFFDE,
    0xFFDE, 0xFFDE, 0xFFDE, 0xFFDE, 0xFFDE, 0xFFDE, 0xFFDE, 0xFFDE, 0xFFDE, 0xFFDE, 0xD678, 0x628A,
    0x5A28, 0x5A69, 0x6269, 0x5A28, 0x5A48, 0xDEDA, 0xFFDE, 0xFFDE, 0xFFDE, 0xFFDE, 0xFFDE, 0xFFDE,
    0xFFDE, 0xFFDE, 0xFFDE, 0xFFDE, 0xFFDE, 0xFFDE, 0xFFDE, 0xFFDE, 0xFFDE, 0xFFDE, 0xFFDE, 0xFFDE,
    0xFFDE, 0xFFDE, 0xFFDE, 0xFFDE, 0xFFDE, 0xFFDE, 0xFFDE, 0xFFDE, 0xFFDE, 0xFFDE, 0xFFDE, 0xFFDE,
    0xFFDE, 0xFFDE, 0xFFDE, 0xFFDE, 0xFFDE, 0xFFDE, 0xC5F7, 0x49C6, 0x6249, 0x5A28, 0x5A48, 0x51E7,
    0x732B, 0xFFDE, 0xFFDE, 0xFFDE, 0xFFDE, 0xFFDE, 0xFFDE, 0xFFDE, 0xFFDE, 0xFFDE, 0xFFDE, 0xFFDE,
    0xFFDE, 0xEF3A, 0x836B, 0x6228, 0x72CA, 0x6A89, 0x6A89, 0x72C9, 0x7B0B, 0x7ACA, 0x93CD, 0xD5D4,
    0xCD92, 0xD5B2, 0xD5B3, 0xDEBC, 0xDEBD, 0xDEBD, 0xDEDD, 0xE6DD, 0xE6DD, 0xE6FD, 0xE6FD, 0xE6FD,
    0xE71D, 0xE71D, 0xE71D, 0xE71D, 0xE6FD, 0xE6FC, 0xE6FC, 0xDEDC, 0xDEDC, 0xDEDC, 0xDEDC, 0xDEDC,
    0xE6DD, 0xE6FD, 0xE6FD, 0xE6FD, 0xE6FD, 0xE6FD, 0xE6FC, 0xE6FD, 0xE6FD, 0xE6FD, 0xE6FD, 0xE71D,
    0xE71E, 0xE71E, 0xE71E, 0xE71E, 0xE71E, 0xEF1E, 0xEF1D, 0xEF3D, 0xEF3D, 0xE6DA, 0xDE55, 0xE6B6,
    0xE696, 0xDE96, 0xDE35, 0x82EB, 0x6A68, 0x7289, 0x7289, 0x7289, 0x72A9, 0x61E6, 0xBD32, 0xFFDE,
    0xFFDE, 0xFFDE, 0xFFDE, 0xFFDE, 0xFFDE, 0xFFDE, 0xFFDE, 0xFFDE, 0xFFDE, 0xFFDE, 0xD658, 0x628A,
    0x5A28, 0x5A49, 0x6249, 0x5A28, 0x5A48, 0xE6DA, 0xFFDE, 0xFFDE, 0xFFDE, 0xFFDE, 0xFFDE, 0xFFDE,
    0xFFDE, 0xFFDE, 0xFFDE, 0xFFDE, 0xFFDE, 0xFFDE, 0xFFDE, 0xFFDE, 0xFFDE, 0xFFDE, 0xFFDE, 0xFFDE,
    0xFFDE, 0xFFDE, 0xFFDE, 0xFFDE, 0xFFDE, 0xFFDE, 0xFFDE, 0xFFDE, 0xFFDE, 0xFFDE, 0xFFDE, 0xFFDE,
    0xFFDE, 0xFFDE, 0xFFDE, 0xFFDE, 0xFFDE, 0xFFDE, 0xCDF7, 0x49A6, 0x5A49, 0x5A28, 0x5A28, 0x51C6,
    0x732B, 0xFFDE, 0xFFDE, 0xFFDE, 0xFFDE, 0xFFDE, 0xFFDE, 0xFFDE, 0xFFDE, 0xFFDE, 0xFFDE, 0xFFDE,
    0xFFDE, 0xF75B, 0xA44F, 0x832B, 0x8B8D, 0x8BAD, 0x9C0E, 0xBD32, 0xD616, 0xD617, 0x8BCD, 0x6248,
    0x6AC9, 0x6AC9, 0x6AA9, 0x8BF5, 0x8BD7, 0x8BD7, 0x93F7, 0x93F7, 0x9417, 0x9C17, 0x9C38, 0x9C38,
    0x9C38, 0x9C38, 0x9C38, 0x9C38, 0x9417, 0x9417, 0x93F7, 0x8BF7, 0x8BD7, 0x8BD7, 0x8BD7, 0x8BD7,
    0x93F7, 0x93F7, 0x93F8, 0x93F7, 0x93F7, 0x9417, 0x9417, 0x9417, 0x9417, 0x9418, 0x9418, 0x9C38,
    0x9C38, 0x9C38, 0x9C38, 0x9C38, 0x9C38, 0x9C38, 0x9C58, 0x9C57, 0x9C57, 0x8B91, 0x6A89, 0x72E9,
    0x6AE9, 0x6AE9, 0x6268, 0x93EE, 0xBD74, 0xBD74, 0xBD53, 0xB532, 0xBD32, 0xACB0, 0xDE56, 0xFFDE,
    0xFFDE, 0xFFDE, 0xFFDE, 0xFFDE, 0xFFDE, 0xFFDE, 0xFFDE, 0xFFDE, 0xFFDE, 0xFFDE, 0xCE37, 0x6269,
    0x5208, 0x5A48, 0x6249, 0x5A28, 0x5A48, 0xE6DA, 0xFFDE, 0xFFDE, 0xFFDE, 0xFFDE, 0xFFDE, 0xFFDE,
    0xFFDE, 0xFFDE, 0xFFDE, 0xFFDE, 0xFFDE, 0xFFDE, 0xFFDE, 0xFFDE, 0xFFDE, 0xFFDE, 0xFFDE, 0xFFDE,
    0xFFDE, 0xFFDE, 0xFFDE, 0xFFDE, 0xFFDE, 0xFFDE, 0xFFDE, 0xFFDE, 0xFFDE, 0xFFDE, 0xFFDE, 0xFFDE,
    0xFFDE, 0xFFDE, 0xFFDE, 0xFFDE, 0xFFDE, 0xFFDE, 0xC5F7, 0x49A6, 0x5A28, 0x5A08, 0x5A28, 0x51C6,
    0x730B, 0xFFDE, 0xFFDE, 0xFFDE, 0xFFDE, 0xFFDE, 0xFFDE, 0xFFDE, 0xFFDE, 0xFFDE, 0xFFDE, 0xFFDE,
    0xFFDE, 0xFFDE, 0xEEF9, 0xDE98, 0xDE98, 0xE6D9, 0xEF3A, 0xFFDE, 0xFFDE, 0xFFDE, 0xACD1, 0x3103,
    0x49C7, 0x41A6, 0x4186, 0x7B55, 0x7B56, 0x7B36, 0x8357, 0x8357, 0x8357, 0x8377, 0x8B77, 0x8B57,
    0x8357, 0x8357, 0x8357, 0x8337, 0x7B37, 0x7B17, 0x7B17, 0x7AF7, 0x7AF7, 0x7AF7, 0x7AF7, 0x72F7,
    0x72F7, 0x72F6, 0x72D6, 0x72D6, 0x72D6, 0x72F6, 0x72F7, 0x72F7, 0x72F7, 0x7AF7, 0x7AF7, 0x7B17,
    0x8317, 0x8317, 0x8337, 0x8316, 0x8336, 0x8336, 0x7B36, 0x7B36, 0x7B16, 0x524E, 0x3965, 0x3966,
    0x3965, 0x3986, 0x3103, 0xC594, 0xFFDE, 0xFFDE, 0xFFDE, 0xFFDE, 0xFFDE, 0xFFDE, 0xFFDE, 0xFFDE,
    0xFFDE, 0xFFDE, 0xFFDE, 0xFFDE, 0xFFDE, 0xFFDE, 0xFFDE, 0xFFDE, 0xFFDE, 0xFFDE, 0xCE17, 0x5A49,
    0x5208, 0x5A48, 0x5A49, 0x5A28, 0x5A49, 0xE6FA, 0xFFDE, 0xFFDE, 0xFFDE, 0xFFDE, 0xFFDE, 0xFFDE,
    0xFFDE, 0xFFDE, 0xFFDE, 0xFFDE, 0xFFDE, 0xFFDE, 0xFFDE, 0xFFDE, 0xFFDE, 0xFFDE, 0xFFDE, 0xFFDE,
    0xFFDE, 0xFFDE, 0xFFDE, 0xFFDE, 0xFFDE, 0xFFDE, 0xFFDE, 0xFFDE, 0xFFDE, 0xFFDE, 0xFFDE, 0xFFDE,
    0xFFDE, 0xFFDE, 0xFFDE, 0xFFDE, 0xFFDE, 0xFFDE, 0xCDF7, 0x49A6, 0x5A28, 0x5208, 0x5A28, 0x49A6,
    0x730B, 0xFFDE, 0xFFDE, 0xFFDE, 0xFFDE, 0xFFDE, 0xFFDE, 0xFFDE, 0xFFDE, 0xFFDE, 0xFFDE, 0xFFDE,
    0xFFDE, 0xFFDE, 0xFFDE, 0xFFDE, 0xFFDE, 0xFFDE, 0xFFDE, 0xFFDE, 0xFFDE, 0xFFDE, 0xACD1, 0x41A5,
    0x5249, 0x5208, 0x5208, 0x7B96, 0x8397, 0x8397, 0x8B97, 0x8B98, 0x8B98, 0x8BB8, 0x8BB8, 0x8BB8,
    0x8B98, 0x8B98, 0x8B78, 0x8378, 0x8378, 0x8377, 0x8357, 0x8357, 0x8358, 0x8358, 0x8358, 0x8358,
    0x8358, 0x7B57, 0x7B57, 0x7B38, 0x7B37, 0x7B38, 0x8338, 0x8338, 0x8358, 0x8358, 0x8358, 0x8358,
    0x8B58, 0x8B78, 0x8B78, 0x8B98, 0x8B97, 0x8B97, 0x8B97, 0x8B78, 0x8378, 0x628E, 0x41C6, 0x49E7,
    0x4A07, 0x5228, 0x49E6, 0xC5B5, 0xFFDE, 0xFFDE, 0xFFDE, 0xFFDE, 0xFFDE, 0xFFDE, 0xFFDE, 0xFFDE,
    0xFFDE, 0xFFDE, 0xFFDE, 0xFFDE, 0xFFDE, 0xFFDE, 0xFFDE, 0xFFDE, 0xFFDE, 0xFFDE, 0xCE16, 0x5A49,
    0x5208, 0x5A48, 0x5A49, 0x5A28, 0x5A49, 0xE6FA, 0xFFDE, 0xFFDE, 0xFFDE, 0xFFDE, 0xFFDE, 0xFFDE,
    0xFFDE, 0xFFDE, 0xFFDE, 0xFFDE, 0xFFDE, 0xFFDE, 0xFFDE, 0xFFDE, 0xFFDE, 0xFFDE, 0xFFDE, 0xFFDE,
    0xFFDE, 0xFFDE, 0xFFDE, 0xFFDE, 0xFFDE, 0xFFDE, 0xFFDE, 0xFFDE, 0xFFDE, 0xFFDE, 0xFFDE, 0xFFDE,
    0xFFDE, 0xFFDE, 0xFFDE, 0xFFDE, 0xFFDE, 0xFFDE, 0xC5F7, 0x49A6, 0x5A28, 0x5208, 0x5207, 0x49A6,
    0x730B, 0xFFDE, 0xFFDE, 0xFFDE, 0xFFDE, 0xFFDE, 0xFFDE, 0xFFDE, 0xFFDE, 0xFFDE, 0xFFDE, 0xFFDE,
    0xFFDE, 0xFFDE, 0xFFDE, 0xFFDE, 0xFFDE, 0xFFDE, 0xFFDE, 0xFFDE, 0xFFDE, 0xFFDE, 0xACF1, 0x4145,
    0x5228, 0x49E7, 0x49C7, 0x7B96, 0x8397, 0x8377, 0x8B97, 0x8B78, 0x8B98, 0x8B98, 0x8B98, 0x8B78,
    0x8B78, 0x8358, 0x8358, 0x8357, 0x8337, 0x8357, 0x8337, 0x8337, 0x8337, 0x8357, 0x8358, 0x8338,
    0x7B17, 0x7B17, 0x7B17, 0x7B17, 0x7B17, 0x7B17, 0x7B17, 0x7B17, 0x7B17, 0x8337, 0x8337, 0x8337,
    0x8337, 0x8357, 0x8357, 0x8377, 0x8377, 0x8B77, 0x8377, 0x8378, 0x8338, 0x628E, 0x41C6, 0x49E6,
    0x49E7, 0x4A07, 0x49C6, 0xC5B5, 0xFFDE, 0xFFDE, 0xFFDE, 0xFFDE, 0xFFDE, 0xFFDE, 0xFFDE, 0xFFDE,
    0xFFDE, 0xFFDE, 0xFFDE, 0xFFDE, 0xFFDE, 0xFFDE, 0xFFDE, 0xFFDE, 0xFFDE, 0xFFDE, 0xCDF6, 0x5A48,
    0x51E8, 0x5A28, 0x5A49, 0x5A28, 0x5A48, 0xE6FA, 0xFFDE, 0xFFDE, 0xFFDE, 0xFFDE, 0xFFDE, 0xFFDE,
    0xFFDE, 0xFFDE, 0xFFDE, 0xFFDE, 0xFFDE, 0xFFDE, 0xFFDE, 0xFFDE, 0xFFDE, 0xFFDE, 0xFFDE, 0xFFDE,
    0xFFDE, 0xFFDE, 0xFFDE, 0xFFDE, 0xFFDE, 0xFFDE, 0xFFDE, 0xFFDE, 0xFFDE, 0xFFDE, 0xFFDE, 0xFFDE,
    0xFFDE, 0xFFDE, 0xFFDE, 0xFFDE, 0xFFDE, 0xFFDE, 0xC5F7, 0x49A6, 0x5A28, 0x5208, 0x5207, 0x49A6,
    0x730B, 0xFFDE, 0xFFDE, 0xF75A, 0xFFDE, 0xFFDE, 0xFFDE, 0xFFDE, 0xFFDE, 0xFFDE, 0xFFDE, 0xFFDE,
    0xFFDE, 0xFFDE, 0xFFDE, 0xFFDE, 0xFFDE, 0xFFDE, 0xFFDE, 0xFFDE, 0xFFDE, 0xFFDE, 0xBD33, 0x49A6,
    0x5A89, 0x5A69, 0x5A28, 0x8BB7, 0x93D8, 0x8BB8, 0x93B8, 0x93B8, 0x93B8, 0x93B8, 0x8BB8, 0x8B98,
    0x8B98, 0x8B78, 0x8358, 0x8357, 0x8357, 0x8357, 0x8337, 0x8337, 0x8337, 0x8357, 0x8357, 0x8357,
    0x8B98, 0x8B98, 0x8377, 0x8357, 0x7AF7, 0x7AF7, 0x7AF7, 0x7B17, 0x7B17, 0x7B17, 0x7B17, 0x7B17,
    0x7B17, 0x7B17, 0x8337, 0x8337, 0x8357, 0x8357, 0x8356, 0x8357, 0x8337, 0x6290, 0x49E7, 0x5227,
    0x5228, 0x5A48, 0x51E6, 0xCDD5, 0xFFDE, 0xFFDE, 0xFFDE, 0xFFDE, 0xFFDE, 0xFFDE, 0xFFDE, 0xFFDE,
    0xFFDE, 0xFFDE, 0xFFDE, 0xFFDE, 0xFFDE, 0xFFDE, 0xFFDE, 0xFFDE, 0xF75B, 0xFFDE, 0xCE16, 0x5A48,
    0x51E7, 0x5A28, 0x5A49, 0x5A28, 0x5A48, 0xE6FA, 0xFFDE, 0xFFDE, 0xFFDE, 0xFFDE, 0xFFDE, 0xFFDE,
    0xFFDE, 0xFFDE, 0xFFDE, 0xFFDE, 0xFFDE, 0xFFDE, 0xFFDE, 0xFFDE, 0xFFDE, 0xFFDE, 0xFFDE, 0xFFDE,
    0xFFDE, 0xFFDE, 0xFFDE, 0xFFDE, 0xFFDE, 0xFFDE, 0xFFDE, 0xFFDE, 0xFFDE, 0xFFDE, 0xFFDE, 0xFFDE,
    0xFFDE, 0xFFDE, 0xFFDE, 0xFFDE, 0xFFDE, 0xFFDE, 0xC5F6, 0x49A6, 0x5A28, 0x5207, 0x5207, 0x49A6,
    0x7B4B, 0xFFDE, 0xFFDE, 0xFFDE, 0xFFDE, 0xFFDE, 0xFFDE, 0xFFDE, 0xFFDE, 0xFFDE, 0xFFDE, 0xFFDE,
    0xFFDE, 0xFFDE, 0xFFDE, 0xFFDE, 0xFFDE, 0xFFDE, 0xFFDE, 0xFFDE, 0xFFDE, 0xFFDE, 0xC574, 0x834C,
    0x9C4F, 0x9C4F, 0x9C2F, 0xA459, 0xA47A, 0xA45A, 0xA47A, 0xA47A, 0xA45A, 0xA45A, 0xA45B, 0xA43B,
    0xA43B, 0x9C1A, 0x9C1A, 0x9BFA, 0x9BFA, 0x9BFA, 0x93F9, 0x93B9, 0x8B78, 0x8B58, 0x8338, 0x93D9,
    0xCDDC, 0xCDDC, 0xCDDC, 0xACBA, 0x7AF7, 0x7B17, 0x7B17, 0x8337, 0x8337, 0x8338, 0x8338, 0x8338,
    0x8337, 0x8357, 0x8B57, 0x8B78, 0x8B98, 0x8B98, 0x93B8, 0x93D8, 0x93B8, 0x7B33, 0x5A49, 0x5A48,
    0x5A69, 0x628A, 0x49A6, 0xC594, 0xFFDE, 0xFFDE, 0xFFDE, 0xFFDE, 0xFFDE, 0xFFDE, 0xFFDE, 0xFFDE,
    0xFFDE, 0xFFDE, 0xFFDE, 0xFFDE, 0xFFDE, 0xFFDE, 0xFFDE, 0xFFDE, 0xFFDE, 0xFFDE, 0xD657, 0x5A48,
    0x51E7, 0x5A28, 0x5A49, 0x5A28, 0x5A48, 0xE6FA, 0xFFDE, 0xFFDE, 0xFFDE, 0xFFDE, 0xFFDE, 0xFFDE,
    0xFFDE, 0xFFDE, 0xFFDE, 0xFFDE, 0xFFDE, 0xFFDE, 0xFFDE, 0xFFDE, 0xFFDE, 0xFFDE, 0xFFDE, 0xFFDE,
    0xFFDE, 0xFFDE, 0xFFDE, 0xFFDE, 0xFFDE, 0xFFDE, 0xFFDE, 0xFFDE, 0xFFDE, 0xFFDE, 0xFFDE, 0xFFDE,
    0xFFDE, 0xFFDE, 0xFFDE, 0xFFDE, 0xFFDE, 0xFFDE, 0xC5F6, 0x49A6, 0x5A28, 0x5207, 0x5207, 0x49A6,
    0x7B2B, 0xFFDE, 0xFFDE, 0xFFDE, 0xFFDE, 0xFFDE, 0xFFDE, 0xFFDE, 0xFFDE, 0xFFDE, 0xFFDE, 0xFFDE,
    0xFFDE, 0xFFDE, 0xFFDE, 0xFFDE, 0xFFDE, 0xFFDE, 0xFFDE, 0xFFDE, 0xFFDE, 0xFFDE, 0xD616, 0xB4D1,
    0xC5B4, 0xC593, 0xCDB3, 0xACBA, 0xAC9B, 0xAC9B, 0xACBB, 0xACBC, 0xACBC, 0xB4BC, 0xB4DC, 0xB4BD,
    0xACBD, 0xAC9D, 0xAC9D, 0xAC9C, 0xAC9C, 0xAC9C, 0xAC9C, 0xAC7C, 0x9C1B, 0x8B99, 0x8B79, 0x9C3A,
    0xE6DE, 0xE6DE, 0xEF3F, 0xC57D, 0x8B9A, 0x93DA, 0x93DA, 0x9BFA, 0x9BFB, 0x9BFB, 0x9BFB, 0x9C1B,
    0xA41B, 0xA43B, 0xA43B, 0xA45B, 0xAC7B, 0xAC9B, 0xB4BB, 0xB4DC, 0xAC7B, 0x9438, 0x8BAF, 0x732B,
    0x6ACB, 0x72EB, 0x59E6, 0xC594, 0xFFDE, 0xFFDE, 0xFFDE, 0xFFDE, 0xFFDE, 0xFFDE, 0xFFDE, 0xFFDE,
    0xFFDE, 0xFFDE, 0xFFDE, 0xFFDE, 0xFFDE, 0xFFDE, 0xFFDE, 0xFFDE, 0xFFDE, 0xFFDE, 0xD657, 0x5A28,
    0x49C7, 0x5228, 0x5A48, 0x5228, 0x5A28, 0xE6DA, 0xFFDE, 0xFFDE, 0xFFDE, 0xFFDE, 0xFFDE, 0xFFDE,
    0xFFDE, 0xFFDE, 0xFFDE, 0xFFDE, 0xFFDE, 0xFFDE, 0xFFDE, 0xFFDE, 0xFFDE, 0xFFDE, 0xFFDE, 0xFFDE,
    0xFFDE, 0xFFDE, 0xFFDE, 0xFFDE, 0xFFDE, 0xFFDE, 0xFFDE, 0xFFDE, 0xFFDE, 0xFFDE, 0xFFDE, 0xFFDE,
    0xFFDE, 0xFFDE, 0xFFDE, 0xFFDE, 0xFFDE, 0xFFDE, 0xC5F6, 0x49A6, 0x5A28, 0x5228, 0x5228, 0x51E7,
    0x5A28, 0x8BEE, 0x9C6F, 0x9C6F, 0xACD0, 0xACD1, 0xBD32, 0xFFDE, 0xFFDE, 0xFFDE, 0xFFDE, 0xFFDE,
    0xFFDE, 0xFFDE, 0xFFDE, 0xFFDE, 0xFFDE, 0xFFDE, 0xFFDE, 0xFFDE, 0xFFDE, 0xFFDE, 0xFFDE, 0xDEB9,
    0xDEB9, 0xE6DA, 0xE6D9, 0x9C19, 0x93D9, 0x93FA, 0x93F9, 0x93D9, 0xA43A, 0xACBC, 0xAC9C, 0xAC9C,
    0xAC7C, 0xAC7C, 0xAC7C, 0xA47C, 0xA47C, 0xAC7C, 0xAC7C, 0xAC9C, 0xA47C, 0x9C3B, 0x9BFA, 0xA45A,
    0xEEFE, 0xE6FE, 0xEF1E, 0xC5BD, 0x9C1C, 0xA47C, 0xA45C, 0xA45C, 0xA45C, 0xAC5C, 0xAC5C, 0xAC7C,
    0xAC7C, 0xAC7C, 0xAC9C, 0xAC9C, 0xAC9C, 0xB4BC, 0xB4BC, 0xB4DC, 0x9C3B, 0x8C19, 0xCE3A, 0xCE58,
    0xBDD7, 0xBDB6, 0xB554, 0xE6FA, 0xFFDE, 0xFFDE, 0xFFDE, 0xFFDE, 0xFFDE, 0xFFDE, 0xFFDE, 0xFFDE,
    0xFFDE, 0xFFDE, 0xFFDE, 0xFFDE, 0xFFDE, 0xACB0, 0xA490, 0x9C8F, 0x9C4F, 0xA4D0, 0x940E, 0x5208,
    0x51E7, 0x5228, 0x5A48, 0x5A28, 0x5248, 0xDEDA, 0xFFDE, 0xFFDE, 0xFFDE, 0xFFDE, 0xFFDE, 0xFFDE,
    0xFFDE, 0xFFDE, 0xFFDE, 0xFFDE, 0xFFDE, 0xFFDE, 0xFFDE, 0xFFDE, 0xFFDE, 0xFFDE, 0xFFDE, 0xFFDE,
    0xFFDE, 0xFFDE, 0xFFDE, 0xFFDE, 0xFFDE, 0xFFDE, 0xFFDE, 0xFFDE, 0xFFDE, 0xFFDE, 0xFFDE, 0xFFDE,
    0xFFDE, 0xFFDE, 0xFFDE, 0xFFDE, 0xFFDE, 0xFFDE, 0xC5D6, 0x3924, 0x4986, 0x4185, 0x4185, 0x4186,
    0x41A6, 0x4185, 0x4165, 0x4185, 0x41A5, 0x4164, 0x51A5, 0xFFDE, 0xFFDE, 0xFFDE, 0xFFDE, 0xFFDE,
    0xFFDE, 0xFFDE, 0xFFDE, 0xFFDE, 0xFFDE, 0xFFDE, 0xFFDE, 0xFFDE, 0xFFDE, 0xFFDE, 0xFFDE, 0xFFDE,
    0xFFDE, 0xFFDE, 0xFFDE, 0x8B98, 0x8359, 0x8379, 0x8358, 0x8318, 0x93DA, 0xB4BD, 0xAC9C, 0xAC7C,
    0xAC7C, 0xAC7C, 0xAC7C, 0xAC7C, 0xAC7C, 0xAC7C, 0xAC9C, 0xAC9C, 0xACBD, 0xB4DD, 0xAC9C, 0xB4FD,
    0xFFDE, 0xFFDE, 0xFFDE, 0xE69E, 0xA41C, 0xAC5C, 0xA45C, 0xA45C, 0xA43C, 0xA45C, 0xA45C, 0xA45C,
    0xA45C, 0xA45C, 0xA45C, 0xAC7C, 0xAC7C, 0xAC9C, 0xB4BC, 0xB4BC, 0x9C1B, 0x9C9A, 0xFFDE, 0xFFDE,
    0xFFDE, 0xFFDE, 0xFFDE, 0xFFDE, 0xFFDE, 0xFFDE, 0xFFDE, 0xFFDE, 0xFFDE, 0xFFDE, 0xFFDE, 0xFFDE,
    0xFFDE, 0xFFDE, 0xFFDE, 0xFFDE, 0xFFDE, 0x3923, 0x3944, 0x3944, 0x3944, 0x3944, 0x4185, 0x49A6,
    0x49A6, 0x49C6, 0x49E7, 0x49C6, 0x49E6, 0xDEBA, 0xFFDE, 0xFFDE, 0xFFDE, 0xFFDE, 0xFFDE, 0xFFDE,
    0xFFDE, 0xFFDE, 0xFFDE, 0xFFDE, 0xFFDE, 0xFFDE, 0xFFDE, 0xFFDE, 0xFFDE, 0xFFDE, 0xFFDE, 0xFFDE,
    0xFFDE, 0xFFDE, 0xFFDE, 0xFFDE, 0xFFDE, 0xFFDE, 0xFFDE, 0xFFDE, 0xFFDE, 0xFFDE, 0xFFDE, 0xFFDE,
    0xFFDE, 0xFFDE, 0xFFDE, 0xFFDE, 0xFFDE, 0xFFDE, 0xD678, 0x6AEB, 0x6B0B, 0x6B0B, 0x730B, 0x734C,
    0x6AEB, 0x51E7, 0x5A48, 0x5248, 0x5A48, 0x5A28, 0x6A88, 0xFFDE, 0xFFDE, 0xFFDE, 0xFFDE, 0xFFDE,
    0xFFDE, 0xFFDE, 0xFFDE, 0xFFDE, 0xFFDE, 0xFFDE, 0xFFDE, 0xFFDE, 0xFFDE, 0xFFDE, 0xFFDE, 0xFFDE,
    0xFFDE, 0xFFDE, 0xFFDE, 0x8377, 0x8358, 0x8358, 0x8338, 0x8338, 0x93DA, 0xACBC, 0xAC7C, 0xAC7C,
    0xAC7C, 0xAC5C, 0xAC7C, 0xAC7C, 0xAC7C, 0xAC9C, 0xAC9C, 0xAC9C, 0xACBC, 0xB4BD, 0xAC9D, 0xACDD,
    0xFFDE, 0xFFDE, 0xFFDE, 0xD61E, 0x9BDC, 0xA43C, 0x9C1C, 0xA41C, 0xA43C, 0xA45C, 0xA45C, 0xA45C,
    0xA45C, 0xA45C, 0xA45C, 0xAC5C, 0xAC9C, 0xB4BC, 0xB4DC, 0xB4DC, 0x9C1A, 0xACFA, 0xFFDE, 0xFFDE,
    0xFFDE, 0xFFDE, 0xFFDE, 0xFFDE, 0xFFDE, 0xFFDE, 0xFFDE, 0xFFDE, 0xFFDE, 0xFFDE, 0xFFDE, 0xFFDE,
    0xFFDE, 0xFFDE, 0xFFDE, 0xFFDE, 0xFFDE, 0x49C7, 0x5207, 0x5228, 0x5207, 0x5207, 0x49E7, 0x41A6,
    0x41A6, 0x49C7, 0x49E7, 0x49A6, 0x49E7, 0xDEBA, 0xFFDE, 0xFFDE, 0xFFDE, 0xFFDE, 0xFFDE, 0xFFDE,
    0xFFDE, 0xFFDE, 0xFFDE, 0xFFDE, 0xFFDE, 0xFFDE, 0xFFDE, 0xFFDE, 0xFFDE, 0xFFDE, 0xFFDE, 0xFFDE,
    0xFFDE, 0xFFDE, 0xFFDE, 0xFFDE, 0xFFDE, 0xFFDE, 0xFFDE, 0xFFDE, 0xFFDE, 0xFFDE, 0xFFDE, 0xFFDE,
    0xFFDE, 0xFFDE, 0xFFDE, 0xFFDE, 0xFFDE, 0xFFDE, 0xFFDE, 0xFFDE, 0xFFDE, 0xFFDE, 0xFFDE, 0xFFDE,
    0xB553, 0x3945, 0x5228, 0x5207, 0x5228, 0x5207, 0x6268, 0xFFDE, 0xFFDE, 0xFFDE, 0xFFDE, 0xFFDE,
    0xFFDE, 0xFFDE, 0xFFDE, 0xFFDE, 0xFFDE, 0xFFDE, 0xFFDE, 0xFFDE, 0xFFDE, 0xFFDE, 0xFFDE, 0xFFDE,
    0xFFDE, 0xFFDE, 0xFFDE, 0x8337, 0x7B38, 0x7B18, 0x7B18, 0x7B18, 0x93B9, 0xAC9C, 0xAC7C, 0xAC7C,
    0xAC7C, 0xAC7C, 0xAC7C, 0xAC7C, 0xAC7C, 0xAC9C, 0xAC9C, 0xB4DC, 0xC57C, 0xBD5C, 0xBD5D, 0xC5DD,
    0xFFDE, 0xFFDE, 0xFFDE, 0xDE5E, 0xAC9C, 0xB4DC, 0xB4FC, 0xB4DB, 0xA43C, 0xA43C, 0xA45C, 0xA45C,
    0xA45C, 0xA45C, 0xA45C, 0xAC5C, 0xA45B, 0xA45B, 0xA45B, 0xA45B, 0x93DA, 0xBD5A, 0xFFDE, 0xFFDE,
    0xFFDE, 0xFFDE, 0xFFDE, 0xFFDE, 0xFFDE, 0xFFDE, 0xFFDE, 0xFFDE, 0xFFDE, 0xFFDE, 0xFFDE, 0xFFDE,
    0xFFDE, 0xFFDE, 0xFFDE, 0xFFDE, 0xFFDE, 0x51C6, 0x49E7, 0x49E7, 0x49E7, 0x49C6, 0x49E7, 0x8C30,
    0xAD34, 0xAD54, 0xB575, 0xAD34, 0xAD34, 0xEF5C, 0xFFDE, 0xFFDE, 0xFFDE, 0xFFDE, 0xFFDE, 0xFFDE,
    0xFFDE, 0xFFDE, 0xFFDE, 0xFFDE, 0xFFDE, 0xFFDE, 0xFFDE, 0xFFDE, 0xFFDE, 0xFFDE, 0xFFDE, 0xFFDE,
    0xFFDE, 0xFFDE, 0xFFDE, 0xFFDE, 0xFFDE, 0xFFDE, 0xFFDE, 0xFFDE, 0xFFDE, 0xFFDE, 0xFFDE, 0xFFDE,
    0xFFDE, 0xFFDE, 0xFFDE, 0xFFDE, 0xFFDE, 0xFFDE, 0xFFDE, 0xFFDE, 0xFFDE, 0xFFDE, 0xFFDE, 0xFFDE,
    0xB574, 0x3945, 0x5A49, 0x5228, 0x5A48, 0x5208, 0x6269, 0xFF9A, 0xEF19, 0xF75A, 0xF75A, 0xFFDE,
    0xFFDE, 0xFFDE, 0xFFDE, 0xFFDE, 0xFFDE, 0xFFDE, 0xFFDE, 0xFFDE, 0xFFDE, 0xFFDE, 0xFFDE, 0xFFDE,
    0xFFDE, 0xFFDE, 0xFFDE, 0x7B37, 0x7B18, 0x7AF8, 0x7AF8, 0x72D8, 0x8B99, 0xAC7C, 0xAC7C, 0xAC7C,
    0xAC7C, 0xAC9C, 0xAC9C, 0xAC9C, 0xAC9C, 0xAC9C, 0xAC9C, 0xCDDD, 0xFFDE, 0xFFDE, 0xFFDE, 0xFFDE,
    0xFFDE, 0xFFDE, 0xFFDE, 0xFFDE, 0xF75F, 0xF75F, 0xF75F, 0xEEFE, 0xACBC, 0xA43C, 0xA43C, 0xA45C,
    0xA43C, 0xAC5C, 0xAC5C, 0xAC7C, 0x93DB, 0x8B59, 0x8359, 0x8B99, 0x939A, 0xB51A, 0xFFDE, 0xFFDE,
    0xFFDE, 0xFFDE, 0xFFDE, 0xFFDE, 0xFFDE, 0xFFDE, 0xFFDE, 0xFFDE, 0xFFDE, 0xFFDE, 0xFFDE, 0xFFDE,
    0xFFDE, 0xFFDE, 0xFFDE, 0xFFDE, 0xFFDE, 0x51C7, 0x5208, 0x5208, 0x5208, 0x49E7, 0x5248, 0xE71B,
    0xFFDE, 0xFFDE, 0xFFDE, 0xFFDE, 0xFFDE, 0xFFDE, 0xFFDE, 0xFFDE, 0xFFDE, 0xFFDE, 0xFFDE, 0xFFDE,
    0xFFDE, 0xFFDE, 0xFFDE, 0xFFDE, 0xFFDE, 0xFFDE, 0xFFDE, 0xFFDE, 0xFFDE, 0xFFDE, 0xFFDE, 0xFFDE,
    0xFFDE, 0xFFDE, 0xFFDE, 0xFFDE, 0xFFDE, 0xFFDE, 0xFFDE, 0xFFDE, 0xFFDE, 0xFFDE, 0xFFDE, 0xFFDE,
    0xFFDE, 0xFFDE, 0xFFDE, 0xFFDE, 0xFFDE, 0xFFDE, 0xFFDE, 0xFFDE, 0xFFDE, 0xFFDE, 0xFFDE, 0xFFDE,
    0xB574, 0x3104, 0x51E8, 0x51C7, 0x51E7, 0x49A7, 0x5A07, 0xEE34, 0xDE14, 0xE655, 0xE635, 0xE655,
    0xEEB7, 0xFFDE, 0xFFDE, 0xFFDE, 0xFFDE, 0xFFDE, 0xFFDE, 0xFFDE, 0xFFDE, 0xFFDE, 0xFFDE, 0xFFDE,
    0xFFDE, 0xFFDE, 0xFFDE, 0x72F7, 0x72B7, 0x7297, 0x7297, 0x6A76, 0x8358, 0xAC9C, 0xAC9C, 0xAC9C,
    0xACBC, 0xACBC, 0xACBC, 0xACBC, 0xACBC, 0xACBD, 0xAC9C, 0xD65D, 0xFFDE, 0xFFDE, 0xFFDE, 0xFFDE,
    0xFFDE, 0xFFDE, 0xFFDE, 0xFFDE, 0xFFDE, 0xFFDE, 0xFFDE, 0xFFDE, 0xBD1C, 0xA43C, 0xA45C, 0xA45C,
    0xA45C, 0xAC7C, 0xAC7C, 0xAC9D, 0x9BDB, 0x7AF9, 0x72D8, 0x7B18, 0x8338, 0xAD19, 0xFFDE, 0xFFDE,
    0xFFDE, 0xFFDE, 0xFFDE, 0xFFDE, 0xFFDE, 0xFFDE, 0xFFDE, 0xFFDE, 0xFFDE, 0xFFDE, 0xFFDE, 0xFFDE,
    0xFFDE, 0xFFDE, 0xFFDE, 0xFFDE, 0xFFDE, 0x4166, 0x49C7, 0x41A6, 0x41A6, 0x4165, 0x49E7, 0xD679,
    0xFFDE, 0xEF5C, 0xFFDE, 0xFFDE, 0xFFDE, 0xFFDE, 0xFFDE, 0xFFDE, 0xFFDE, 0xFFDE, 0xFFDE, 0xFFDE,
    0xFFDE, 0xFFDE, 0xFFDE, 0xFFDE, 0xFFDE, 0xFFDE, 0xFFDE, 0xFFDE, 0xFFDE, 0xFFDE, 0xFFDE, 0xFFDE,
    0xFFDE, 0xFFDE, 0xFFDE, 0xFFDE, 0xFFDE, 0xFFDE, 0xFFDE, 0xFFDE, 0xFFDE, 0xFFDE, 0xFFDE, 0xFFDE,
    0xFFDE, 0xFFDE, 0xFFDE, 0xFFDE, 0xFFDE, 0xFFDE, 0xFFDE, 0xFFDE, 0xFFDE, 0xFFDE, 0xFFDE, 0xFFDE,
    0xCE37, 0x62AB, 0x7B4D, 0x732C, 0x7B2C, 0x730C, 0x6B0B, 0xACB2, 0xBD13, 0xBD33, 0xBD33, 0xC553,
    0xC533, 0xD616, 0xFFDE, 0xFFDE, 0xFFDE, 0xFFDE, 0xFFDE, 0xFFDE, 0xFFDE, 0xFFDE, 0xFFDE, 0xFFDE,
    0xFFDE, 0xFFDE, 0xFFDE, 0x8BF8, 0x8BB7, 0x93D8, 0x8BB7, 0x8396, 0x8BB7, 0x9C1A, 0x9C1A, 0x9C3A,
    0x9C5A, 0x9C1A, 0xAC9C, 0xB4DC, 0xB4DC, 0xB4DD, 0xACBC, 0xCDDD, 0xFFDE, 0xEF3F, 0xEF1F, 0xEF5F,
    0xFFDE, 0xFFDE, 0xFFDE, 0xFFDE, 0xEEFF, 0xE6FF, 0xEEFE, 0xEEFF, 0xBCFD, 0xA43C, 0xAC7D, 0xAC7C,
    0xA45C, 0x9BFB, 0x93BB, 0x93DB, 0x8B7A, 0x8358, 0x93F8, 0x9C38, 0x9C38, 0xCE1A, 0xFFDE, 0xFFDE,
    0xFFDE, 0xFFDE, 0xFFDE, 0xFFDE, 0xFFDE, 0xFFDE, 0xFFDE, 0xFFDE, 0xFFDE, 0xFFDE, 0xF75C, 0xD639,
    0xD67A, 0xDE9A, 0xDE9B, 0xDEBB, 0xCDF7, 0x624B, 0x62AB, 0x628A, 0x628A, 0x5A69, 0x6ACB, 0xDEDA,
    0xFFDE, 0xFFDE, 0xFFDE, 0xFFDE, 0xFFDE, 0xFFDE, 0xFFDE, 0xFFDE, 0xFFDE, 0xFFDE, 0xFFDE, 0xFFDE,
    0xFFDE, 0xFFDE, 0xFFDE, 0xFFDE, 0xFFDE, 0xFFDE, 0xFFDE, 0xFFDE, 0xFFDE, 0xFFDE, 0xFFDE, 0xFFDE,
    0xFFDE, 0xFFDE, 0xFFDE, 0xFFDE, 0xFFDE, 0xFFDE, 0xFFDE, 0xFFDE, 0xFFDE, 0xFFDE, 0xFFDE, 0xFFDE,
    0xFFDE, 0xFFDE, 0xFFDE, 0xFFDE, 0xFFDE, 0xFFDE, 0xFFDE, 0xFFDE, 0xFFDE, 0xFFDE, 0xFFDE, 0xFFDE,
    0xFFDE, 0xFFDE, 0xFFDE, 0xFFDE, 0xFFDE, 0xFFDE, 0xE73B, 0x49CD, 0x5A6F, 0x5A4E, 0x5A6D, 0x5A6D,
    0x520B, 0x7B4E, 0xFFDE, 0xFFDE, 0xFFDE, 0xFFDE, 0xFFDE, 0xFFDE, 0xFFDE, 0xFFDE, 0xFFDE, 0xFFDE,
    0xFFDE, 0xFFDE, 0xFFDE, 0xF75D, 0xFFDE, 0xFFDE, 0xFFDE, 0xFFDE, 0xD61B, 0x8358, 0x8378, 0x8378,
    0x8378, 0x8358, 0xA47B, 0xB51D, 0xB4FD, 0xB4FD, 0xB4FD, 0xB4FC, 0xBD7D, 0xB4FC, 0xACBC, 0xB53D,
    0xFFDE, 0xFFDE, 0xFFDE, 0xF75F, 0xB4DD, 0xB4DD, 0xB4DC, 0xB4DD, 0xB4BD, 0xAC7D, 0xAC7D, 0xAC7C,
    0xAC7C, 0x8B3A, 0x72B9, 0x7AF9, 0x7AD8, 0xBD3A, 0xFFDE, 0xFFDE, 0xFFDE, 0xFFDE, 0xFFDE, 0xFFDE,
    0xFFDE, 0xFFDE, 0xFFDE, 0xFFDE, 0xFFDE, 0xFFDE, 0xFFDE, 0xFFDE, 0xFFDE, 0xFFDE, 0xC5D7, 0x5A4F,
    0x5231, 0x5231, 0x5231, 0x5231, 0x41D0, 0xEF3D, 0xE75D, 0xE73C, 0xE71C, 0xE71C, 0xE71C, 0xFFDE,
    0xFFDE, 0xFFDE, 0xFFDE, 0xFFDE, 0xFFDE, 0xFFDE, 0xFFDE, 0xFFDE, 0xFFDE, 0xFFDE, 0xFFDE, 0xFFDE,
    0xFFDE, 0xFFDE, 0xFFDE, 0xFFDE, 0xFFDE, 0xFFDE, 0xFFDE, 0xFFDE, 0xFFDE, 0xFFDE, 0xFFDE, 0xFFDE,
    0xFFDE, 0xFFDE, 0xFFDE, 0xFFDE, 0xFFDE, 0xFFDE, 0xFFDE, 0xFFDE, 0xFFDE, 0xFFDE, 0xFFDE, 0xFFDE,
    0xFFDE, 0xFFDE, 0xFFDE, 0xFFDE, 0xFFDE, 0xFFDE, 0xFFDE, 0xFFDE, 0xFFDE, 0xFFDE, 0xFFDE, 0xFFDE,
    0xFFDE, 0xFFDE, 0xFFDE, 0xFFDE, 0xFFDE, 0xFFDE, 0xEF5E, 0x5A51, 0x6AD2, 0x62B2, 0x6291, 0x5A90,
    0x520D, 0x7B2E, 0xFFDE, 0xFFDE, 0xFFDE, 0xFFDE, 0xFFDE, 0xFFDE, 0xFFDE, 0xFFDE, 0xFFDE, 0xFFDE,
    0xFFDE, 0xFFDE, 0xFFDE, 0xFFDE, 0xFFDE, 0xFFDE, 0xFFDE, 0xFFDE, 0xE6BC, 0x8378, 0x8B78, 0x8378,
    0x8B78, 0x8B98, 0xAC9C, 0xBD1D, 0xB4FD, 0xB4FD, 0xBD1D, 0xB4FD, 0xB4FD, 0xBCFD, 0xBCFD, 0xBD3D,
    0xFFDE, 0xFFDE, 0xFFDE, 0xF75F, 0xB4DD, 0xBCFD, 0xB4DD, 0xB4DD, 0xB4BD, 0xB49D, 0xAC7D, 0xAC7D,
    0xAC7D, 0x8B5A, 0x7AFA, 0x82FA, 0x72B8, 0xCDDA, 0xFFDE, 0xFFDE, 0xFFDE, 0xFFDE, 0xFFDE, 0xFFDE,
    0xFFDE, 0xFFDE, 0xFFDE, 0xFFDE, 0xFFDE, 0xFFDE, 0xFFDE, 0xFFDE, 0xFFDE, 0xFFDE, 0xBDB8, 0x62B2,
    0x5A54, 0x5A54, 0x5A34, 0x5A55, 0x41B3, 0xFFDE, 0xFFDE, 0xFFDE, 0xFFDE, 0xFFDE, 0xFFDE, 0xFFDE,
    0xFFDE, 0xFFDE, 0xFFDE, 0xFFDE, 0xFFDE, 0xFFDE, 0xFFDE, 0xFFDE, 0xFFDE, 0xFFDE, 0xFFDE, 0xFFDE,
    0xFFDE, 0xFFDE, 0xFFDE, 0xFFDE, 0xFFDE, 0xFFDE, 0xFFDE, 0xFFDE, 0xFFDE, 0xFFDE, 0xFFDE, 0xFFDE,
    0xFFDE, 0xFFDE, 0xFFDE, 0xFFDE, 0xFFDE, 0xFFDE, 0xFFDE, 0xFFDE, 0xFFDE, 0xFFDE, 0xFFDE, 0xFFDE,
    0xFFDE, 0xFFDE, 0xFFDE, 0xFFDE, 0xFFDE, 0xFFDE, 0xFFDE, 0xFFDE, 0xFFDE, 0xFFDE, 0xFFDE, 0xFFDE,
    0xFFDE, 0xFFDE, 0xFFDE, 0xFFDE, 0xFFDE, 0xFFDE, 0xEF5D, 0x6271, 0x72D3, 0x6A92, 0x6291, 0x6291,
    0x5A4F, 0x7B4F, 0xFFDE, 0xFFDE, 0xFFDE, 0xFFDE, 0xFFDE, 0xFFDE, 0xFFDE, 0xFFDE, 0xFFDE, 0xFFDE,
    0xFFDE, 0xFFDE, 0xFFDE, 0xFFDE, 0xFFDE, 0xFFDE, 0xFFDE, 0xFFDE, 0xE6BB, 0x8B78, 0x8B98, 0x8B98,
    0x8B98, 0x8B98, 0xACBC, 0xBD1D, 0xBD1D, 0xBD1D, 0xBD1D, 0xBCFD, 0xBD1D, 0xBCFD, 0xBCFD, 0xBD3D,
    0xFFDE, 0xFFDE, 0xFFDE, 0xF73F, 0xB4DD, 0xBCFD, 0xB4FD, 0xBCFD, 0xB4DD, 0xB4DD, 0xB4BD, 0xB4BD,
    0xB49D, 0x8B7A, 0x831A, 0x82FA, 0x7AD8, 0xCDDA, 0xFFDE, 0xFFDE, 0xFFDE, 0xFFDE, 0xFFDE, 0xFFDE,
    0xFFDE, 0xFFDE, 0xFFDE, 0xFFDE, 0xFFDE, 0xFFDE, 0xFFDE, 0xFFDE, 0xFFDE, 0xFFDE, 0xAD36, 0x5A92,
    0x5A53, 0x5A53, 0x5A54, 0x5A74, 0x49F3, 0xFFDE, 0xFFDE, 0xFFDE, 0xFFDE, 0xFFDE, 0xFFDE, 0xFFDE,
    0xFFDE, 0xFFDE, 0xFFDE, 0xFFDE, 0xFFDE, 0xFFDE, 0xFFDE, 0xFFDE, 0xFFDE, 0xFFDE, 0xFFDE, 0xFFDE,
    0xFFDE, 0xFFDE, 0xFFDE, 0xFFDE, 0xFFDE, 0xFFDE, 0xFFDE, 0xFFDE, 0xFFDE, 0xFFDE, 0xFFDE, 0xFFDE,
    0xFFDE, 0xFFDE, 0xFFDE, 0xFFDE, 0xFFDE, 0xFFDE, 0xFFDE, 0xFFDE, 0xFFDE, 0xFFDE, 0xFFDE, 0xFFDE,
    0xFFDE, 0xFFDE, 0xFFDE, 0xFFDE, 0xFFDE, 0xFFDE, 0xFFDE, 0xFFDE, 0xFFDE, 0xFFDE, 0xFFDE, 0xFFDE,
    0xFFDE, 0xFFDE, 0xFFDE, 0xFFDE, 0xFFDE, 0xFFDE, 0xFFDE, 0x6251, 0x72B3, 0x6A72, 0x6272, 0x6271,
    0x5A0F, 0x7B30, 0xFFDE, 0xFFDE, 0xFFDE, 0xFFDE, 0xFFDE, 0xFFDE, 0xFFDE, 0xFFDE, 0xFFDE, 0xFFDE,
    0xFFDE, 0xFFDE, 0xFFDE, 0xFFDE, 0xFFDE, 0xFFDE, 0xFFDE, 0xFFDE, 0xE6BB, 0x8357, 0x8B98, 0x8B78,
    0x8B98, 0x8B99, 0xA47B, 0xB4FC, 0xB4FC, 0xBCFC, 0xBD1D, 0xB4DC, 0xB4DC, 0xB4DD, 0xB4DC, 0xBD1C,
    0xFFDE, 0xFFDE, 0xFFDE, 0xF73F, 0xB4BC, 0xBCFD, 0xB4FD, 0xB4FD, 0xB4DD, 0xB4DD, 0xB4BD, 0xB49C,
    0xAC7C, 0x8B9A, 0x831A, 0x831A, 0x7AF8, 0xD61A, 0xFFDE, 0xFFDE, 0xFFDE, 0xFFDE, 0xFFDE, 0xFFDE,
    0xFFDE, 0xFFDE, 0xFFDE, 0xFFDE, 0xFFDE, 0xFFDE, 0xFFDE, 0xFFDE, 0xFFDE, 0xFFDE, 0xA4D5, 0x5231,
    0x5A33, 0x5A33, 0x5233, 0x5A74, 0x49D3, 0xFFDE, 0xFFDE, 0xFFDE, 0xFFDE, 0xFFDE, 0xFFDE, 0xFFDE,
    0xFFDE, 0xFFDE, 0xFFDE, 0xFFDE, 0xFFDE, 0xFFDE, 0xFFDE, 0xFFDE, 0xFFDE, 0xFFDE, 0xFFDE, 0xFFDE,
    0xFFDE, 0xFFDE, 0xFFDE, 0xFFDE, 0xFFDE, 0xFFDE, 0xFFDE, 0xFFDE, 0xFFDE, 0xFFDE, 0xFFDE, 0xFFDE,
    0xFFDE, 0xFFDE, 0xFFDE, 0xFFDE, 0xFFDE, 0xFFDE, 0xFFDE, 0xFFDE, 0xFFDE, 0xFFDE, 0xFFDE, 0xFFDE,
    0xFFDE, 0xFFDE, 0xFFDE, 0xFFDE, 0xFFDE, 0xFFDE, 0xFFDE, 0xFFDE, 0xFFDE, 0xFFDE, 0xFFDE, 0xFFDE,
    0xFFDE, 0xFFDE, 0xFFDE, 0xFFDE, 0xFFDE, 0xFFDE, 0xFFDE, 0xDE5C, 0x6AB4, 0x6253, 0x5A52, 0x5A32,
    0x5A12, 0x72F3, 0xC5D8, 0xD69A, 0xDE9A, 0xDEBA, 0xDEBA, 0xEF1A, 0xFFDE, 0xFFDE, 0xFFDE, 0xFFDE,
    0xFFDE, 0xFFDE, 0xFFDE, 0xFFDE, 0xFFDE, 0xFFDE, 0xFFDE, 0xFFDE, 0xEF1D, 0x9C38, 0x93F8, 0x9C18,
    0x9C59, 0x9C59, 0x8B78, 0x8339, 0x8359, 0x8358, 0x8358, 0x93BA, 0xAC9C, 0xACBD, 0xAC9D, 0xB4FD,
    0xFFDE, 0xFFDE, 0xFFDE, 0xE69F, 0xB4BD, 0xB4BD, 0xAC9C, 0xA47C, 0xA43B, 0xA43B, 0x9C3A, 0x9C3A,
    0x93B8, 0x8BB8, 0x8358, 0x8378, 0x8B97, 0xE6DC, 0xFFDE, 0xFFDE, 0xFFDE, 0xFFDE, 0xFFDE, 0xFFDE,
    0xFFDE, 0xFFDE, 0xFFDE, 0xDE58, 0xA4B4, 0xA493, 0x8391, 0x520E, 0x49AE, 0x5A2E, 0x5A4F, 0x5232,
    0x5233, 0x5233, 0x5234, 0x5214, 0x7316, 0xFFDE, 0xFFDE, 0xFFDE, 0xFFDE, 0xFFDE, 0xFFDE, 0xFFDE,
    0xFFDE, 0xFFDE, 0xFFDE, 0xFFDE, 0xFFDE, 0xFFDE, 0xFFDE, 0xFFDE, 0xFFDE, 0xFFDE, 0xFFDE, 0xFFDE,
    0xFFDE, 0xFFDE, 0xFFDE, 0xFFDE, 0xFFDE, 0xFFDE, 0xFFDE, 0xFFDE, 0xFFDE, 0xFFDE, 0xFFDE, 0xFFDE,
    0xFFDE, 0xFFDE, 0xFFDE, 0xFFDE, 0xFFDE, 0xFFDE, 0xFFDE, 0xFFDE, 0xFFDE, 0xFFDE, 0xFFDE, 0xFFDE,
    0xFFDE, 0xFFDE, 0xFFDE, 0xFFDE, 0xFFDE, 0xFFDE, 0xFFDE, 0xFFDE, 0xFFDE, 0xFFDE, 0xFFDE, 0xFFDE,
    0xFFDE, 0xFFDE, 0xFFDE, 0xFFDE, 0xFFDE, 0xFFDE, 0xFFDE, 0xB53A, 0x72F5, 0x6274, 0x6AB4, 0x7316,
    0x8378, 0x8357, 0x6293, 0x5A51, 0x6291, 0x6290, 0x628F, 0xACF5, 0xFFDE, 0xFFDE, 0xFFDE, 0xFFDE,
    0xFFDE, 0xFFDE, 0xFFDE, 0xFFDE, 0xFFDE, 0xFFDE, 0xFFDE, 0xFFDE, 0xFFDE, 0xFFDE, 0xFFDE, 0xFFDE,
    0xFFDE, 0xFFDE, 0xAC9A, 0x8339, 0x8B59, 0x8359, 0x8359, 0x8B9A, 0xAC9C, 0xAC9C, 0xB49C, 0xAC9C,
    0xB4FC, 0xB51C, 0xB4DC, 0xB49C, 0xB49C, 0xB4BC, 0x93DA, 0x8359, 0x8359, 0x8359, 0x9C5A, 0xEF3E,
    0xFFDE, 0xFFDE, 0xF73D, 0xF71D, 0xF75E, 0xFFDE, 0xFFDE, 0xFFDE, 0xFFDE, 0xFFDE, 0xFFDE, 0xFFDE,
    0xFFDE, 0xFFDE, 0xFFDE, 0x8BD2, 0x20CA, 0x394C, 0x49AF, 0x51F0, 0x5A11, 0x59F1, 0x51F1, 0x6AB4,
    0x7336, 0x6AB5, 0x6AB6, 0x72B7, 0x9C5A, 0xFFDE, 0xFFDE, 0xFFDE, 0xFFDE, 0xFFDE, 0xFFDE, 0xFFDE,
    0xFFDE, 0xFFDE, 0xFFDE, 0xFFDE, 0xFFDE, 0xFFDE, 0xFFDE, 0xFFDE, 0xFFDE, 0xFFDE, 0xFFDE, 0xFFDE,
    0xFFDE, 0xFFDE, 0xFFDE, 0xFFDE, 0xFFDE, 0xFFDE, 0xFFDE, 0xFFDE, 0xFFDE, 0xFFDE, 0xFFDE, 0xFFDE,
    0xFFDE, 0xFFDE, 0xFFDE, 0xFFDE, 0xFFDE, 0xFFDE, 0xFFDE, 0xFFDE, 0xFFDE, 0xFFDE, 0xFFDE, 0xFFDE,
    0xFFDE, 0xFFDE, 0xFFDE, 0xFFDE, 0xFFDE, 0xFFDE, 0xFFDE, 0xFFDE, 0xFFDE, 0xFFDE, 0xFFDE, 0xFFDE,
    0xFFDE, 0xFFDE, 0xFFDE, 0xFFDE, 0xFFDE, 0xFFDE, 0xFFDE, 0x8377, 0x8338, 0x8358, 0x8B99, 0x93B9,
    0x93B9, 0x8B99, 0x72D6, 0x6254, 0x6A94, 0x6274, 0x6293, 0xBD77, 0xFFDE, 0xFFDE, 0xFFDE, 0xFFDE,
    0xFFDE, 0xFFDE, 0xFFDE, 0xFFDE, 0xFFDE, 0xFFDE, 0xFFDE, 0xFFDE, 0xFFDE, 0xFFDE, 0xFFDE, 0xFFDE,
    0xFFDE, 0xFFDE, 0xA479, 0x7AD8, 0x8339, 0x8319, 0x7B19, 0x8359, 0xA45B, 0xAC7C, 0xAC7C, 0xAC7C,
    0xAC7C, 0xAC7C, 0xAC7C, 0xB49C, 0xB49C, 0xB4BC, 0x8B9A, 0x8319, 0x835A, 0x7B19, 0x9C5A, 0xFFDE,
    0xFFDE, 0xFFDE, 0xFFDE, 0xFFDE, 0xFFDE, 0xFFDE, 0xFFDE, 0xFFDE, 0xFFDE, 0xFFDE, 0xFFDE, 0xFFDE,
    0xFFDE, 0xFFDE, 0xFFDE, 0x9C54, 0x398D, 0x49EF, 0x5231, 0x5A52, 0x5A33, 0x59F2, 0x5213, 0x8357,
    0x93D9, 0x8B58, 0x8B59, 0x8339, 0x8339, 0xB53A, 0xFFDE, 0xFFDE, 0xFFDE, 0xFFDE, 0xFFDE, 0xFFDE,
    0xFFDE, 0xFFDE, 0xFFDE, 0xFFDE, 0xFFDE, 0xFFDE, 0xFFDE, 0xFFDE, 0xFFDE, 0xFFDE, 0xFFDE, 0xFFDE,
    0xFFDE, 0xFFDE, 0xFFDE, 0xFFDE, 0xFFDE, 0xFFDE, 0xFFDE, 0xFFDE, 0xFFDE, 0xFFDE, 0xFFDE, 0xFFDE,
    0xFFDE, 0xFFDE, 0xFFDE, 0xFFDE, 0xFFDE, 0xFFDE, 0xFFDE, 0xFFDE, 0xFFDE, 0xFFDE, 0xFFDE, 0xFFDE,
    0xFFDE, 0xFFDE, 0xFFDE, 0xFFDE, 0xFFDE, 0xFFDE, 0xFFDE, 0xFFDE, 0xFFDE, 0xFFDE, 0xFFDE, 0xFFDE,
    0xFFDE, 0xFFDE, 0xFFDE, 0xFFDE, 0xFFDE, 0xFFDE, 0xFFDE, 0x7B36, 0x8338, 0x8358, 0x8B79, 0x8B79,
    0x8B79, 0x8B99, 0x6AB6, 0x6234, 0x6274, 0x6274, 0x6293, 0xB537, 0xFFDE, 0xFFDE, 0xFFDE, 0xFFDE,
    0xFFDE, 0xFFDE, 0xFFDE, 0xFFDE, 0xFFDE, 0xFFDE, 0xFFDE, 0xFFDE, 0xFFDE, 0xFFDE, 0xFFDE, 0xFFDE,
    0xFFDE, 0xFFDE, 0xACDA, 0x7AD7, 0x8318, 0x7AF8, 0x7AF8, 0x8B59, 0xAC7C, 0xAC7C, 0xAC9C, 0xAC7C,
    0xB49C, 0xB49C, 0xB49C, 0xB4BC, 0xB4BC, 0xB4DC, 0x8B79, 0x7B19, 0x8339, 0x7B19, 0x93D9, 0xFFDE,
    0xFFDE, 0xFFDE, 0xFFDE, 0xFFDE, 0xFFDE, 0xFFDE, 0xFFDE, 0xFFDE, 0xFFDE, 0xFFDE, 0xFFDE, 0xFFDE,
    0xFFDE, 0xFFDE, 0xFFDE, 0x9C53, 0x398D, 0x41CE, 0x51F0, 0x6AB5, 0x8377, 0x7B37, 0x7B17, 0x8358,
    0x8319, 0x8319, 0x8339, 0x7AF9, 0x72DA, 0x7B78, 0xFFDE, 0xFFDE, 0xFFDE, 0xFFDE, 0xFFDE, 0xFFDE,
    0xFFDE, 0xFFDE, 0xFFDE, 0xFFDE, 0xFFDE, 0xFFDE, 0xFFDE, 0xFFDE, 0xFFDE, 0xFFDE, 0xFFDE, 0xFFDE,
    0xFFDE, 0xFFDE, 0xFFDE, 0xFFDE, 0xFFDE, 0xFFDE, 0xFFDE, 0xFFDE, 0xFFDE, 0xFFDE, 0xFFDE, 0xFFDE,
    0xFFDE, 0xFFDE, 0xFFDE, 0xFFDE, 0xFFDE, 0xFFDE, 0xFFDE, 0xFFDE, 0xFFDE, 0xFFDE, 0xFFDE, 0xFFDE,
    0xFFDE, 0xFFDE, 0xFFDE, 0xFFDE, 0xFFDE, 0xFFDE, 0xFFDE, 0xFFDE, 0xFFDE, 0xFFDE, 0xFFDE, 0xFFDE,
    0xFFDE, 0xFFDE, 0xFFDE, 0xFFDE, 0xFFDE, 0xFFDE, 0xFFDE, 0x7B36, 0x7AF7, 0x8318, 0x8359, 0x8359,
    0x8B79, 0x8359, 0x6A75, 0x6234, 0x6A74, 0x6274, 0x6294, 0xB538, 0xFFDE, 0xFFDE, 0xFFDE, 0xFFDE,
    0xFFDE, 0xFFDE, 0xFFDE, 0xFFDE, 0xFFDE, 0xFFDE, 0xFFDE, 0xFFDE, 0xFFDE, 0xFFDE, 0xFFDE, 0xFFDE,
    0xFFDE, 0xFFDE, 0xEEFC, 0xC59B, 0xBD5A, 0xB51A, 0xB51A, 0xA45A, 0x9BFB, 0x9BFB, 0x9BFB, 0x9BFB,
    0x9BFB, 0x9BFB, 0x9BFB, 0x9BFB, 0x9C1A, 0x9C1B, 0x8B7A, 0x8319, 0x8319, 0x833A, 0xA499, 0xFFDE,
    0xFFDE, 0xFFDE, 0xFFDE, 0xFFDE, 0xFFDE, 0xFFDE, 0xFFDE, 0xFFDE, 0xFFDE, 0xFFDE, 0xFFDE, 0xFFDE,
    0xFFDE, 0xFFDE, 0xFFDE, 0x9453, 0x398D, 0x41CE, 0x5210, 0x7B16, 0x8B98, 0x8B78, 0x9BF9, 0x93B9,
    0x9399, 0x8339, 0x7AF9, 0x7AD9, 0x7B1A, 0x72F8, 0xDEDE, 0xFFDE, 0xFFDE, 0xFFDE, 0xFFDE, 0xFFDE,
    0xFFDE, 0xFFDE, 0xFFDE, 0xFFDE, 0xFFDE, 0xFFDE, 0xFFDE, 0xFFDE, 0xFFDE, 0xFFDE, 0xFFDE, 0xFFDE,
    0xFFDE, 0xFFDE, 0xFFDE, 0xFFDE, 0xFFDE, 0xFFDE, 0xFFDE, 0xFFDE, 0xFFDE, 0xFFDE, 0xFFDE, 0xFFDE,
    0xFFDE, 0xFFDE, 0xFFDE, 0xFFDE, 0xFFDE, 0xFFDE, 0xFFDE, 0xFFDE, 0xFFDE, 0xFFDE, 0xFFDE, 0xFFDE,
    0xFFDE, 0xFFDE, 0xFFDE, 0xFFDE, 0xFFDE, 0xFFDE, 0xFFDE, 0xFFDE, 0xFFDE, 0xFFDE, 0xFFDE, 0xFFDE,
    0xFFDE, 0xFFDE, 0xFFDE, 0xFFDE, 0xFFDE, 0xFFDE, 0xFFDE, 0x7B56, 0x72D7, 0x7AF7, 0x72D7, 0x7B18,
    0x8338, 0x8338, 0x6A95, 0x6254, 0x6274, 0x6274, 0x6294, 0xAD37, 0xFFDE, 0xFFDE, 0xFFDE, 0xFFDE,
    0xFFDE, 0xFFDE, 0xFFDE, 0xFFDE, 0xFFDE, 0xFFDE, 0xFFDE, 0xFFDE, 0xFFDE, 0xFFDE, 0xFFDE, 0xFFDE,
    0xFFDE, 0xFFDE, 0xFFDE, 0xFFDE, 0xFFDE, 0xFFDE, 0xFFDE, 0xCDDB, 0x7AF8, 0x8339, 0x8339, 0x8338,
    0x8338, 0x8339, 0x8339, 0x8339, 0x8339, 0x8359, 0x8339, 0x82F9, 0x8339, 0x9C3B, 0xEEDD, 0xFFDE,
    0xFFDE, 0xFFDE, 0xFFDE, 0xFFDE, 0xFFDE, 0xFFDE, 0xFFDE, 0xFFDE, 0xFFDE, 0xFFDE, 0xFFDE, 0xFFDE,
    0xFFDE, 0xFFDE, 0xFFDE, 0x9453, 0x398C, 0x49CE, 0x5210, 0x8335, 0x9396, 0x9B97, 0xA437, 0xAC57,
    0xA438, 0x8358, 0x7AF8, 0x7AF8, 0x72F9, 0x6AB7, 0x7BB8, 0x7BB5, 0x9CD6, 0xFFDE, 0xFFDE, 0xFFDE,
    0xFFDE, 0xFFDE, 0xFFDE, 0xFFDE, 0xFFDE, 0xFFDE, 0xFFDE, 0xFFDE, 0xFFDE, 0xFFDE, 0xFFDE, 0xFFDE,
    0xFFDE, 0xFFDE, 0xFFDE, 0xFFDE, 0xFFDE, 0xFFDE, 0xFFDE, 0xFFDE, 0xFFDE, 0xFFDE, 0xFFDE, 0xFFDE,
    0xFFDE, 0xFFDE, 0xFFDE, 0xFFDE, 0xFFDE, 0xFFDE, 0xFFDE, 0xFFDE, 0xFFDE, 0xFFDE, 0xFFDE, 0xFFDE,
    0xFFDE, 0xFFDE, 0xFFDE, 0xFFDE, 0xFFDE, 0xFFDE, 0xFFDE, 0xFFDE, 0xFFDE, 0xFFDE, 0xFFDE, 0xFFDE,
    0xFFDE, 0xFFDE, 0xFFDE, 0xFFDE, 0xFFDE, 0xFFDE, 0xFFDE, 0x7B76, 0x6A96, 0x72D7, 0x72B7, 0x72D7,
    0x72D7, 0x72D7, 0x6274, 0x5A53, 0x6293, 0x6273, 0x5A52, 0xAD57, 0xFFDE, 0xFFDE, 0xFFDE, 0xFFDE,
    0xFFDE, 0xFFDE, 0xFFDE, 0xFFDE, 0xFFDE, 0xFFDE, 0xFFDE, 0xFFDE, 0xFFDE, 0xFFDE, 0xFFDE, 0xFFDE,
    0xFFDE, 0xFFDE, 0xFFDE, 0xFFDE, 0xFFDE, 0xFFDE, 0xFFDE, 0xCDDA, 0x7AD7, 0x8339, 0x8339, 0x8339,
    0x8339, 0x8339, 0x8339, 0x8339, 0x8339, 0x8339, 0x8B79, 0x8B78, 0x72B6, 0x9438, 0xFFDE, 0xFFDE,
    0xFFDE, 0xFFDE, 0xFFDE, 0xFFDE, 0xFFDE, 0xFFDE, 0xFFDE, 0xFFDE, 0xFFDE, 0xFFDE, 0xFFDE, 0xFFDE,
    0xFFDE, 0xFFDE, 0xFFDE, 0x9432, 0x418A, 0x49CC, 0x5A2E, 0x8353, 0xA3F5, 0xAC15, 0xAC54, 0xB474,
    0xAC35, 0x8B55, 0x7AF5, 0x7AF6, 0x72D7, 0x6AD6, 0x5A93, 0x5251, 0x526E, 0xE6FB, 0xFFDE, 0xFFDE,
    0xFFDE, 0xFFDE, 0xFFDE, 0xFFDE, 0xFFDE, 0xFFDE, 0xFFDE, 0xFFDE, 0xFFDE, 0xFFDE, 0xFFDE, 0xFFDE,
    0xFFDE, 0xFFDE, 0xFFDE, 0xFFDE, 0xFFDE, 0xFFDE, 0xFFDE, 0xFFDE, 0xFFDE, 0xFFDE, 0xFFDE, 0xFFDE,
    0xFFDE, 0xFFDE, 0xFFDE, 0xFFDE, 0xFFDE, 0xFFDE, 0xFFDE, 0xFFDE, 0xFFDE, 0xFFDE, 0xFFDE, 0xFFDE,
    0xFFDE, 0xFFDE, 0xFFDE, 0xFFDE, 0xFFDE, 0xFFDE, 0xFFDE, 0xFFDE, 0xFFDE, 0xFFDE, 0xFFDE, 0xFFDE,
    0xFFDE, 0xFFDE, 0xFFDE, 0xC5F7, 0xAD35, 0xB597, 0xB577, 0x72F2, 0x8315, 0x8315, 0x8335, 0x8355,
    0x8375, 0x8B74, 0x7AF1, 0x7AF0, 0x7B10, 0x8310, 0x93F2, 0xDE99, 0xFFDE, 0xFFDE, 0xFFDE, 0xFFDE,
    0xFFDE, 0xFFDE, 0xFFDE, 0xFFDE, 0xFFDE, 0xFFDE, 0xFFDE, 0xFFDE, 0xFFDE, 0xFFDE, 0xFFDE, 0xFFDE,
    0xFFDE, 0xFFDE, 0xFFDE, 0xFFDE, 0xFFDE, 0xFFDE, 0xFFDE, 0xD5FA, 0x72D7, 0x8338, 0x7B38, 0x8338,
    0x8338, 0x8338, 0x8338, 0x8338, 0x8339, 0x7B18, 0xB51A, 0xEF1D, 0xCE1A, 0xD65A, 0xFFDE, 0xFFDE,
    0xFFDE, 0xFFDE, 0xFFDE, 0xFFDE, 0xFFDE, 0xFFDE, 0xFFDE, 0xFFDE, 0xFFDE, 0xFFDE, 0xFFDE, 0xFFDE,
    0xFFDE, 0xFFDE, 0xFFDE, 0x9C72, 0x624B, 0x72AC, 0x72AC, 0x9BB0, 0xB452, 0xB472, 0xB492, 0xB471,
    0xAC51, 0x9BD1, 0x93B1, 0x93D2, 0x8352, 0x51CB, 0x520B, 0x524C, 0x6B0D, 0xE71B, 0xFFDE, 0xFFDE,
    0xFFDE, 0xFFDE, 0xFFDE, 0xFFDE, 0xFFDE, 0xFFDE, 0xFFDE, 0xFFDE, 0xFFDE, 0xFFDE, 0xFFDE, 0xFFDE,
    0xFFDE, 0xFFDE, 0xFFDE, 0xFFDE, 0xFFDE, 0xFFDE, 0xFFDE, 0xFFDE, 0xFFDE, 0xFFDE, 0xFFDE, 0xFFDE,
    0xFFDE, 0xFFDE, 0xFFDE, 0xFFDE, 0xFFDE, 0xFFDE, 0xFFDE, 0xFFDE, 0xFFDE, 0xFFDE, 0xFFDE, 0xFFDE,
    0xFFDE, 0xFFDE, 0xFFDE, 0xFFDE, 0xFFDE, 0xFFDE, 0xFFDE, 0xFFDE, 0xFFDE, 0xFFDE, 0xFFDE, 0xFFDE,
    0xFFDE, 0xFFDE, 0xEF5C, 0x6B0D, 0x3106, 0x41C9, 0x3968, 0x82EE, 0xC492, 0xB431, 0xB451, 0xB471,
    0xB471, 0xAC2F, 0x936D, 0x93AD, 0x936C, 0x9BEE, 0xF75B, 0xFFDE, 0xFFDE, 0xFFDE, 0xFFDE, 0xFFDE,
    0xFFDE, 0xFFDE, 0xFFDE, 0xFFDE, 0xFFDE, 0xFFDE, 0xFFDE, 0xFFDE, 0xFFDE, 0xFFDE, 0xFFDE, 0xFFDE,
    0xFFDE, 0xFFDE, 0xFFDE, 0xFFDE, 0xFFDE, 0xFFDE, 0xFFDE, 0xCDFA, 0x72B7, 0x8338, 0x8338, 0x8338,
    0x8338, 0x8338, 0x8338, 0x8338, 0x8339, 0x72F7, 0xC5B9, 0xFFDE, 0xFFDE, 0xFFDE, 0xFFDE, 0xFFDE,
    0xFFDE, 0xFFDE, 0xFFDE, 0xFFDE, 0xFFDE, 0xFFDE, 0xFFDE, 0xFFDE, 0xFFDE, 0xFFDE, 0xFFDE, 0xFFDE,
    0xFFDE, 0xFFDE, 0xFFDE, 0xB4F2, 0x8B2B, 0x934B, 0x936C, 0xAC4F, 0xBCB1, 0xB491, 0xB490, 0xB470,
    0xB470, 0xB490, 0xB490, 0xBCD1, 0xA3EE, 0x3125, 0x3987, 0x3146, 0x62EB, 0xEF5C, 0xFFDE, 0xFFDE,
    0xFFDE, 0xFFDE, 0xFFDE, 0xFFDE, 0xFFDE, 0xFFDE, 0xFFDE, 0xFFDE, 0xFFDE, 0xFFDE, 0xFFDE, 0xFFDE,
    0xFFDE, 0xFFDE, 0xFFDE, 0xFFDE, 0xFFDE, 0xFFDE, 0xFFDE, 0xFFDE, 0xFFDE, 0xFFDE, 0xFFDE, 0xFFDE,
    0xFFDE, 0xFFDE, 0xFFDE, 0xFFDE, 0xFFDE, 0xFFDE, 0xFFDE, 0xFFDE, 0xFFDE, 0xFFDE, 0xFFDE, 0xFFDE,
    0xFFDE, 0xFFDE, 0xFFDE, 0xFFDE, 0xFFDE, 0xFFDE, 0xFFDE, 0xFFDE, 0xFFDE, 0xFFDE, 0xFFDE, 0xFFDE,
    0xFFDE, 0xFFDE, 0xEF5C, 0x736D, 0x41C8, 0x5A4A, 0x5209, 0x936C, 0xC4CF, 0xB46E, 0xBC8F, 0xBCAF,
    0xBCAF, 0xAC4E, 0x938C, 0x9BAC, 0x936B, 0x93CC, 0xEF3A, 0xFFDE, 0xFFDE, 0xFFDE, 0xFFDE, 0xFFDE,
    0xFFDE, 0xFFDE, 0xFFDE, 0xFFDE, 0xFFDE, 0xFFDE, 0xFFDE, 0xFFDE, 0xFFDE, 0xFFDE, 0xFFDE, 0xFFDE,
    0xFFDE, 0xFFDE, 0xFFDE, 0xFFDE, 0xFFDE, 0xFFDE, 0xFFDE, 0xCDFA, 0x6A96, 0x7AF7, 0x7AF8, 0x7AF7,
    0x7AF7, 0x7AF7, 0x7AF7, 0x7AF7, 0x7B17, 0x72D6, 0xC5FA, 0xFFDE, 0xFFDE, 0xFFDE, 0xFFDE, 0xFFDE,
    0xFFDE, 0xFFDE, 0xFFDE, 0xFFDE, 0xFFDE, 0xFFDE, 0xFFDE, 0xFFDE, 0xFFDE, 0xFFDE, 0xFFDE, 0xFFDE,
    0xFFDE, 0xFFDE, 0xFFDE, 0xB512, 0x8B2B, 0x8B2A, 0x936B, 0xB46F, 0xBCB0, 0xB490, 0xB490, 0xB490,
    0xB490, 0xB490, 0xB490, 0xBCD0, 0x9BED, 0x3986, 0x41C7, 0x3166, 0x62EC, 0xEF5C, 0xFFDE, 0xFFDE,
    0xFFDE, 0xFFDE, 0xFFDE, 0xFFDE, 0xFFDE, 0xFFDE, 0xFFDE, 0xFFDE, 0xFFDE, 0xFFDE, 0xFFDE, 0xFFDE,
    0xFFDE, 0xFFDE, 0xFFDE, 0xFFDE, 0xFFDE, 0xFFDE, 0xFFDE, 0xFFDE, 0xFFDE, 0xFFDE, 0xFFDE, 0xFFDE,
    0xFFDE, 0xFFDE, 0xFFDE, 0xFFDE, 0xFFDE, 0xFFDE, 0xFFDE, 0xFFDE, 0xFFDE, 0xFFDE, 0xFFDE, 0xFFDE,
    0xFFDE, 0xFFDE, 0xFFDE, 0xFFDE, 0xFFDE, 0xFFDE, 0xFFDE, 0xFFDE, 0xFFDE, 0xFFDE, 0xFFDE, 0xFFDE,
    0xFFDE, 0xFFDE, 0xEF5C, 0x736E, 0x41A8, 0x5249, 0x5209, 0x938C, 0xC4D0, 0xBC6E, 0xBC8F, 0xBC8F,
    0xC4AF, 0xAC4E, 0x938C, 0x9BAD, 0x936C, 0x93AD, 0xF71A, 0xFFDE, 0xFFDE, 0xFFDE, 0xFFDE, 0xFFDE,
    0xFFDE, 0xFFDE, 0xFFDE, 0xFFDE, 0xFFDE, 0xFFDE, 0xFFDE, 0xFFDE, 0xFFDE, 0xFFDE, 0xFFDE, 0xFFDE,
    0xFFDE, 0xFFDE, 0xFFDE, 0xFFDE, 0xFFDE, 0xFFDE, 0xFFDE, 0xDEBB, 0xA4B9, 0xACDA, 0xACDA, 0xACDA,
    0xACFB, 0xB4FB, 0xB4FB, 0xB51B, 0xBD5B, 0xC5BA, 0xE71C, 0xFFDE, 0xFFDE, 0xFFDE, 0xFFDE, 0xFFDE,
    0xFFDE, 0xFFDE, 0xFFDE, 0xFFDE, 0xFFDE, 0xFFDE, 0xFFDE, 0xFFDE, 0xFFDE, 0xFFDE, 0xFFDE, 0xFFDE,
    0xFFDE, 0xFFDE, 0xFFDE, 0xB4F2, 0x832A, 0x8B0A, 0x934B, 0xAC4F, 0xB490, 0xB46F, 0xB46F, 0xB470,
    0xB470, 0xBC90, 0xB470, 0xBCB0, 0x9BCE, 0x3966, 0x41C7, 0x3165, 0x62EB, 0xEF5D, 0xFFDE, 0xFFDE,
    0xFFDE, 0xFFDE, 0xFFDE, 0xFFDE, 0xFFDE, 0xFFDE, 0xFFDE, 0xFFDE, 0xFFDE, 0xFFDE, 0xFFDE, 0xFFDE,
    0xFFDE, 0xFFDE, 0xFFDE, 0xFFDE, 0xFFDE, 0xFFDE, 0xFFDE, 0xFFDE, 0xFFDE, 0xFFDE, 0xFFDE, 0xFFDE,
    0xFFDE, 0xFFDE, 0xFFDE, 0xFFDE, 0xFFDE, 0xFFDE, 0xFFDE, 0xFFDE, 0xFFDE, 0xFFDE, 0xFFDE, 0xFFDE,
    0xFFDE, 0xFFDE, 0xFFDE, 0xFFDE, 0xFFDE, 0xFFDE, 0xFFDE, 0xFFDE, 0xFFDE, 0xFFDE, 0xFFDE, 0xFFDE,
    0xFFDE, 0xFFDE, 0xEF5D, 0x7B8E, 0x49C8, 0x5A49, 0x5209, 0x938C, 0xCCD0, 0xBC6E, 0xBC8F, 0xC4AF,
    0xC4D0, 0xB44E, 0x938C, 0x9BAC, 0x938C, 0x93CD, 0xF71A, 0xFFDE, 0xFFDE, 0xFFDE, 0xFFDE, 0xFFDE,
    0xFFDE, 0xFFDE, 0xFFDE, 0xFFDE, 0xFFDE, 0xFFDE, 0xFFDE, 0xFFDE, 0xFFDE, 0xFFDE, 0xFFDE, 0xFFDE,
    0xFFDE, 0xFFDE, 0xFFDE, 0xFFDE, 0xFFDE, 0xFFDE, 0xFFDE, 0xFFDE, 0xFFDE, 0xFFDE, 0xFFDE, 0xFFDE,
    0xFFDE, 0xFFDE, 0xFFDE, 0xFFDE, 0xFFDE, 0xFFDE, 0xFFDE, 0xFFDE, 0xFFDE, 0xFFDE, 0xFFDE, 0xFFDE,
    0xFFDE, 0xFFDE, 0xFFDE, 0xFFDE, 0xFFDE, 0xFFDE, 0xFFDE, 0xFFDE, 0xFFDE, 0xFFDE, 0xFFDE, 0xFFDE,
    0xFFDE, 0xFFDE, 0xFFDE, 0xB4F1, 0x830A, 0x82EA, 0x934B, 0xAC2E, 0xB46F, 0xB44F, 0xB46F, 0xB46F,
    0xBC90, 0xB490, 0xB46F, 0xBCB0, 0x9BCD, 0x3965, 0x39A6, 0x3165, 0x62EB, 0xEF5C, 0xFFDE, 0xFFDE,
    0xFFDE, 0xFFDE, 0xFFDE, 0xFFDE, 0xFFDE, 0xFFDE, 0xFFDE, 0xFFDE, 0xFFDE, 0xFFDE, 0xFFDE, 0xFFDE,
    0xFFDE, 0xFFDE, 0xFFDE, 0xFFDE, 0xFFDE, 0xFFDE, 0xFFDE, 0xFFDE, 0xFFDE, 0xFFDE, 0xFFDE, 0xFFDE,
    0xFFDE, 0xFFDE, 0xFFDE, 0xFFDE, 0xFFDE, 0xFFDE, 0xFFDE, 0xFFDE, 0xFFDE, 0xFFDE, 0xFFDE, 0xFFDE,
    0xFFDE, 0xFFDE, 0xFFDE, 0xFFDE, 0xFFDE, 0xFFDE, 0xFFDE, 0xFFDE, 0xFFDE, 0xFFDE, 0xFFDE, 0xFFDE,
    0xFFDE, 0xFFDE, 0xFFDE, 0x7B8E, 0x49C8, 0x5A49, 0x5A09, 0x9B8C, 0xCCCF, 0xBC8E, 0xC4AF, 0xC4CF,
    0xC4D0, 0xB44E, 0x936B, 0x9BAC, 0x9B8C, 0x9BCD, 0xF73A, 0xFFDE, 0xFFDE, 0xFFDE, 0xFFDE, 0xFFDE,
    0xFFDE, 0xFFDE, 0xFFDE, 0xFFDE, 0xFFDE, 0xFFDE, 0xFFDE, 0xFFDE, 0xFFDE, 0xFFDE, 0xFFDE, 0xFFDE,
    0xFFDE, 0xFFDE, 0xFFDE, 0xFFDE, 0xFFDE, 0xFFDE, 0xFFDE, 0xFFDE, 0xFFDE, 0xFFDE, 0xFFDE, 0xFFDE,
    0xFFDE, 0xFFDE, 0xFFDE, 0xFFDE, 0xFFDE, 0xFFDE, 0xFFDE, 0xFFDE, 0xFFDE, 0xFFDE, 0xFFDE, 0xFFDE,
    0xFFDE, 0xFFDE, 0xFFDE, 0xFFDE, 0xFFDE, 0xFFDE, 0xFFDE, 0xFFDE, 0xFFDE, 0xFFDE, 0xFFDE, 0xFFDE,
    0xFFDE, 0xFFDE, 0xFFDE, 0xB4D1, 0x8309, 0x82E9, 0x8B2A, 0xA40D, 0xAC4E, 0xAC2E, 0xAC2E, 0xB44E,
    0xB48F, 0xBC8F, 0xB46F, 0xBCB0, 0x93AC, 0x3165, 0x3986, 0x3145, 0x62CA, 0xEF3C, 0xFFDE, 0xFFDE,
    0xFFDE, 0xFFDE, 0xFFDE, 0xFFDE, 0xFFDE, 0xFFDE, 0xFFDE, 0xFFDE, 0xFFDE, 0xFFDE, 0xFFDE, 0xFFDE,
    0xFFDE, 0xFFDE, 0xFFDE, 0xFFDE, 0xFFDE, 0xFFDE, 0xFFDE, 0xFFDE, 0xFFDE, 0xFFDE, 0xFFDE, 0xFFDE,
    0xFFDE, 0xFFDE, 0xFFDE, 0xFFDE, 0xFFDE, 0xFFDE, 0xFFDE, 0xFFDE, 0xFFDE, 0xFFDE, 0xFFDE, 0xFFDE,
    0xFFDE, 0xFFDE, 0xFFDE, 0xFFDE, 0xFFDE, 0xFFDE, 0xFFDE, 0xFFDE, 0xFFDE, 0xFFDE, 0xFFDE, 0xFFDE,
    0xFFDE, 0xFFDE, 0xFFDE, 0x7B8E, 0x49E8, 0x5A6A, 0x5A29, 0x9B6C, 0xCCCF, 0xBC8F, 0xBCAF, 0xBC8F,
    0xBC8F, 0xAC2D, 0x936B, 0x9BAC, 0x9B8C, 0x9BCD, 0xF73A, 0xFFDE, 0xFFDE, 0xFFDE, 0xFFDE, 0xFFDE,
    0xFFDE, 0xFFDE, 0xFFDE, 0xFFDE, 0xFFDE, 0xFFDE, 0xFFDE, 0xFFDE, 0xFFDE, 0xFFDE, 0xFFDE, 0xFFDE,
    0xFFDE, 0xFFDE, 0xFFDE, 0xFFDE, 0xFFDE, 0xFFDE, 0xFFDE, 0xFFDE, 0xFFDE, 0xFFDE, 0xFFDE, 0xFFDE,
    0xFFDE, 0xFFDE, 0xFFDE, 0xFFDE, 0xFFDE, 0xFFDE, 0xFFDE, 0xFFDE, 0xFFDE, 0xFFDE, 0xFFDE, 0xFFDE,
    0xFFDE, 0xFFDE, 0xFFDE, 0xFFDE, 0xFFDE, 0xFFDE, 0xFFDE, 0xFFDE, 0xFFDE, 0xFFDE, 0xFFDE, 0xFFDE,
    0xFFDE, 0xFFDE, 0xFFDE, 0xB4D1, 0x82E9, 0x82C9, 0x8B2A, 0xA3ED, 0xAC2E, 0xAC2E, 0x9BAC, 0x9B6B,
    0xA3CC, 0xAC0D, 0xABED, 0xAC2E, 0x8B6C, 0x3145, 0x3986, 0x3144, 0x62CA, 0xE73C, 0xFFDE, 0xFFDE,
    0xFFDE, 0xFFDE, 0xFFDE, 0xFFDE, 0xFFDE, 0xFFDE, 0xFFDE, 0xFFDE, 0xFFDE, 0xFFDE, 0xFFDE, 0xFFDE,
    0xFFDE, 0xFFDE, 0xFFDE, 0xFFDE, 0xFFDE, 0xFFDE, 0xFFDE, 0xFFDE, 0xFFDE, 0xFFDE, 0xFFDE, 0xFFDE,
    0xFFDE, 0xFFDE, 0xFFDE, 0xFFDE, 0xFFDE, 0xFFDE, 0xFFDE, 0xFFDE, 0xFFDE, 0xFFDE, 0xFFDE, 0xFFDE,
    0xFFDE, 0xFFDE, 0xFFDE, 0xFFDE, 0xFFDE, 0xFFDE, 0xFFDE, 0xFFDE, 0xFFDE, 0xFFDE, 0xFFDE, 0xFFDE,
    0xFFDE, 0xFFDE, 0xFFDE, 0x7B8E, 0x49E8, 0x5A6A, 0x5A29, 0x936B, 0xBC6E, 0xAC2D, 0xAC0D, 0xAC0D,
    0xA3ED, 0x9BCC, 0x936B, 0x9BAC, 0x9B8C, 0x9BED, 0xF73A, 0xFFDE, 0xFFDE, 0xFFDE, 0xFFDE, 0xFFDE,
    0xFFDE, 0xFFDE, 0xFFDE, 0xFFDE, 0xFFDE, 0xFFDE, 0xFFDE, 0xFFDE, 0xFFDE, 0xFFDE, 0xFFDE, 0xFFDE,
    0xFFDE, 0xFFDE, 0xFFDE, 0xFFDE, 0xFFDE, 0xFFDE, 0xFFDE, 0xFFDE, 0xFFDE, 0xFFDE, 0xFFDE, 0xFFDE,
    0xFFDE, 0xFFDE, 0xFFDE, 0xFFDE, 0xFFDE, 0xFFDE, 0xFFDE, 0xFFDE, 0xFFDE, 0xFFDE, 0xFFDE, 0xFFDE,
    0xFFDE, 0xFFDE, 0xFFDE, 0xFFDE, 0xFFDE, 0xFFDE, 0xFFDE, 0xFFDE, 0xFFDE, 0xFFDE, 0xFFDE, 0xFFDE,
    0xFFDE, 0xFFDE, 0xFFDE, 0xB4B0, 0x82E9, 0x82C9, 0x8B4A, 0xA3ED, 0xAC2E, 0xAC0D, 0x9B8B, 0x932A,
    0x9B8B, 0x9B8C, 0x9B8B, 0xA3ED, 0x8B4B, 0x3145, 0x3986, 0x3144, 0x5AAA, 0xE73C, 0xFFDE, 0xFFDE,
    0xFFDE, 0xFFDE, 0xFFDE, 0xFFDE, 0xFFDE, 0xFFDE, 0xFFDE, 0xFFDE, 0xFFDE, 0xFFDE, 0xFFDE, 0xFFDE,
    0xFFDE, 0xFFDE, 0xFFDE, 0xFFDE, 0xFFDE, 0xFFDE, 0xFFDE, 0xFFDE, 0xFFDE, 0xFFDE, 0xFFDE, 0xFFDE,
    0xFFDE, 0xFFDE, 0xFFDE, 0xFFDE, 0xFFDE, 0xFFDE, 0xFFDE, 0xFFDE, 0xFFDE, 0xFFDE, 0xFFDE, 0xFFDE,
    0xFFDE, 0xFFDE, 0xFFDE, 0xFFDE, 0xFFDE, 0xFFDE, 0xFFDE, 0xFFDE, 0xFFDE, 0xFFDE, 0xFFDE, 0xFFDE,
    0xFFDE, 0xFFDE, 0xFFDE, 0x7B8E, 0x49E8, 0x5A49, 0x5A29, 0x8B4B, 0xB42E, 0xA3CD, 0xA3ED, 0xA3ED,
    0xA3ED, 0x9BAC, 0x936B, 0x9BAC, 0x938B, 0x9BCC, 0xF73A, 0xFFDE, 0xFFDE, 0xFFDE, 0xFFDE, 0xFFDE,
    0xFFDE, 0xFFDE, 0xFFDE, 0xFFDE, 0xFFDE, 0xFFDE, 0xFFDE, 0xFFDE, 0xFFDE, 0xFFDE, 0xFFDE, 0xFFDE,
    0xFFDE, 0xFFDE, 0xFFDE, 0xFFDE, 0xFFDE, 0xFFDE, 0xFFDE, 0xFFDE, 0xFFDE, 0xFFDE, 0xFFDE, 0xFFDE,
    0xFFDE, 0xFFDE, 0xFFDE, 0xFFDE, 0xFFDE, 0xFFDE, 0xFFDE, 0xFFDE, 0xFFDE, 0xFFDE, 0xFFDE, 0xFFDE,
    0xFFDE, 0xFFDE, 0xFFDE, 0xFFDE, 0xFFDE, 0xFFDE, 0xFFDE, 0xFFDE, 0xFFDE, 0xFFDE, 0xFFDE, 0xFFDE,
    0xFFDE, 0xFFDE, 0xF739, 0xAC6E, 0x82E9, 0x82E9, 0x936B, 0xA40D, 0xAC2E, 0xAC2E, 0x9BAC, 0x936B,
    0x9BAC, 0x9BAB, 0x9B8C, 0xA3EC, 0x834B, 0x3945, 0x3986, 0x3144, 0x5AAA, 0xE73C, 0xFFDE, 0xFFDE,
    0xFFDE, 0xFFDE, 0xFFDE, 0xFFDE, 0xFFDE, 0xFFDE, 0xFFDE, 0xFFDE, 0xFFDE, 0xFFDE, 0xFFDE, 0xFFDE,
    0xFFDE, 0xFFDE, 0xFFDE, 0xFFDE, 0xFFDE, 0xFFDE, 0xFFDE, 0xFFDE, 0xFFDE, 0xFFDE, 0xFFDE, 0xFFDE,
    0xFFDE, 0xFFDE, 0xFFDE, 0xFFDE, 0xFFDE, 0xFFDE, 0xFFDE, 0xFFDE, 0xFFDE, 0xFFDE, 0xFFDE, 0xFFDE,
    0xFFDE, 0xFFDE, 0xFFDE, 0xFFDE, 0xFFDE, 0xFFDE, 0xFFDE, 0xFFDE, 0xFFDE, 0xFFDE, 0xFFDE, 0xFFDE,
    0xFFDE, 0xFFDE, 0xFFDE, 0x7B8E, 0x49C7, 0x5A49, 0x5A28, 0x82EA, 0xAC2E, 0xA3ED, 0xA40D, 0xAC0D,
    0xAC0D, 0x9BAC, 0x934A, 0x9B8B, 0x936B, 0x9BCD, 0xF73A, 0xFFDE, 0xFFDE, 0xFFDE, 0xFFDE, 0xFFDE,
    0xFFDE, 0xFFDE, 0xFFDE, 0xFFDE, 0xFFDE, 0xFFDE, 0xFFDE, 0xFFDE, 0xFFDE, 0xFFDE, 0xFFDE, 0xFFDE,
    0xFFDE, 0xFFDE, 0xFFDE, 0xFFDE, 0xFFDE, 0xFFDE, 0xFFDE, 0xFFDE, 0xFFDE, 0xFFDE, 0xFFDE, 0xFFDE,
    0xFFDE, 0xFFDE, 0xFFDE, 0xFFDE, 0xFFDE, 0xFFDE, 0xFFDE, 0xFFDE, 0xFFDE, 0xFFDE, 0xFFDE, 0xFFDE,
    0xFFDE, 0xFFDE, 0xFFDE, 0xFFDE, 0xFFDE, 0xFFDE, 0xFFDE, 0xFFDE, 0xFFDE, 0xFFDE, 0xFFDE, 0xFFDE,
    0xFFDE, 0xFFDE, 0xE697, 0x9BED, 0x82E9, 0x82E9, 0x936B, 0xAC0D, 0xAC2E, 0xAC2E, 0x9BAC, 0x936B,
    0x9B8B, 0x9BAC, 0x936B, 0x9BAC, 0x830A, 0x3965, 0x41A6, 0x3144, 0x5AAA, 0xE73C, 0xFFDE, 0xFFDE,
    0xFFDE, 0xFFDE, 0xFFDE, 0xFFDE, 0xFFDE, 0xFFDE, 0xFFDE, 0xFFDE, 0xFFDE, 0xFFDE, 0xFFDE, 0xFFDE,
    0xFFDE, 0xFFDE, 0xFFDE, 0xFFDE, 0xFFDE, 0xFFDE, 0xFFDE, 0xFFDE, 0xFFDE, 0xFFDE, 0xFFDE, 0xFFDE,
    0xFFDE, 0xFFDE, 0xFFDE, 0xFFDE, 0xFFDE, 0xFFDE, 0xFFDE, 0xFFDE, 0xFFDE, 0xFFDE, 0xFFDE, 0xFFDE,
    0xFFDE, 0xFFDE, 0xFFDE, 0xFFDE, 0xFFDE, 0xFFDE, 0xFFDE, 0xFFDE, 0xFFDE, 0xFFDE, 0xFFDE, 0xFFDE,
    0xFFDE, 0xFFDE, 0xFFDE, 0x7B8D, 0x49C7, 0x5A49, 0x5A28, 0x7AEA, 0xAC0D, 0xA40D, 0xA40D, 0xA40D,
    0xAC0D, 0x9BAB, 0x8B4A, 0x938B, 0x936B, 0x9BED, 0xEF1A, 0xFFDE, 0xFFDE, 0xFFDE, 0xFFDE, 0xFFDE,
    0xFFDE, 0xFFDE, 0xFFDE, 0xFFDE, 0xFFDE, 0xFFDE, 0xFFDE, 0xFFDE, 0xFFDE, 0xFFDE, 0xFFDE, 0xFFDE,
    0xFFDE, 0xFFDE, 0xFFDE, 0xFFDE, 0xFFDE, 0xFFDE, 0xFFDE, 0xFFDE, 0xFFDE, 0xFFDE, 0xFFDE, 0xFFDE,
    0xFFDE, 0xFFDE, 0xFFDE, 0xFFDE, 0xFFDE, 0xFFDE, 0xFFDE, 0xFFDE, 0xFFDE, 0xFFDE, 0xFFDE, 0xFFDE,
    0xFFDE, 0xFFDE, 0xFFDE, 0xFFDE, 0xFFDE, 0xFFDE, 0xFFDE, 0xFFDE, 0xFFDE, 0xFFDE, 0xFFDE, 0xFFDE,
    0xFFDE, 0xFFDE, 0xEED8, 0xA40D, 0x8B09, 0x8B09, 0x938B, 0xAC2D, 0xAC2D, 0xAC2D, 0xA3CD, 0x936B,
    0x9BAC, 0x9BAC, 0x9BAB, 0xA3EC, 0x830A, 0x4186, 0x41C6, 0x3965, 0x5ACA, 0xE73C, 0xFFDE, 0xFFDE,
    0xFFDE, 0xFFDE, 0xFFDE, 0xFFDE, 0xFFDE, 0xFFDE, 0xFFDE, 0xFFDE, 0xFFDE, 0xFFDE, 0xFFDE, 0xFFDE,
    0xFFDE, 0xFFDE, 0xFFDE, 0xFFDE, 0xFFDE, 0xFFDE, 0xFFDE, 0xFFDE, 0xFFDE, 0xFFDE, 0xFFDE, 0xFFDE,
    0xFFDE, 0xFFDE, 0xFFDE, 0xFFDE, 0xFFDE, 0xFFDE, 0xFFDE, 0xFFDE, 0xFFDE, 0xFFDE, 0xFFDE, 0xFFDE,
    0xFFDE, 0xFFDE, 0xFFDE, 0xFFDE, 0xFFDE, 0xFFDE, 0xFFDE, 0xFFDE, 0xFFDE, 0xFFDE, 0xFFDE, 0xFFDE,
    0xFFDE, 0xFFDE, 0xEF5D, 0x732C, 0x3966, 0x5208, 0x49E7, 0x6A69, 0xA3CD, 0xAC0D, 0xA42D, 0xAC4E,
    0xAC4E, 0x9BAB, 0x8B2A, 0x938B, 0x938B, 0xA42D, 0xFFDE, 0xFFDE, 0xFFDE, 0xFFDE, 0xFFDE, 0xFFDE,
    0xFFDE, 0xFFDE, 0xFFDE, 0xFFDE, 0xFFDE, 0xFFDE, 0xFFDE, 0xFFDE, 0xFFDE, 0xFFDE, 0xFFDE, 0xFFDE,
    0xFFDE, 0xFFDE, 0xFFDE, 0xFFDE, 0xFFDE, 0xFFDE, 0xFFDE, 0xFFDE, 0xFFDE, 0xFFDE, 0xFFDE, 0xFFDE,
    0xFFDE, 0xFFDE, 0xFFDE, 0xFFDE, 0xFFDE, 0xFFDE, 0xFFDE, 0xFFDE, 0xFFDE, 0xFFDE, 0xFFDE, 0xFFDE,
    0xFFDE, 0xFFDE, 0xFFDE, 0xFFDE, 0xFFDE, 0xFFDE, 0xFFDE, 0xFFDE, 0xFFDE, 0xFFDE, 0xFFDE, 0xFFDE,
    0xFFDE, 0xFFDE, 0xFF5A, 0xAC4F, 0x82E9, 0x8B2A, 0x9BAC, 0xAC2D, 0xAC4E, 0xAC2E, 0xAC0D, 0x9B8C,
    0x938C, 0x8B4B, 0x8B4B, 0x8B4B, 0x72A9, 0x41A6, 0x49E7, 0x3965, 0x62CA, 0xEF3C, 0xFFDE, 0xFFDE,
    0xFFDE, 0xFFDE, 0xFFDE, 0xFFDE, 0xFFDE, 0xFFDE, 0xFFDE, 0xFFDE, 0xFFDE, 0xFFDE, 0xFFDE, 0xFFDE,
    0xFFDE, 0xFFDE, 0xFFDE, 0xFFDE, 0xFFDE, 0xFFDE, 0xFFDE, 0xFFDE, 0xFFDE, 0xFFDE, 0xFFDE, 0xFFDE,
    0xFFDE, 0xFFDE, 0xFFDE, 0xFFDE, 0xFFDE, 0xFFDE, 0xFFDE, 0xFFDE, 0xFFDE, 0xFFDE, 0xFFDE, 0xFFDE,
    0xFFDE, 0xFFDE, 0xFFDE, 0xFFDE, 0xFFDE, 0xFFDE, 0xFFDE, 0xFFDE, 0xFFDE, 0xFFDE, 0xFFDE, 0xFFDE,
    0xFFDE, 0xFFDE, 0xFFDE, 0x83EF, 0x5208, 0x628A, 0x628A, 0x6AAA, 0x8B2B, 0x9BAC, 0x9BCD, 0x9BCD,
    0x93AC, 0x832A, 0x7AC9, 0x8B6B, 0x936B, 0x93AC, 0xCDD4, 0xDE78, 0xEF5B, 0xFFDE, 0xFFDE, 0xFFDE,
    0xFFDE, 0xFFDE, 0xFFDE, 0xFFDE, 0xFFDE, 0xFFDE, 0xFFDE, 0xFFDE, 0xFFDE, 0xFFDE, 0xFFDE, 0xFFDE,
    0xFFDE, 0xFFDE, 0xFFDE, 0xFFDE, 0xFFDE, 0xFFDE, 0xFFDE, 0xFFDE, 0xFFDE, 0xFFDE, 0xFFDE, 0xFFDE,
    0xFFDE, 0xFFDE, 0xFFDE, 0xFFDE, 0xFFDE, 0xFFDE, 0xFFDE, 0xFFDE, 0xFFDE, 0xFFDE, 0xFFDE, 0xFFDE,
    0xFFDE, 0xFFDE, 0xFFDE, 0xFFDE, 0xFFDE, 0xFFDE, 0xFFDE, 0xFFDE, 0xFFDE, 0xFFDE, 0xFFDE, 0xFF7A,
    0xF739, 0xF75A, 0xEED8, 0xA40D, 0x7AA9, 0x82E9, 0x934B, 0x938B, 0x938C, 0x936B, 0x8B2A, 0x7AA9,
    0x7289, 0x6A69, 0x6A48, 0x6A48, 0x6227, 0x4186, 0x49C6, 0x3945, 0x736C, 0xFFDE, 0xFFDE, 0xFFDE,
    0xFFDE, 0xFFDE, 0xFFDE, 0xFFDE, 0xFFDE, 0xFFDE, 0xFFDE, 0xFFDE, 0xFFDE, 0xFFDE, 0xFFDE, 0xFFDE,
    0xFFDE, 0xFFDE, 0xFFDE, 0xFFDE, 0xFFDE, 0xFFDE, 0xFFDE, 0xFFDE, 0xFFDE, 0xFFDE, 0xFFDE, 0xFFDE,
    0xFFDE, 0xFFDE, 0xFFDE, 0xFFDE, 0xFFDE, 0xFFDE, 0xFFDE, 0xFFDE, 0xFFDE, 0xFFDE, 0xFFDE, 0xFFDE,
    0xFFDE, 0xFFDE, 0xFFDE, 0xFFDE, 0xFFDE, 0xFFDE, 0xFFDE, 0xFFDE, 0xFFDE, 0xFFDE, 0xFFDE, 0xFFDE,
    0xFFDE, 0xFFDE, 0xFFDE, 0xFFDE, 0xEF5D, 0xEF5C, 0xEF5C, 0xBD74, 0x51C7, 0x6248, 0x6248, 0x6228,
    0x6227, 0x6228, 0x6228, 0x6248, 0x6248, 0x5A27, 0x51E7, 0x41A6, 0x9C71, 0xFFDE, 0xFFDE, 0xFFDE,
    0xFFDE, 0xFFDE, 0xFFDE, 0xFFDE, 0xFFDE, 0xFFDE, 0xFFDE, 0xFFDE, 0xFFDE, 0xFFDE, 0xFFDE, 0xFFDE,
    0xFFDE, 0xFFDE, 0xFFDE, 0xFFDE, 0xFFDE, 0xFFDE, 0xFFDE, 0xFFDE, 0xFFDE, 0xFFDE, 0xFFDE, 0xFFDE,
    0xFFDE, 0xFFDE, 0xFFDE, 0xFFDE, 0xFFDE, 0xFFDE, 0xFFDE, 0xFFDE, 0xFFDE, 0xFFDE, 0xFFDE, 0xFFDE,
    0xFFDE, 0xFFDE, 0xFFDE, 0xFFDE, 0xFFDE, 0xFFDE, 0xFFDE, 0xFFDE, 0xFFDE, 0xEEF9, 0x7B2B, 0x832B,
    0x8B8C, 0x836C, 0x72EA, 0x6228, 0x5A07, 0x5A07, 0x5A07, 0x5A07, 0x5A07, 0x5A07, 0x6228, 0x6228,
    0x6249, 0x6249, 0x6249, 0x6A69, 0x59E7, 0xE73C, 0xE73C, 0xE6FB, 0xE73C, 0xFFDE, 0xFFDE, 0xFFDE,
    0xFFDE, 0xFFDE, 0xFFDE, 0xFFDE, 0xFFDE, 0xFFDE, 0xFFDE, 0xFFDE, 0xFFDE, 0xFFDE, 0xFFDE, 0xFFDE,
    0xFFDE, 0xFFDE, 0xFFDE, 0xFFDE, 0xFFDE, 0xFFDE, 0xFFDE, 0xFFDE, 0xFFDE, 0xFFDE, 0xFFDE, 0xFFDE,
    0xFFDE, 0xFFDE, 0xFFDE, 0xFFDE, 0xFFDE, 0xFFDE, 0xFFDE, 0xFFDE, 0xFFDE, 0xFFDE, 0xFFDE, 0xFFDE,
    0xFFDE, 0xFFDE, 0xFFDE, 0xFFDE, 0xFFDE, 0xFFDE, 0xFFDE, 0xFFDE, 0xFFDE, 0xFFDE, 0xFFDE, 0xFFDE,
    0xFFDE, 0xFFDE, 0xFFDE, 0xFFDE, 0xFFDE, 0xFFDE, 0xFFDE, 0xC5D5, 0x49A6, 0x6228, 0x5A08, 0x5A28,
    0x5A08, 0x5A28, 0x5A08, 0x5A08, 0x51E7, 0x51E7, 0x51C6, 0x4186, 0x8C0F, 0xFFDE, 0xFFDE, 0xFFDE,
    0xFFDE, 0xFFDE, 0xFFDE, 0xFFDE, 0xFFDE, 0xFFDE, 0xFFDE, 0xFFDE, 0xFFDE, 0xFFDE, 0xFFDE, 0xFFDE,
    0xFFDE, 0xFFDE, 0xFFDE, 0xFFDE, 0xFFDE, 0xFFDE, 0xFFDE, 0xFFDE, 0xFFDE, 0xFFDE, 0xFFDE, 0xFFDE,
    0xFFDE, 0xFFDE, 0xFFDE, 0xFFDE, 0xFFDE, 0xFFDE, 0xFFDE, 0xFFDE, 0xFFDE, 0xFFDE, 0xFFDE, 0xFFDE,
    0xFFDE, 0xFFDE, 0xFFDE, 0xFFDE, 0xFFDE, 0xFFDE, 0xFFDE, 0xFFDE, 0xFFDE, 0xEEFA, 0x6248, 0x6A89,
    0x730B, 0x72CA, 0x6268, 0x5A07, 0x51E7, 0x51E7, 0x51E7, 0x51E7, 0x51E7, 0x51E7, 0x51C7, 0x49A6,
    0x51A6, 0x51A6, 0x51A6, 0x51C7, 0x4165, 0xFFDE, 0xFFDE, 0xFFDE, 0xFFDE, 0xFFDE, 0xFFDE, 0xFFDE,
    0xFFDE, 0xFFDE, 0xFFDE, 0xFFDE, 0xFFDE, 0xFFDE, 0xFFDE, 0xFFDE, 0xFFDE, 0xFFDE, 0xFFDE, 0xFFDE,
    0xFFDE, 0xFFDE, 0xFFDE, 0xFFDE, 0xFFDE, 0xFFDE, 0xFFDE, 0xFFDE, 0xFFDE, 0xFFDE, 0xFFDE, 0xFFDE,
    0xFFDE, 0xFFDE, 0xFFDE, 0xFFDE, 0xFFDE, 0xFFDE, 0xFFDE, 0xFFDE, 0xFFDE, 0xFFDE, 0xFFDE, 0xFFDE,
    0xFFDE, 0xFFDE, 0xFFDE, 0xFFDE, 0xFFDE, 0xFFDE, 0xFFDE, 0xFFDE, 0xFFDE, 0xFFDE, 0xFFDE, 0xFFDE,
    0xFFDE, 0xFFDE, 0xFFDE, 0xFFDE, 0xFFDE, 0xFFDE, 0xFFDE, 0xC5D5, 0x51E7, 0x6269, 0x6248, 0x6269,
    0x6249, 0x6249, 0x6248, 0x5A28, 0x51E7, 0x51E7, 0x51E7, 0x49A6, 0x8C0F, 0xFFDE, 0xFFDE, 0xFFDE,
    0xFFDE, 0xFFDE, 0xFFDE, 0xFFDE, 0xFFDE, 0xFFDE, 0xFFDE, 0xFFDE, 0xFFDE, 0xFFDE, 0xFFDE, 0xFFDE,
    0xFFDE, 0xFFDE, 0xFFDE, 0xFFDE, 0xFFDE, 0xFFDE, 0xFFDE, 0xFFDE, 0xFFDE, 0xFFDE, 0xFFDE, 0xFFDE,
    0xFFDE, 0xFFDE, 0xFFDE, 0xFFDE, 0xFFDE, 0xFFDE, 0xFFDE, 0xFFDE, 0xFFDE, 0xFFDE, 0xFFDE, 0xFFDE,
    0xFFDE, 0xFFDE, 0xFFDE, 0xFFDE, 0xFFDE, 0xFFDE, 0xFFDE, 0xFFDE, 0xFFDE, 0xEF1A, 0x6269, 0x5A28,
    0x6268, 0x5A28, 0x5A07, 0x51E7, 0x51E7, 0x51E7, 0x51E7, 0x51E7, 0x5207, 0x51E7, 0x6269, 0xAD34,
    0xC5B6, 0xBD95, 0xBD95, 0xBD95, 0xC5D6, 0xFFDE, 0xFFDE, 0xFFDE, 0xFFDE, 0xFFDE, 0xFFDE, 0xFFDE,
    0xFFDE, 0xFFDE, 0xFFDE, 0xFFDE, 0xFFDE, 0xFFDE, 0xFFDE, 0xFFDE, 0xFFDE, 0xFFDE, 0xFFDE, 0xFFDE,
    0xFFDE, 0xFFDE, 0xFFDE, 0xFFDE, 0xFFDE, 0xFFDE, 0xFFDE, 0xFFDE, 0xFFDE, 0xFFDE, 0xFFDE, 0xFFDE,
    0xFFDE, 0xFFDE, 0xFFDE, 0xFFDE, 0xFFDE, 0xFFDE, 0xFFDE, 0xFFDE, 0xFFDE, 0xFFDE, 0xFFDE, 0xFFDE,
    0xFFDE, 0xFFDE, 0xFFDE, 0xFFDE, 0xFFDE, 0xFFDE, 0xFFDE, 0xFFDE, 0xFFDE, 0xFFDE, 0xFFDE, 0xFFDE,
    0xFFDE, 0xFFDE, 0xFFDE, 0xFFDE, 0xFFDE, 0xFFDE, 0xFFDE, 0xBDB5, 0x3104, 0x49A6, 0x4986, 0x4165,
    0x4165, 0x4165, 0x4165, 0x51C6, 0x51C7, 0x51E7, 0x51C7, 0x49A6, 0x8C0F, 0xFFDE, 0xFFDE, 0xFFDE,
    0xFFDE, 0xFFDE, 0xFFDE, 0xFFDE, 0xFFDE, 0xFFDE, 0xFFDE, 0xFFDE, 0xFFDE, 0xFFDE, 0xFFDE, 0xFFDE,
    0xFFDE, 0xFFDE, 0xFFDE, 0xFFDE, 0xFFDE, 0xFFDE, 0xFFDE, 0xFFDE, 0xFFDE, 0xFFDE, 0xFFDE, 0xFFDE,
    0xFFDE, 0xFFDE, 0xFFDE, 0xFFDE, 0xFFDE, 0xFFDE, 0xFFDE, 0xFFDE, 0xFFDE, 0xFFDE, 0xFFDE, 0xFFDE,
    0xFFDE, 0xFFDE, 0xFFDE, 0xFFDE, 0xFFDE, 0xFFDE, 0xFFDE, 0xFFDE, 0xFFDE, 0xEF3B, 0x5A48, 0x5A07,
    0x5A08, 0x51E7, 0x51E7, 0x51C6, 0x49C6, 0x49C7, 0x49A6, 0x49A6, 0x51E7, 0x4145, 0x6ACB, 0xEF5D,
    0xFFDE, 0xFFDE, 0xFFDE, 0xFFDE, 0xFFDE, 0xFFDE, 0xFFDE, 0xFFDE, 0xFFDE, 0xFFDE, 0xFFDE, 0xFFDE,
    0xFFDE, 0xFFDE, 0xFFDE, 0xFFDE, 0xFFDE, 0xFFDE, 0xFFDE, 0xFFDE, 0xFFDE, 0xFFDE, 0xFFDE, 0xFFDE,
    0xFFDE, 0xFFDE, 0xFFDE, 0xFFDE, 0xFFDE, 0xFFDE, 0xFFDE, 0xFFDE, 0xFFDE, 0xFFDE, 0xFFDE, 0xFFDE,
    0xFFDE, 0xFFDE, 0xFFDE, 0xFFDE, 0xFFDE, 0xFFDE, 0xFFDE, 0xFFDE, 0xFFDE, 0xFFDE, 0xFFDE, 0xFFDE,
    0xFFDE, 0xFFDE, 0xFFDE, 0xFFDE, 0xFFDE, 0xFFDE, 0xFFDE, 0xFFDE, 0xFFDE, 0xFFDE, 0xFFDE, 0xFFDE,
    0xFFDE, 0xFFDE, 0xFFDE, 0xFFDE, 0xFFDE, 0xFFDE, 0xFFDE, 0xDEDA, 0x9410, 0x9C50, 0x9C50, 0x9C70,
    0x9C50, 0x9C71, 0x9450, 0x5A28, 0x49A6, 0x51E7, 0x51C7, 0x41A6, 0x8C0F, 0xFFDE, 0xFFDE, 0xFFDE,
    0xFFDE, 0xFFDE, 0xFFDE, 0xFFDE, 0xFFDE, 0xFFDE, 0xFFDE, 0xFFDE, 0xFFDE, 0xFFDE, 0xFFDE, 0xFFDE,
    0xFFDE, 0xFFDE, 0xFFDE, 0xFFDE, 0xFFDE, 0xFFDE, 0xFFDE, 0xFFDE, 0xFFDE, 0xFFDE, 0xFFDE, 0xFFDE,
    0xFFDE, 0xFFDE, 0xFFDE, 0xFFDE, 0xFFDE, 0xFFDE, 0xFFDE, 0xFFDE, 0xFFDE, 0xFFDE, 0xFFDE, 0xFFDE,
    0xFFDE, 0xFFDE, 0xFFDE, 0xFFDE, 0xFFDE, 0xFFDE, 0xFFDE, 0xFFDE, 0xFFDE, 0xEF3B, 0x5A48, 0x5A07,
    0x5A08, 0x5A07, 0x51C7, 0x51E7, 0x5208, 0x49E7, 0x5208, 0x5228, 0x5A49, 0x5208, 0x8C30, 0xFFDE,
    0xFFDE, 0xFFDE, 0xFFDE, 0xFFDE, 0xFFDE, 0xFFDE, 0xFFDE, 0xFFDE, 0xFFDE, 0xFFDE, 0xFFDE, 0xFFDE,
    0xFFDE, 0xFFDE, 0xFFDE, 0xFFDE, 0xFFDE, 0xFFDE, 0xFFDE, 0xFFDE, 0xFFDE, 0xFFDE, 0xFFDE, 0xFFDE,
    0xFFDE, 0xFFDE, 0xFFDE, 0xFFDE, 0xFFDE, 0xFFDE, 0xFFDE, 0xFFDE, 0xFFDE, 0xFFDE, 0xFFDE, 0xFFDE,
    0xFFDE, 0xFFDE, 0xFFDE, 0xFFDE, 0xFFDE, 0xFFDE, 0xFFDE, 0xFFDE, 0xFFDE, 0xFFDE, 0xFFDE, 0xFFDE,
    0xFFDE, 0xFFDE, 0xFFDE, 0xFFDE, 0xFFDE, 0xFFDE, 0xFFDE, 0xFFDE, 0xFFDE, 0xFFDE, 0xFFDE, 0xFFDE,
    0xFFDE, 0xFFDE, 0xFFDE, 0xFFDE, 0xFFDE, 0xFFDE, 0xFFDE, 0xFFDE, 0xFFDE, 0xFFDE, 0xFFDE, 0xFFDE,
    0xFFDE, 0xFFDE, 0xEF5C, 0x7B6D, 0x4165, 0x5208, 0x51C7, 0x49A6, 0x8C0F, 0xFFDE, 0xFFDE, 0xFFDE,
    0xFFDE, 0xFFDE, 0xFFDE, 0xFFDE, 0xFFDE, 0xFFDE, 0xFFDE, 0xFFDE, 0xFFDE, 0xFFDE, 0xFFDE, 0xFFDE,
    0xFFDE, 0xFFDE, 0xFFDE, 0xFFDE, 0xFFDE, 0xFFDE, 0xFFDE, 0xFFDE, 0xFFDE, 0xFFDE, 0xFFDE, 0xFFDE,
    0xFFDE, 0xFFDE, 0xFFDE, 0xFFDE, 0xFFDE, 0xFFDE, 0xFFDE, 0xFFDE, 0xFFDE, 0xFFDE, 0xFFDE, 0xFFDE,
    0xFFDE, 0xFFDE, 0xFFDE, 0xFFDE, 0xFFDE, 0xFFDE, 0xFFDE, 0xFFDE, 0xFFDE, 0xF73B, 0x5A48, 0x5A07,
    0x5A28, 0x5A28, 0x49A6, 0x836D, 0xDEFB, 0xE6FB, 0xE71B, 0xE71B, 0xE73B, 0xEF3B, 0xFFDE, 0xFFDE,
    0xFFDE, 0xFFDE, 0xFFDE, 0xFFDE, 0xFFDE, 0xFFDE, 0xFFDE, 0xFFDE, 0xFFDE, 0xFFDE, 0xFFDE, 0xFFDE,
    0xFFDE, 0xFFDE, 0xFFDE, 0xFFDE, 0xFFDE, 0xFFDE, 0xFFDE, 0xFFDE, 0xFFDE, 0xFFDE, 0xFFDE, 0xFFDE,
    0xFFDE, 0xFFDE, 0xFFDE, 0xFFDE, 0xFFDE, 0xFFDE, 0xFFDE, 0xFFDE, 0xFFDE, 0xFFDE, 0xFFDE, 0xFFDE,
    0xFFDE, 0xFFDE, 0xFFDE, 0xFFDE, 0xFFDE, 0xFFDE, 0xFFDE, 0xFFDE, 0xFFDE, 0xFFDE, 0xFFDE, 0xFFDE,
    0xFFDE, 0xFFDE, 0xFFDE, 0xFFDE, 0xFFDE, 0xFFDE, 0xFFDE, 0xFFDE, 0xFFDE, 0xFFDE, 0xFFDE, 0xFFDE,
    0xFFDE, 0xFFDE, 0xFFDE, 0xFFDE, 0xFFDE, 0xFFDE, 0xFFDE, 0xFFDE, 0xFFDE, 0xFFDE, 0xFFDE, 0xFFDE,
    0xFFDE, 0xFFDE, 0xFFDE, 0x7B6D, 0x4186, 0x5208, 0x51E7, 0x49A6, 0x8C0F, 0xFFDE, 0xFFDE, 0xFFDE,
    0xFFDE, 0xFFDE, 0xFFDE, 0xFFDE, 0xFFDE, 0xFFDE, 0xFFDE, 0xFFDE, 0xFFDE, 0xFFDE, 0xFFDE, 0xFFDE,
    0xFFDE, 0xFFDE, 0xFFDE, 0xFFDE, 0xFFDE, 0xFFDE, 0xFFDE, 0xFFDE, 0xFFDE, 0xFFDE, 0xFFDE, 0xFFDE,
    0xFFDE, 0xFFDE, 0xFFDE, 0xFFDE, 0xFFDE, 0xFFDE, 0xFFDE, 0xFFDE, 0xFFDE, 0xFFDE, 0xFFDE, 0xFFDE,
    0xFFDE, 0xFFDE, 0xFFDE, 0xFFDE, 0xFFDE, 0xFFDE, 0xFFDE, 0xFFDE, 0xFFDE, 0xF73B, 0x5A48, 0x5A07,
    0x5A28, 0x5A28, 0x49A6, 0x8BCE, 0xFFDE, 0xFFDE, 0xFFDE, 0xFFDE, 0xFFDE, 0xFFDE, 0xFFDE, 0xFFDE,
    0xFFDE, 0xFFDE, 0xFFDE, 0xFFDE, 0xFFDE, 0xFFDE, 0xFFDE, 0xFFDE, 0xFFDE, 0xFFDE, 0xFFDE, 0xFFDE,
    0xFFDE, 0xFFDE, 0xFFDE, 0xFFDE, 0xFFDE, 0xFFDE, 0xFFDE, 0xFFDE, 0xFFDE, 0xFFDE, 0xFFDE, 0xFFDE,
    0xFFDE, 0xFFDE, 0xFFDE, 0xFFDE, 0xFFDE, 0xFFDE, 0xFFDE, 0xFFDE, 0xFFDE, 0xFFDE, 0xFFDE, 0xFFDE,
    0xFFDE, 0xFFDE, 0xFFDE, 0xFFDE, 0xFFDE, 0xFFDE, 0xFFDE, 0xFFDE, 0xFFDE, 0xFFDE, 0xFFDE, 0xFFDE,
    0xFFDE, 0xFFDE, 0xFFDE, 0xFFDE, 0xFFDE, 0xFFDE, 0xFFDE, 0xFFDE, 0xFFDE, 0xFFDE, 0xFFDE, 0xFFDE,
    0xFFDE, 0xFFDE, 0xFFDE, 0xFFDE, 0xFFDE, 0xFFDE, 0xFFDE, 0xFFDE, 0xFFDE, 0xFFDE, 0xFFDE, 0xFFDE,
    0xFFDE, 0xFFDE, 0xFFDE, 0x7B6D, 0x4186, 0x5208, 0x51C7, 0x49A6, 0x8BEF, 0xFFDE, 0xFFDE, 0xFFDE,
    0xFFDE, 0xFFDE, 0xFFDE, 0xFFDE, 0xFFDE, 0xFFDE, 0xFFDE, 0xFFDE, 0xFFDE, 0xFFDE, 0xFFDE, 0xFFDE,
    0xFFDE, 0xFFDE, 0xFFDE, 0xFFDE, 0xFFDE, 0xFFDE, 0xFFDE, 0xFFDE, 0xFFDE, 0xFFDE, 0xFFDE, 0xFFDE,
    0xFFDE, 0xFFDE, 0xFFDE, 0xFFDE, 0xFFDE, 0xFFDE, 0xFFDE, 0xFFDE, 0xFFDE, 0xFFDE, 0xFFDE, 0xFFDE,
    0xFFDE, 0xFFDE, 0xFFDE, 0xFFDE, 0xFFDE, 0xFFDE, 0xFFDE, 0xFFDE, 0xFFDE, 0xF73B, 0x5A48, 0x5A07,
    0x5A28, 0x5A48, 0x51C6, 0x83AE, 0xFFDE, 0xFFDE, 0xFFDE, 0xFFDE, 0xFFDE, 0xFFDE, 0xFFDE, 0xFFDE,
    0xFFDE, 0xFFDE, 0xFFDE, 0xFFDE, 0xFFDE, 0xFFDE, 0xFFDE, 0xFFDE, 0xFFDE, 0xFFDE, 0xFFDE, 0xFFDE,
    0xFFDE, 0xFFDE, 0xFFDE, 0xFFDE, 0xFFDE, 0xFFDE, 0xFFDE, 0xFFDE, 0xFFDE, 0xFFDE, 0xFFDE, 0xFFDE,
    0xFFDE, 0xFFDE, 0xFFDE, 0xFFDE, 0xFFDE, 0xFFDE, 0xFFDE, 0xFFDE, 0xFFDE, 0xFFDE, 0xFFDE, 0xFFDE,
    0xFFDE, 0xFFDE, 0xFFDE, 0xFFDE, 0xFFDE, 0xFFDE, 0xFFDE, 0xFFDE, 0xFFDE, 0xFFDE, 0xFFDE, 0xFFDE,
    0xFFDE, 0xFFDE, 0xFFDE, 0xFFDE, 0xFFDE, 0xFFDE, 0xFFDE, 0xFFDE, 0xFFDE, 0xFFDE, 0xFFDE, 0xFFDE,
    0xFFDE, 0xFFDE, 0xFFDE, 0xFFDE, 0xFFDE, 0xFFDE, 0xFFDE, 0xFFDE, 0xFFDE, 0xFFDE, 0xFFDE, 0xFFDE,
    0xFFDE, 0xFFDE, 0xEF5C, 0x7B6D, 0x4166, 0x5207, 0x49C7, 0x49A6, 0x8BEF, 0xFFDE, 0xFFDE, 0xFFDE,
    0xFFDE, 0xFFDE, 0xFFDE, 0xFFDE, 0xFFDE, 0xFFDE, 0xFFDE, 0xFFDE, 0xFFDE, 0xFFDE, 0xFFDE, 0xFFDE,
    0xFFDE, 0xFFDE, 0xFFDE, 0xFFDE, 0xFFDE, 0xFFDE, 0xFFDE, 0xFFDE, 0xFFDE, 0xFFDE, 0xFFDE, 0xFFDE,
    0xFFDE, 0xFFDE, 0xFFDE, 0xFFDE, 0xFFDE, 0xFFDE, 0xFFDE, 0xFFDE, 0xFFDE, 0xFFDE, 0xFFDE, 0xFFDE,
    0xFFDE, 0xFFDE, 0xFFDE, 0xFFDE, 0xFFDE, 0xFFDE, 0xFFDE, 0xFFDE, 0xFFDE, 0xF73B, 0x5A48, 0x51E7,
    0x5A08, 0x5A48, 0x51C6, 0x83AE, 0xFFDE, 0xFFDE, 0xFFDE, 0xFFDE, 0xFFDE, 0xFFDE, 0xFFDE, 0xFFDE,
    0xFFDE, 0xFFDE, 0xFFDE, 0xFFDE, 0xFFDE, 0xFFDE, 0xFFDE, 0xFFDE, 0xFFDE, 0xFFDE, 0xFFDE, 0xFFDE,
    0xFFDE, 0xFFDE, 0xFFDE, 0xFFDE, 0xFFDE, 0xFFDE, 0xFFDE, 0xFFDE, 0xFFDE, 0xFFDE, 0xFFDE, 0xFFDE,
    0xFFDE, 0xFFDE, 0xFFDE, 0xFFDE, 0xFFDE, 0xFFDE, 0xFFDE, 0xFFDE, 0xFFDE, 0xFFDE, 0xFFDE, 0xFFDE,
    0xFFDE, 0xFFDE, 0xFFDE, 0xFFDE, 0xFFDE, 0xFFDE, 0xFFDE, 0xFFDE, 0xFFDE, 0xFFDE, 0xFFDE, 0xFFDE,
    0xFFDE, 0xFFDE, 0xFFDE, 0xFFDE, 0xFFDE, 0xFFDE, 0xFFDE, 0xFFDE, 0xFFDE, 0xFFDE, 0xFFDE, 0xFFDE,
    0xFFDE, 0xFFDE, 0xFFDE, 0xFFDE, 0xFFDE, 0xFFDE, 0xFFDE, 0xFFDE, 0xFFDE, 0xFFDE, 0xFFDE, 0xFFDE,
    0xFFDE, 0xFFDE, 0xFFDE, 0x7B8D, 0x4165, 0x51E7, 0x49C6, 0x4986, 0x83AD, 0xFFDE, 0xFFDE, 0xFFDE,
    0xFFDE, 0xFFDE, 0xFFDE, 0xFFDE, 0xFFDE, 0xFFDE, 0xFFDE, 0xFFDE, 0xFFDE, 0xFFDE, 0xFFDE, 0xFFDE,
    0xFFDE, 0xFFDE, 0xFFDE, 0xBD53, 0x49C6, 0x6269, 0x5A48, 0x5A28, 0x5A28, 0x5A28, 0x5A28, 0x5A28,
    0x5A28, 0x5A28, 0x5A07, 0x5A07, 0x5A07, 0x51A6, 0xBD31, 0xFF59, 0xF6F7, 0xFF18, 0xFFDE, 0xFFDE,
    0xFFDE, 0xFFDE, 0xFFDE, 0xFFDE, 0xFFDE, 0xFFDE, 0xFFDE, 0xFFDE, 0xFFDE, 0xEF3B, 0x5A28, 0x51E7,
    0x5A07, 0x5A28, 0x51C7, 0x83AE, 0xFFDE, 0xFFDE, 0xFFDE, 0xFFDE, 0xFFDE, 0xFFDE, 0xFFDE, 0xFFDE,
    0xFFDE, 0xFFDE, 0xFFDE, 0xFFDE, 0xFFDE, 0xFFDE, 0xFFDE, 0xFFDE, 0xFFDE, 0xFFDE, 0xFFDE, 0xFFDE,
    0xFFDE, 0xFFDE, 0xFFDE, 0xFFDE, 0xFFDE, 0xFFDE, 0xFFDE, 0xFFDE, 0xFFDE, 0xFFDE, 0xFFDE, 0xFFDE,
    0xFFDE, 0xFFDE, 0xFFDE, 0xFFDE, 0xFFDE, 0xFFDE, 0xFFDE, 0xFFDE, 0xFFDE, 0xFFDE, 0xFFDE, 0xFFDE,
    0xFFDE, 0xFFDE, 0xFFDE, 0xFFDE, 0xFFDE, 0xFFDE, 0xFFDE, 0xFFDE, 0xFFDE, 0xFFDE, 0xFFDE, 0xFFDE,
    0xFFDE, 0xFFDE, 0xFFDE, 0xFFDE, 0xFFDE, 0xFFDE, 0xFFDE, 0xFFDE, 0xFFDE, 0xFFDE, 0xFFDE, 0xFFDE,
    0xFFDE, 0xFFDE, 0xFFDE, 0xFFDE, 0xFFDE, 0xFFDE, 0xFFDE, 0xFFDE, 0xFFDE, 0xFFDE, 0xFFDE, 0xFFDE,
    0xFFDE, 0xFFDE, 0xFFDE, 0x7BAE, 0x4165, 0x51E7, 0x49C7, 0x4186, 0x838D, 0xFFDE, 0xFFDE, 0xFFDE,
    0xFFDE, 0xFFDE, 0xFFDE, 0xFFDE, 0xFFDE, 0xFFDE, 0xFFDE, 0xFFDE, 0xFFDE, 0xFFDE, 0xFFDE, 0xFFDE,
    0xFFDE, 0xFFDE, 0xFFDE, 0xBD53, 0x49A6, 0x6249, 0x5A28, 0x5A28, 0x5A28, 0x5A28, 0x5A28, 0x5A28,
    0x5A08, 0x5A07, 0x5207, 0x51E7, 0x51E7, 0x4965, 0xBCCF, 0xFF37, 0xF6B5, 0xF6B5, 0xFF7A, 0xFFDE,
    0xFFDE, 0xFFDE, 0xFFDE, 0xFFDE, 0xFFDE, 0xFFDE, 0xFFDE, 0xFFDE, 0xFFDE, 0xE6D9, 0x5227, 0x51C7,
    0x51E7, 0x5A28, 0x51C7, 0x838D, 0xFFDE, 0xFFDE, 0xFFDE, 0xFFDE, 0xFFDE, 0xFFDE, 0xFFDE, 0xFFDE,
    0xFFDE, 0xFFDE, 0xFFDE, 0xFFDE, 0xFFDE, 0xFFDE, 0xFFDE, 0xFFDE, 0xFFDE, 0xFFDE, 0xFFDE, 0xFFDE,
    0xFFDE, 0xFFDE, 0xFFDE, 0xFFDE, 0xFFDE, 0xFFDE, 0xFFDE, 0xFFDE, 0xFFDE, 0xFFDE, 0xFFDE, 0xFFDE,
    0xFFDE, 0xFFDE, 0xFFDE, 0xFFDE, 0xFFDE, 0xFFDE, 0xFFDE, 0xFFDE, 0xFFDE, 0xFFDE, 0xFFDE, 0xFFDE,
    0xFFDE, 0xFFDE, 0xFFDE, 0xFFDE, 0xFFDE, 0xFFDE, 0xFFDE, 0xFFDE, 0xFFDE, 0xFFDE, 0xFFDE, 0xFFDE,
    0xFFDE, 0xFFDE, 0xFFDE, 0xFFDE, 0xFFDE, 0xFFDE, 0xFFDE, 0xFFDE, 0xFFDE, 0xFFDE, 0xFFDE, 0xFFDE,
    0xFFDE, 0xFFDE, 0xFFDE, 0xFFDE, 0xFFDE, 0xFFDE, 0xFFDE, 0xFFDE, 0xFFDE, 0xFFDE, 0xFFDE, 0xFFDE,
    0xFFDE, 0xFFDE, 0xFFDE, 0x83AE, 0x4165, 0x5208, 0x51C7, 0x4986, 0x730A, 0xF739, 0xF718, 0xFF38,
    0xFF38, 0xFF38, 0xFF59, 0xFFDE, 0xFFDE, 0xFFDE, 0xFFDE, 0xFFDE, 0xFFDE, 0xFFDE, 0xFFDE, 0xFFDE,
    0xFFDE, 0xFFDE, 0xFFDE, 0xB4D1, 0x59E7, 0x6269, 0x6249, 0x6249, 0x6248, 0x6269, 0x6248, 0x5A48,
    0x5A28, 0x5A28, 0x5A28, 0x5A08, 0x5A08, 0x49A6, 0xB4CF, 0xFF16, 0xF6B5, 0xFEB5, 0xFF59, 0xFFDE,
    0xFFDE, 0xFFDE, 0xFFDE, 0xFFDE, 0xFFDE, 0xFFDE, 0xFF9A, 0xF6F6, 0xEED6, 0xAC8F, 0x51C6, 0x51E7,
    0x51E7, 0x5A28, 0x51C6, 0x838D, 0xFFDE, 0xFFDE, 0xFFDE, 0xFFDE, 0xFFDE, 0xFFDE, 0xFFDE, 0xFFDE,
    0xFFDE, 0xFFDE, 0xFFDE, 0xFFDE, 0xFFDE, 0xFFDE, 0xFFDE, 0xFFDE, 0xFFDE, 0xFFDE, 0xFFDE, 0xFFDE,
    0xFFDE, 0xFFDE, 0xFFDE, 0xFFDE, 0xFFDE, 0xFFDE, 0xFFDE, 0xFFDE, 0xFFDE, 0xFFDE, 0xFFDE, 0xFFDE,
    0xFFDE, 0xFFDE, 0xFFDE, 0xFFDE, 0xFFDE, 0xFFDE, 0xFFDE, 0xFFDE, 0xFFDE, 0xFFDE, 0xFFDE, 0xFFDE,
    0xFFDE, 0xFFDE, 0xFFDE, 0xFFDE, 0xFFDE, 0xFFDE, 0xFFDE, 0xFFDE, 0xFFDE, 0xFFDE, 0xFFDE, 0xFFDE,
    0xFFDE, 0xFFDE, 0xFFDE, 0xFFDE, 0xFFDE, 0xFFDE, 0xFFDE, 0xFFDE, 0xFFDE, 0xFFDE, 0xFFDE, 0xFFDE,
    0xFFDE, 0xFFDE, 0xFFDE, 0xFFDE, 0xFFDE, 0xFFDE, 0xFFDE, 0xFFDE, 0xFFDE, 0xFFDE, 0xFFDE, 0xFFDE,
    0xFFDE, 0xFFDE, 0xFFDE, 0x83CE, 0x4165, 0x5208, 0x51C7, 0x49A6, 0x6A89, 0xE614, 0xEE54, 0xEE74,
    0xF674, 0xF654, 0xF6B6, 0xFFDE, 0xFFDE, 0xFFDE, 0xFFDE, 0xFFDE, 0xFFDE, 0xFFDE, 0xFFDE, 0xF739,
    0xFF38, 0xF6F7, 0xFF38, 0xAC90, 0x51E8, 0x6269, 0x6248, 0x6248, 0x6249, 0x6249, 0x5A48, 0x5A48,
    0x5A28, 0x5A28, 0x5207, 0x5207, 0x5208, 0x49A6, 0xACAF, 0xF6F6, 0xF694, 0xFEB5, 0xFF17, 0xFF9A,
    0xFF9A, 0xFFBA, 0xFF9A, 0xFFDE, 0xFFDE, 0xFFDE, 0xFF9A, 0xF6B5, 0xF694, 0xAC4D, 0x51C6, 0x51E7,
    0x51E7, 0x5A28, 0x51C6, 0x838D, 0xFFDE, 0xFFDE, 0xFFDE, 0xFFDE, 0xFFDE, 0xFFDE, 0xFFDE, 0xFFDE,
    0xFFDE, 0xFFDE, 0xFFDE, 0xFFDE, 0xFFDE, 0xFFDE, 0xFFDE, 0xFFDE, 0xFFDE, 0xFFDE, 0xFFDE, 0xFFDE,
    0xFFDE, 0xFFDE, 0xFFDE, 0xFFDE, 0xFFDE, 0xFFDE, 0xFFDE, 0xFFDE, 0xFFDE, 0xFFDE, 0xFFDE, 0xFFDE,
    0xFFDE, 0xFFDE, 0xFFDE, 0xFFDE, 0xFFDE, 0xFFDE, 0xFFDE, 0xFFDE, 0xFFDE, 0xFFDE, 0xFFDE, 0xFFDE,
    0xFFDE, 0xFFDE, 0xFFDE, 0xFFDE, 0xFFDE, 0xFFDE, 0xFFDE, 0xFFDE, 0xFFDE, 0xFFDE, 0xFFDE, 0xFFDE,
    0xFFDE, 0xFFDE, 0xFFDE, 0xFFDE, 0xFFDE, 0xFFDE, 0xFFDE, 0xFFDE, 0xFFDE, 0xFFDE, 0xFFDE, 0xFFDE,
    0xFFDE, 0xFFDE, 0xFFDE, 0xFFDE, 0xFFDE, 0xFFDE, 0xFFDE, 0xFFDE, 0xFFDE, 0xFFDE, 0xFFDE, 0xFFDE,
    0xFFDE, 0xFFDE, 0xFFDE, 0x8BEF, 0x4165, 0x5A08, 0x51E7, 0x49C7, 0x6A68, 0xE614, 0xF654, 0xEE34,
    0xF654, 0xF634, 0xF6D7, 0xFFDE, 0xFFDE, 0xFFDE, 0xFFDE, 0xFFDE, 0xFFDE, 0xFFDE, 0xFF9A, 0xFF18,
    0xFEF7, 0xF6B5, 0xFF37, 0xB4D0, 0x51C7, 0x6269, 0x5A28, 0x6228, 0x5A28, 0x5A28, 0x5A48, 0x5A28,
    0x5A08, 0x5A08, 0x5207, 0x5207, 0x5A08, 0x49A6, 0xAC8F, 0xF6F6, 0xF694, 0xFEB5, 0xFEF7, 0xFF58,
    0xFF38, 0xFF58, 0xFF58, 0xFF59, 0xFF59, 0xFF7A, 0xFF9A, 0xF6D6, 0xF6B5, 0xBCF0, 0x51E6, 0x59E7,
    0x51E7, 0x5A28, 0x51C6, 0x838D, 0xFFDE, 0xFFDE, 0xFFDE, 0xFFDE, 0xFFDE, 0xFFDE, 0xFFDE, 0xFFDE,
    0xFFDE, 0xFFDE, 0xFFDE, 0xFFDE, 0xFFDE, 0xFFDE, 0xFFDE, 0xFFDE, 0xFFDE, 0xFFDE, 0xFFDE, 0xFFDE,
    0xFFDE, 0xFFDE, 0xFFDE, 0xFFDE, 0xFFDE, 0xFFDE, 0xFFDE, 0xFFDE, 0xFFDE, 0xFFDE, 0xFFDE, 0xFFDE,
    0xFFDE, 0xFFDE, 0xFFDE, 0xFFDE, 0xFFDE, 0xFFDE, 0xFFDE, 0xFFDE, 0xFFDE, 0xFFDE, 0xFFDE, 0xFFDE,
    0xFFDE, 0xFFDE, 0xFFDE, 0xFFDE, 0xFFDE, 0xFFDE, 0xFFDE, 0xFFDE, 0xFFDE, 0xFFDE, 0xFFDE, 0xFFDE,
    0xFFDE, 0xFFDE, 0xFFDE, 0xFFDE, 0xFFDE, 0xFFDE, 0xFFDE, 0xFFDE, 0xFFDE, 0xFFDE, 0xFFDE, 0xFFDE,
    0xFFDE, 0xFFDE, 0xFFDE, 0xFFDE, 0xFFDE, 0xFFDE, 0xFFDE, 0xFFDE, 0xFFDE, 0xFFDE, 0xFFDE, 0xFFDE,
    0xFFDE, 0xFFDE, 0xFFDE, 0x8C0F, 0x4185, 0x5A28, 0x5207, 0x51E7, 0x6AA9, 0xEE54, 0xF674, 0xEE54,
    0xEE54, 0xEE54, 0xF6F7, 0xFFDE, 0xFFDE, 0xFFDE, 0xFF7A, 0xFF7A, 0xFF7A, 0xFF7A, 0xFF9A, 0xFF38,
    0xF6D6, 0xEE74, 0xFEF6, 0xB4D0, 0x51E8, 0x6269, 0x5A28, 0x6ACA, 0x838D, 0x7B4D, 0x7B2C, 0x72EB,
    0x6ACA, 0x5A28, 0x5208, 0x5228, 0x5A08, 0x49A6, 0xAC8F, 0xF6D6, 0xF694, 0xF695, 0xF6F6, 0xFF38,
    0xFF17, 0xFF38, 0xFF38, 0xFF38, 0xFF38, 0xFF39, 0xFF79, 0xF6B6, 0xEE75, 0xC510, 0x59E7, 0x59E7,
    0x51E7, 0x5A28, 0x51C6, 0x838D, 0xFFDE, 0xFFDE, 0xFFDE, 0xFFDE, 0xFFDE, 0xFFDE, 0xFFDE, 0xFFDE,
    0xFFDE, 0xFFDE, 0xFFDE, 0xFFDE, 0xFFDE, 0xFFDE, 0xFFDE, 0xFFDE, 0xFFDE, 0xFFDE, 0xFFDE, 0xFFDE,
    0xFFDE, 0xFFDE, 0xFFDE, 0xFFDE, 0xFFDE, 0xFFDE, 0xFFDE, 0xFFDE, 0xFFDE, 0xFFDE, 0xFFDE, 0xFFDE,
    0xFFDE, 0xFFDE, 0xFFDE, 0xFFDE, 0xFFDE, 0xFFDE, 0xFFDE, 0xFFDE, 0xFFDE, 0xFFDE, 0xFFDE, 0xFFDE,
    0xFFDE, 0xFFDE, 0xFFDE, 0xFFDE, 0xFFDE, 0xFFDE, 0xFFDE, 0xFFDE, 0xFFDE, 0xFFDE, 0xFFDE, 0xFFDE,
    0xFFDE, 0xFFDE, 0xFFDE, 0xFFDE, 0xFFDE, 0xFFDE, 0xFFDE, 0xFFDE, 0xFFDE, 0xFFDE, 0xFFDE, 0xFFDE,
    0xFFDE, 0xFFDE, 0xFFDE, 0xFFDE, 0xFFDE, 0xFFDE, 0xFFDE, 0xFFDE, 0xFFDE, 0xFFDE, 0xFFDE, 0xFFDE,
    0xFFDE, 0xFFDE, 0xFFDE, 0x9450, 0x49C6, 0x6269, 0x5A28, 0x5A28, 0x72CA, 0xEE55, 0xEE54, 0xEE54,
    0xEE74, 0xEE54, 0xF6D7, 0xF77A, 0xF77A, 0xF77A, 0xF77A, 0xF77A, 0xF77A, 0xF75A, 0xF77A, 0xF738,
    0xF6D6, 0xEE33, 0xFEB5, 0xB4D0, 0x49C7, 0x628A, 0x5A28, 0x628A, 0xB533, 0xC5B6, 0xC5D6, 0xC5D6,
    0x7B8D, 0x5A48, 0x5A49, 0x5A48, 0x5A28, 0x49A6, 0xA46F, 0xF6D6, 0xF694, 0xF6B5, 0xF6F6, 0xFF58,
    0xFF38, 0xFF58, 0xF758, 0xFF59, 0xFF59, 0xFF79, 0xFF9A, 0xF6B6, 0xEE54, 0xCD71, 0x6228, 0x6228,
    0x6248, 0x6269, 0x5A07, 0x8BCE, 0xFFDE, 0xFFDE, 0xFFDE, 0xFFDE, 0xFFDE, 0xFFDE, 0xFFDE, 0xFFDE,
    0xFFDE, 0xFFDE, 0xFFDE, 0xFFDE, 0xFFDE, 0xFFDE, 0xFFDE, 0xFFDE, 0xFFDE, 0xFFDE, 0xFFDE, 0xFFDE,
    0xFFDE, 0xFFDE, 0xFFDE, 0xFFDE, 0xFFDE, 0xFFDE, 0xFFDE, 0xFFDE, 0xFFDE, 0xFFDE, 0xFFDE, 0xFFDE,
    0xFFDE, 0xFFDE, 0xFFDE, 0xFFDE, 0xFFDE, 0xFFDE, 0xFFDE, 0xFFDE, 0xFFDE, 0xFFDE, 0xFFDE, 0xFFDE,
    0xFFDE, 0xFFDE, 0xFFDE, 0xFFDE, 0xFFDE, 0xFFDE, 0xFFDE, 0xFFDE, 0xFFDE, 0xFFDE, 0xFFDE, 0xFFDE,
    0xFFDE, 0xFFDE, 0xFFDE, 0xFFDE, 0xFFDE, 0xFFDE, 0xFFDE, 0xFFDE, 0xFFDE, 0xFFDE, 0xFFDE, 0xFFDE,
    0xFFDE, 0xFFDE, 0xFFDE, 0xFFDE, 0xFFDE, 0xFFDE, 0xFFDE, 0xFFDE, 0xFFDE, 0xFFDE, 0xFFDE, 0xFFDE,
    0xFFDE, 0xFFDE, 0xFFDE, 0x8C0F, 0x30C3, 0x51C7, 0x4985, 0x4165, 0x5A27, 0xEE96, 0xFF17, 0xF6D6,
    0xFEB6, 0xF6B6, 0xFF59, 0xFFDE, 0xFFDE, 0xFFDE, 0xFFDE, 0xFFDE, 0xFFDE, 0xFFBA, 0xFFBA, 0xFF99,
    0xFF37, 0xE613, 0xE5F3, 0xB4B0, 0x4166, 0x51E7, 0x5A48, 0x7B6D, 0xD657, 0xEF5B, 0xFFDE, 0xFFDE,
    0x83CE, 0x41A6, 0x41A6, 0x4186, 0x49C6, 0x49C6, 0xB4D0, 0xFF17, 0xF6B6, 0xF6D6, 0xFF17, 0xFF58,
    0xFF58, 0xFF58, 0xFF58, 0xFF59, 0xFF79, 0xFF79, 0xFF99, 0xEE75, 0xDDF3, 0xD5B2, 0x51C6, 0x4965,
    0x4985, 0x5186, 0x4144, 0x7B4C, 0xFFDE, 0xFFDE, 0xFFDE, 0xFFDE, 0xFFDE, 0xFFDE, 0xFFDE, 0xFFDE,
    0xFFDE, 0xFFDE, 0xFFDE, 0xFFDE, 0xFFDE, 0xFFDE, 0xFFDE, 0xFFDE, 0xFFDE, 0xFFDE, 0xFFDE, 0xFFDE,
    0xFFDE, 0xFFDE, 0xFFDE, 0xFFDE, 0xFFDE, 0xFFDE, 0xFFDE, 0xFFDE, 0xFFDE, 0xFFDE, 0xFFDE, 0xFFDE,
    0xFFDE, 0xFFDE, 0xFFDE, 0xFFDE, 0xFFDE, 0xFFDE, 0xFFDE, 0xFFDE, 0xFFDE, 0xFFDE, 0xFFDE, 0xFFDE,
    0xFFDE, 0xFFDE, 0xFFDE, 0xFFDE, 0xFFDE, 0xFFDE, 0xFFDE, 0xFFDE, 0xFFDE, 0xFFDE, 0xFFDE, 0xFFDE,
    0xFFDE, 0xFFDE, 0xFFDE, 0xFFDE, 0xFFDE, 0xFFDE, 0xFFDE, 0xFFDE, 0xFFDE, 0xFFDE, 0xFFDE, 0xFFDE,
    0xFFDE, 0xFFDE, 0xFFDE, 0xFFDE, 0xFFDE, 0xFFDE, 0xFFDE, 0xFFDE, 0xFFDE, 0xFFDE, 0xFFDE, 0xFFDE,
    0xFFDE, 0xFFDE, 0xFFDE, 0xCE37, 0x9C91, 0xAD13, 0xAD13, 0xAD33, 0xB554, 0xA4B1, 0x93AD, 0x93CD,
    0x93CD, 0x93CD, 0x9C2E, 0x9C4F, 0xA44F, 0x9C2F, 0x9C2F, 0x9C2E, 0x9C0E, 0x9BEE, 0x93ED, 0x93ED,
    0x93CC, 0x834B, 0x7AEA, 0x72A9, 0x9430, 0xBD94, 0xC5F6, 0xE6DA, 0xFFDE, 0xFFDE, 0xFFDE, 0xFFDE,
    0xDEB9, 0xB553, 0xA512, 0xB553, 0x7B6C, 0x49A6, 0x72EA, 0x836C, 0x834B, 0x836C, 0x8B6C, 0x8B8C,
    0x8B8C, 0x8BAC, 0x8BAC, 0x93AD, 0x93AD, 0x93AD, 0x93AD, 0x8B6C, 0x832B, 0x93AC, 0x940F, 0x9C70,
    0x9C91, 0xA491, 0xA470, 0xBD54, 0xFFDE, 0xFFDE, 0xFFDE, 0xFFDE, 0xFFDE, 0xFFDE, 0xFFDE, 0xFFDE,
    0xFFDE, 0xFFDE, 0xFFDE, 0xFFDE, 0xFFDE, 0xFFDE, 0xFFDE, 0xFFDE, 0xFFDE, 0xFFDE, 0xFFDE, 0xFFDE,
    0xFFDE, 0xFFDE, 0xFFDE, 0xFFDE, 0xFFDE, 0xFFDE, 0xFFDE, 0xFFDE, 0xFFDE, 0xFFDE, 0xFFDE, 0xFFDE,
    0xFFDE, 0xFFDE, 0xFFDE, 0xFFDE, 0xFFDE, 0xFFDE, 0xFFDE, 0xFFDE, 0xFFDE, 0xFFDE, 0xFFDE, 0xFFDE,
    0xFFDE, 0xFFDE, 0xFFDE, 0xFFDE, 0xFFDE, 0xFFDE, 0xFFDE, 0xFFDE, 0xFFDE, 0xFFDE, 0xFFDE, 0xFFDE,
    0xFFDE, 0xFFDE, 0xFFDE, 0xFFDE, 0xFFDE, 0xFFDE, 0xFFDE, 0xFFDE, 0xFFDE, 0xFFDE, 0xFFDE, 0xFFDE,
    0xFFDE, 0xFFDE, 0xFFDE, 0xFFDE, 0xFFDE, 0xFFDE, 0xFFDE, 0xFFDE, 0xFFDE, 0xFFDE, 0xFFDE, 0xFFDE,
    0xFFDE, 0xFFDE, 0xFFDE, 0xFFDE, 0xFFDE, 0xFFDE, 0xFFDE, 0xFFDE, 0xFFDE, 0x8C0F, 0x4986, 0x6248,
    0x5A08, 0x5A08, 0x5A07, 0x59E7, 0x59E7, 0x59E7, 0x59E7, 0x59E7, 0x59C7, 0x59C7, 0x51C6, 0x51A6,
    0x51C6, 0x51C7, 0x51C7, 0x51C7, 0xD698, 0xFFDE, 0xFFDE, 0xFFDE, 0xFFDE, 0xFFDE, 0xFFDE, 0xFFDE,
    0xFFDE, 0xFFDE, 0xFFDE, 0xFFDE, 0x9C90, 0x4185, 0x51E7, 0x49A6, 0x49A6, 0x51C6, 0x51A6, 0x51C6,
    0x51C7, 0x51C7, 0x51C7, 0x59E7, 0x59E7, 0x59E7, 0x59E7, 0x5A08, 0x6228, 0x6AAA, 0xEF3C, 0xFFDE,
    0xFFDE, 0xFFDE, 0xFFDE, 0xFFDE, 0xFFDE, 0xFFDE, 0xFFDE, 0xFFDE, 0xFFDE, 0xFFDE, 0xFFDE, 0xFFDE,
    0xFFDE, 0xFFDE, 0xFFDE, 0xFFDE, 0xFFDE, 0xFFDE, 0xFFDE, 0xFFDE, 0xFFDE, 0xFFDE, 0xFFDE, 0xFFDE,
    0xFFDE, 0xFFDE, 0xFFDE, 0xFFDE, 0xFFDE, 0xFFDE, 0xFFDE, 0xFFDE, 0xFFDE, 0xFFDE, 0xFFDE, 0xFFDE,
    0xFFDE, 0xFFDE, 0xFFDE, 0xFFDE, 0xFFDE, 0xFFDE, 0xFFDE, 0xFFDE, 0xFFDE, 0xFFDE, 0xFFDE, 0xFFDE,
    0xFFDE, 0xFFDE, 0xFFDE, 0xFFDE, 0xFFDE, 0xFFDE, 0xFFDE, 0xFFDE, 0xFFDE, 0xFFDE, 0xFFDE, 0xFFDE,
    0xFFDE, 0xFFDE, 0xFFDE, 0xFFDE, 0xFFDE, 0xFFDE, 0xFFDE, 0xFFDE, 0xFFDE, 0xFFDE, 0xFFDE, 0xFFDE,
    0xFFDE, 0xFFDE, 0xFFDE, 0xFFDE, 0xFFDE, 0xFFDE, 0xFFDE, 0xFFDE, 0xFFDE, 0xFFDE, 0xFFDE, 0xFFDE,
    0xFFDE, 0xFFDE, 0xFFDE, 0xFFDE, 0xFFDE, 0xFFDE, 0xFFDE, 0xFFDE, 0xFFDE, 0x942F, 0x51E7, 0x6A89,
    0x6248, 0x6268, 0x6248, 0x6248, 0x6248, 0x6248, 0x6248, 0x6248, 0x6248, 0x6248, 0x5A28, 0x5A28,
    0x5A28, 0x5A28, 0x5A48, 0x5A27, 0xD678, 0xFFDE, 0xFFDE, 0xFFDE, 0xFFDE, 0xFFDE, 0xFFDE, 0xFFDE,
    0xFFDE, 0xFFDE, 0xFFDE, 0xFFDE, 0x8C0E, 0x51E7, 0x6268, 0x6248, 0x5A48, 0x5A48, 0x6248, 0x6248,
    0x6269, 0x6269, 0x6A69, 0x6A89, 0x6A89, 0x6A89, 0x6A8A, 0x72AA, 0x72AA, 0x730B, 0xFFDE, 0xFFDE,
    0xFFDE, 0xFFDE, 0xFFDE, 0xFFDE, 0xFFDE, 0xFFDE, 0xFFDE, 0xFFDE, 0xFFDE, 0xFFDE, 0xFFDE, 0xFFDE,
    0xFFDE, 0xFFDE, 0xFFDE, 0xFFDE, 0xFFDE, 0xFFDE, 0xFFDE, 0xFFDE, 0xFFDE, 0xFFDE, 0xFFDE, 0xFFDE,
    0xFFDE, 0xFFDE, 0xFFDE, 0xFFDE, 0xFFDE, 0xFFDE, 0xFFDE, 0xFFDE, 0xFFDE, 0xFFDE, 0xFFDE, 0xFFDE,
    0xFFDE, 0xFFDE, 0xFFDE, 0xFFDE, 0xFFDE, 0xFFDE, 0xFFDE, 0xFFDE, 0xFFDE, 0xFFDE, 0xFFDE, 0xFFDE,
    0xFFDE, 0xFFDE, 0xFFDE, 0xFFDE, 0xFFDE, 0xFFDE, 0xFFDE, 0xFFDE, 0xFFDE, 0xFFDE, 0xFFDE, 0xFFDE,
    0xFFDE, 0xFFDE, 0xFFDE, 0xFFDE, 0xFFDE, 0xFFDE, 0xFFDE, 0xFFDE, 0xFFDE, 0xFFDE, 0xFFDE, 0xFFDE,
    0xFFDE, 0xFFDE, 0xFFDE, 0xFFDE, 0xFFDE, 0xFFDE, 0xFFDE, 0xFFDE, 0xFFDE, 0xFFDE, 0xFFDE, 0xFFDE,
    0xFFDE, 0xFFDE, 0xFFDE, 0xFFDE, 0xFFDE, 0xFFDE, 0xFFDE, 0xFFDE, 0xFFDE, 0x942F, 0x5A07, 0x72CA,
    0x6A89, 0x6A89, 0x6A89, 0x6A89, 0x6A89, 0x6A89, 0x6A89, 0x6A89, 0x6A89, 0x6269, 0x6269, 0x6269,
    0x6269, 0x6269, 0x6A89, 0x6248, 0xCE57, 0xFFDE, 0xFFDE, 0xFFDE, 0xFFDE, 0xFFDE, 0xFFDE, 0xFFDE,
    0xFFDE, 0xFFDE, 0xFFDE, 0xFFDE, 0x730B, 0x4185, 0x5207, 0x51E7, 0x51E7, 0x5207, 0x5A07, 0x5A07,
    0x5A07, 0x5A28, 0x6228, 0x6228, 0x6228, 0x6228, 0x6228, 0x6248, 0x6248, 0x6228, 0xE6FA, 0xFFDE,
    0xFFDE, 0xFFDE, 0xFFDE, 0xFFDE, 0xFFDE, 0xFFDE, 0xFFDE, 0xFFDE, 0xFFDE, 0xFFDE, 0xFFDE, 0xFFDE,
    0xFFDE, 0xFFDE, 0xFFDE, 0xFFDE, 0xFFDE, 0xFFDE, 0xFFDE, 0xFFDE, 0xFFDE, 0xFFDE, 0xFFDE, 0xFFDE,
    0xFFDE, 0xFFDE, 0xFFDE, 0xFFDE, 0xFFDE, 0xFFDE, 0xFFDE, 0xFFDE, 0xFFDE, 0xFFDE, 0xFFDE, 0xFFDE,
    0xFFDE, 0xFFDE, 0xFFDE, 0xFFDE, 0xFFDE, 0xFFDE, 0xFFDE, 0xFFDE, 0xFFDE, 0xFFDE, 0xFFDE, 0xFFDE,
    0xFFDE, 0xFFDE, 0xFFDE, 0xFFDE, 0xFFDE, 0xFFDE, 0xFFDE, 0xFFDE, 0xFFDE, 0xFFDE, 0xFFDE, 0xFFDE,
    0xFFDE, 0xFFDE, 0xFFDE, 0xFFDE, 0xFFDE, 0xFFDE, 0xFFDE, 0xFFDE, 0xFFDE, 0xFFDE, 0xFFDE, 0xFFDE,
    0xFFDE, 0xFFDE, 0xFFDE, 0xFFDE, 0xFFDE, 0xFFDE, 0xFFDE, 0xFFDE, 0xFFDE, 0xFFDE, 0xFFDE, 0xFFDE,
    0xFFDE, 0xFFDE, 0xFFDE, 0xFFDE, 0xFFDE, 0xFFDE, 0xFFDE, 0xFFDE, 0xFFDE, 0x7B6C, 0x3924, 0x59E7,
    0x51A6, 0x51A6, 0x51A6, 0x51A6, 0x51C6, 0x51C6, 0x51C6, 0x51C6, 0x51C6, 0x51C6, 0x51C6, 0x51C6,
    0x51C6, 0x51C6, 0x51A6, 0x4144, 0xC5D6, 0xFFDE, 0xFFDE, 0xFFDE, 0xFFDE, 0xFFDE, 0xFFDE, 0xFFDE,
    0xFFDE, 0xFFDE, 0xFFDE, 0xFFDE, 0x8C0E, 0x6268, 0x6AA9, 0x6AA9, 0x6AA9, 0x6AAA, 0x6AAA, 0x6AAA,
    0x6AAA, 0x6AAA, 0x6ACA, 0x72CA, 0x72CA, 0x72CA, 0x72CB, 0x7AEB, 0x7B0B, 0x7B2C, 0xEF1B, 0xFFDE,
    0xFFDE, 0xFFDE, 0xFFDE, 0xFFDE, 0xFFDE, 0xFFDE, 0xFFDE, 0xFFDE, 0xFFDE, 0xFFDE, 0xFFDE, 0xFFDE,
    0xFFDE, 0xFFDE, 0xFFDE, 0xFFDE, 0xFFDE, 0xFFDE, 0xFFDE, 0xFFDE, 0xFFDE, 0xFFDE, 0xFFDE, 0xFFDE,
    0xFFDE, 0xFFDE, 0xFFDE, 0xFFDE, 0xFFDE, 0xFFDE, 0xFFDE, 0xFFDE, 0xFFDE, 0xFFDE, 0xFFDE, 0xFFDE,
    0xFFDE, 0xFFDE, 0xFFDE, 0xFFDE, 0xFFDE, 0xFFDE, 0xFFDE, 0xFFDE, 0xFFDE, 0xFFDE, 0xFFDE, 0xFFDE,
    0xFFDE, 0xFFDE, 0xFFDE, 0xFFDE, 0xFFDE, 0xFFDE, 0xFFDE, 0xFFDE, 0xFFDE, 0xFFDE, 0xFFDE, 0xFFDE,
    0xFFDE, 0xFFDE, 0xFFDE, 0xFFDE, 0xFFDE, 0xFFDE, 0xFFDE, 0xFFDE, 0xFFDE, 0xFFDE, 0xFFDE, 0xFFDE,
    0xFFDE, 0xFFDE, 0xFFDE, 0xFFDE, 0xFFDE, 0xFFDE, 0xFFDE, 0xFFDE, 0xFFDE, 0xFFDE, 0xFFDE, 0xFFDE,
    0xFFDE, 0xFFDE, 0xFFDE, 0xFFDE, 0xFFDE, 0xFFDE, 0xFFDE, 0xFFDE, 0xFFDE, 0xAD13, 0x8BCE, 0x9C50,
    0x942F, 0x942F, 0x940F, 0x940F, 0x940F, 0x940F, 0x940F, 0x942F, 0x942F, 0x9430, 0x9C50, 0x9C70,
    0x9C91, 0xA491, 0xA491, 0x9C50, 0xDEB9, 0xFFDE, 0xFFDE, 0xFFDE, 0xFFDE, 0xFFDE, 0xFFDE, 0xFFDE,
    0xFFDE, 0xFFDE, 0xFFDE, 0xFFDE, 0xE71B, 0xD699, 0xD699, 0xDE99, 0xDE99, 0xDE99, 0xD699, 0xD699,
    0xDE99, 0xDE99, 0xDE99, 0xDE99, 0xDE99, 0xDEB9, 0xDEB9, 0xDEB9, 0xDEBA, 0xE6FA, 0xFFDE, 0xFFDE,
    0xFFDE, 0xFFDE, 0xFFDE, 0xFFDE, 0xFFDE, 0xFFDE, 0xFFDE, 0xFFDE, 0xFFDE, 0xFFDE, 0xFFDE, 0xFFDE,
    0xFFDE, 0xFFDE, 0xFFDE, 0xFFDE, 0xFFDE, 0xFFDE, 0xFFDE, 0xFFDE, 0xFFDE, 0xFFDE, 0xFFDE, 0xFFDE,
    0xFFDE, 0xFFDE, 0xFFDE, 0xFFDE, 0xFFDE, 0xFFDE, 0xFFDE, 0xFFDE, 0xFFDE, 0xFFDE, 0xFFDE, 0xFFDE,
    0xFFDE, 0xFFDE, 0xFFDE, 0xFFDE, 0xFFDE, 0xFFDE, 0xFFDE, 0xFFDE, 0xFFDE, 0xFFDE, 0xFFDE, 0xFFDE,
};

#endif
